{"type": "Feature", "properties": { "height": 4.334762096405029, "confidence": -1.0},"geometry": {"type": "Polygon","coordinates": [[[-106.91180037952577, 47.320751466094514], [-106.91159416282609, 47.32075691574943], [-106.91160836176103, 47.32100382217666], [-106.91181457846068, 47.32099837254721], [-106.91180037952577, 47.320751466094514]]]}}
{"type": "Feature", "properties": { "height": -1.0, "confidence": -1.0},"geometry": {"type": "Polygon","coordinates": [[[-106.913081, 47.314914], [-106.913084, 47.314951], [-106.912945, 47.314957], [-106.912948, 47.314988], [-106.913188, 47.314977], [-106.913181, 47.31491], [-106.913081, 47.314914]]]}}
{"type": "Feature", "properties": { "height": 3.5779387950897217, "confidence": -1.0},"geometry": {"type": "Polygon","coordinates": [[[-106.91570184052914, 47.32090151837828], [-106.91569902105806, 47.32080074857432], [-106.91556764008008, 47.32080243781438], [-106.9155704597255, 47.320903213846194], [-106.91570184052914, 47.32090151837828]]]}}
{"type": "Feature", "properties": { "height": -1.0, "confidence": -1.0},"geometry": {"type": "Polygon","coordinates": [[[-107.13953445977342, 47.20273092268704], [-107.13961090149043, 47.20275373874529], [-107.13963126652355, 47.20272224429987], [-107.13955482677662, 47.20269942518132], [-107.13953445977342, 47.20273092268704]]]}}
{"type": "Feature", "properties": { "height": -1.0, "confidence": -1.0},"geometry": {"type": "Polygon","coordinates": [[[-107.17762771749724, 47.17285273264233], [-107.17767592314425, 47.17296336885494], [-107.17794083340844, 47.17291004227439], [-107.17790797306212, 47.17283460700499], [-107.17787344946225, 47.17284155663735], [-107.17785811463398, 47.17280635347957], [-107.17762771749724, 47.17285273264233]]]}}
{"type": "Feature", "properties": { "height": -1.0, "confidence": -1.0},"geometry": {"type": "Polygon","coordinates": [[[-107.381899, 47.406312], [-107.381812, 47.406366], [-107.38186, 47.406401], [-107.381947, 47.406346], [-107.381899, 47.406312]]]}}
{"type": "Feature", "properties": { "height": -1.0, "confidence": -1.0},"geometry": {"type": "Polygon","coordinates": [[[-107.395006, 47.411018], [-107.395, 47.411086], [-107.395068, 47.411089], [-107.395063, 47.411147], [-107.395115, 47.411149], [-107.395112, 47.41119], [-107.395397, 47.411201], [-107.395401, 47.411143], [-107.395424, 47.411144], [-107.395432, 47.411055], [-107.395351, 47.411052], [-107.395353, 47.411039], [-107.395206, 47.411033], [-107.395206, 47.411025], [-107.395006, 47.411018]]]}}
{"type": "Feature", "properties": { "height": -1.0, "confidence": -1.0},"geometry": {"type": "Polygon","coordinates": [[[-107.467513, 47.354061], [-107.467505, 47.353981], [-107.467454, 47.353984], [-107.467449, 47.353939], [-107.467244, 47.353948], [-107.467257, 47.354073], [-107.467513, 47.354061]]]}}
{"type": "Feature", "properties": { "height": -1.0, "confidence": -1.0},"geometry": {"type": "Polygon","coordinates": [[[-107.564818, 47.279814], [-107.564731, 47.279824], [-107.564757, 47.279931], [-107.564844, 47.279922], [-107.564818, 47.279814]]]}}
{"type": "Feature", "properties": { "height": 2.5625979900360107, "confidence": -1.0},"geometry": {"type": "Polygon","coordinates": [[[-106.90285957051047, 47.31899266332584], [-106.9028624010215, 47.31906716466253], [-106.90296425739606, 47.319065386219805], [-106.90296142688504, 47.3189908848806], [-106.90285957051047, 47.31899266332584]]]}}
{"type": "Feature", "properties": { "height": -1.0, "confidence": -1.0},"geometry": {"type": "Polygon","coordinates": [[[-106.90303830178031, 47.31990192801151], [-106.90303920284819, 47.32008375376332], [-106.90311162167428, 47.32008358883766], [-106.90311112608696, 47.319983584751306], [-106.90314599441062, 47.31998350534249], [-106.90314580518634, 47.319945321914055], [-106.90311361904143, 47.31994539521454], [-106.90311340278515, 47.31990175697691], [-106.90303830178031, 47.31990192801151]]]}}
{"type": "Feature", "properties": { "height": 2.882375955581665, "confidence": -1.0},"geometry": {"type": "Polygon","coordinates": [[[-106.90862369994659, 47.3194270889821], [-106.90878183276347, 47.31942416289325], [-106.90877930637893, 47.31936125662813], [-106.90873106237686, 47.319362147046995], [-106.90872957546802, 47.319325123400645], [-106.9086196865614, 47.319327156788255], [-106.90862369994659, 47.3194270889821]]]}}
{"type": "Feature", "properties": { "height": 3.1953091621398926, "confidence": -1.0},"geometry": {"type": "Polygon","coordinates": [[[-106.90951289857591, 47.32118605373855], [-106.90962964213305, 47.32118739967828], [-106.90963438360886, 47.32099762937528], [-106.90951765950001, 47.32099628919286], [-106.90951289857591, 47.32118605373855]]]}}
{"type": "Feature", "properties": { "height": 3.6437366008758545, "confidence": -1.0},"geometry": {"type": "Polygon","coordinates": [[[-106.91369681871676, 47.32508416494048], [-106.9136934734423, 47.32500151485821], [-106.91348977848982, 47.32500529329419], [-106.91349312415512, 47.32508795302679], [-106.91369681871676, 47.32508416494048]]]}}
{"type": "Feature", "properties": { "height": -1.0, "confidence": -1.0},"geometry": {"type": "Polygon","coordinates": [[[-106.890561, 47.332147], [-106.890544, 47.332103], [-106.89048, 47.332115], [-106.890497, 47.332158], [-106.890561, 47.332147]]]}}
{"type": "Feature", "properties": { "height": -1.0, "confidence": -1.0},"geometry": {"type": "Polygon","coordinates": [[[-106.90777377084164, 47.31613937415387], [-106.9077214394314, 47.316144993358876], [-106.90773594429335, 47.31620708019575], [-106.9077882757036, 47.31620146099735], [-106.90777377084164, 47.31613937415387]]]}}
{"type": "Feature", "properties": { "height": 2.9573497772216797, "confidence": -1.0},"geometry": {"type": "Polygon","coordinates": [[[-106.90967495392916, 47.321521152821134], [-106.9096777511592, 47.32134407505502], [-106.90950342756246, 47.32134280964072], [-106.90950270959821, 47.32138826019896], [-106.90956439333246, 47.32138870796056], [-106.90956231415106, 47.32152032982806], [-106.90967495392916, 47.321521152821134]]]}}
{"type": "Feature", "properties": { "height": 2.873422145843506, "confidence": -1.0},"geometry": {"type": "Polygon","coordinates": [[[-106.91066253287505, 47.322481079010146], [-106.91086635889062, 47.32247964782072], [-106.91086484299097, 47.322380444132364], [-106.91066101682765, 47.322381865655274], [-106.91066253287505, 47.322481079010146]]]}}
{"type": "Feature", "properties": { "height": 4.178884506225586, "confidence": -1.0},"geometry": {"type": "Polygon","coordinates": [[[-106.91286297266137, 47.32329524453515], [-106.91299165374369, 47.32329720423164], [-106.91299454474505, 47.32320997629977], [-106.91286586366273, 47.32320801660003], [-106.91286297266137, 47.32329524453515]]]}}
{"type": "Feature", "properties": { "height": 5.1576690673828125, "confidence": -1.0},"geometry": {"type": "Polygon","coordinates": [[[-106.91635069406577, 47.36283322327202], [-106.91635428378702, 47.36292322684587], [-106.91665065424888, 47.36291781757473], [-106.91664707326215, 47.36282779978174], [-106.91635069406577, 47.36283322327202]]]}}
{"type": "Feature", "properties": { "height": -1.0, "confidence": -1.0},"geometry": {"type": "Polygon","coordinates": [[[-107.31049584906776, 47.17031447018509], [-107.31050003194018, 47.170406391922405], [-107.31064205310693, 47.17040340517857], [-107.31063787054171, 47.170311490187], [-107.31049584906776, 47.17031447018509]]]}}
{"type": "Feature", "properties": { "height": -1.0, "confidence": -1.0},"geometry": {"type": "Polygon","coordinates": [[[-107.466231, 47.286682], [-107.466296, 47.286682], [-107.466296, 47.286635], [-107.466231, 47.286635], [-107.466231, 47.286682]]]}}
{"type": "Feature", "properties": { "height": -1.0, "confidence": -1.0},"geometry": {"type": "Polygon","coordinates": [[[-107.488235, 47.508009], [-107.488184, 47.507996], [-107.488158, 47.508043], [-107.488209, 47.508056], [-107.488235, 47.508009]]]}}
{"type": "Feature", "properties": { "height": -1.0, "confidence": -1.0},"geometry": {"type": "Polygon","coordinates": [[[-107.4940032792267, 47.09581993226527], [-107.49402042245683, 47.09587401934207], [-107.4941229377998, 47.095858960425346], [-107.49410579456968, 47.09580487333326], [-107.4940032792267, 47.09581993226527]]]}}
{"type": "Feature", "properties": { "height": 3.404890537261963, "confidence": -1.0},"geometry": {"type": "Polygon","coordinates": [[[-106.90548305943862, 47.32350231331627], [-106.90548439711418, 47.323586991059855], [-106.9056784863168, 47.32358559143497], [-106.90567715723876, 47.32350090441865], [-106.90548305943862, 47.32350231331627]]]}}
{"type": "Feature", "properties": { "height": -1.0, "confidence": -1.0},"geometry": {"type": "Polygon","coordinates": [[[-106.907819, 47.316549], [-106.907821, 47.316489], [-106.907778, 47.316489], [-106.907776, 47.316549], [-106.907819, 47.316549]]]}}
{"type": "Feature", "properties": { "height": -1.0, "confidence": -1.0},"geometry": {"type": "Polygon","coordinates": [[[-106.91203647096397, 47.319011545286706], [-106.91203299795137, 47.31893888905858], [-106.91195529548314, 47.318940596008176], [-106.91195876849571, 47.31901325223396], [-106.91203647096397, 47.319011545286706]]]}}
{"type": "Feature", "properties": { "height": 2.916594982147217, "confidence": -1.0},"geometry": {"type": "Polygon","coordinates": [[[-106.91429863104376, 47.324931065312114], [-106.9142990025403, 47.32492016247848], [-106.91424002540269, 47.32491923915612], [-106.91423872516485, 47.324957399064616], [-106.91428161762855, 47.32495807057133], [-106.91428031739072, 47.324996230451795], [-106.91443848335065, 47.3249987066309], [-106.9144407123298, 47.324933289679144], [-106.91429863104376, 47.324931065312114]]]}}
{"type": "Feature", "properties": { "height": 3.400726318359375, "confidence": -1.0},"geometry": {"type": "Polygon","coordinates": [[[-107.03497225958166, 47.40325406131381], [-107.03506331117747, 47.40331924665664], [-107.03525245062086, 47.40319821918804], [-107.03516139546588, 47.40313303597291], [-107.03497225958166, 47.40325406131381]]]}}
{"type": "Feature", "properties": { "height": -1.0, "confidence": -1.0},"geometry": {"type": "Polygon","coordinates": [[[-107.19454, 47.097712], [-107.194743, 47.09765], [-107.194687, 47.097565], [-107.194483, 47.097627], [-107.19454, 47.097712]]]}}
{"type": "Feature", "properties": { "height": -1.0, "confidence": -1.0},"geometry": {"type": "Polygon","coordinates": [[[-107.223565, 47.33955], [-107.223566, 47.339585], [-107.223586, 47.339585], [-107.223586, 47.339549], [-107.223565, 47.33955]]]}}
{"type": "Feature", "properties": { "height": -1.0, "confidence": -1.0},"geometry": {"type": "Polygon","coordinates": [[[-107.225248, 47.332633], [-107.225248, 47.332568], [-107.225162, 47.332568], [-107.225162, 47.332633], [-107.225248, 47.332633]]]}}
{"type": "Feature", "properties": { "height": 3.6364035606384277, "confidence": -1.0},"geometry": {"type": "Polygon","coordinates": [[[-107.39600530469646, 47.049533261469676], [-107.39600333980309, 47.04960085483604], [-107.39619102080489, 47.049603387718875], [-107.39619298569828, 47.04953579435573], [-107.39600530469646, 47.049533261469676]]]}}
{"type": "Feature", "properties": { "height": 4.281777381896973, "confidence": -1.0},"geometry": {"type": "Polygon","coordinates": [[[-107.40352908435659, 47.215863112001024], [-107.40355858711966, 47.215961033583845], [-107.40389067914606, 47.21591485566829], [-107.40386117638299, 47.21581693400018], [-107.40352908435659, 47.215863112001024]]]}}
{"type": "Feature", "properties": { "height": 3.0850489139556885, "confidence": -1.0},"geometry": {"type": "Polygon","coordinates": [[[-107.54389799807888, 47.47778915665634], [-107.54366423339303, 47.47785213162106], [-107.54372696533471, 47.47795850488495], [-107.54396073002056, 47.477895530047725], [-107.54389799807888, 47.47778915665634]]]}}
{"type": "Feature", "properties": { "height": -1.0, "confidence": -1.0},"geometry": {"type": "Polygon","coordinates": [[[-106.90292148066027, 47.317934479085636], [-106.90310918665162, 47.31793243066505], [-106.90311004996104, 47.31796878821024], [-106.90317440630095, 47.31796808589506], [-106.90317362932244, 47.317935364105075], [-106.90322994111985, 47.31793474957892], [-106.90322886198307, 47.31788930261425], [-106.90292048785443, 47.31789266787935], [-106.90292148066027, 47.317934479085636]]]}}
{"type": "Feature", "properties": { "height": 3.352022171020508, "confidence": -1.0},"geometry": {"type": "Polygon","coordinates": [[[-106.91323461671476, 47.318916295735455], [-106.91323193571544, 47.31883087340018], [-106.9130966870465, 47.318832817781335], [-106.91309935923071, 47.31891824024021], [-106.91323461671476, 47.318916295735455]]]}}
{"type": "Feature", "properties": { "height": -1.0, "confidence": -1.0},"geometry": {"type": "Polygon","coordinates": [[[-106.91665824253143, 47.30748580193626], [-106.91663530458003, 47.30769927590493], [-106.91677404297849, 47.30770612991351], [-106.91679698092987, 47.307492655972496], [-106.91665824253143, 47.30748580193626]]]}}
{"type": "Feature", "properties": { "height": -1.0, "confidence": -1.0},"geometry": {"type": "Polygon","coordinates": [[[-107.423868, 47.208875], [-107.423705, 47.208875], [-107.423705, 47.208963], [-107.423868, 47.208963], [-107.423868, 47.208875]]]}}
{"type": "Feature", "properties": { "height": -1.0, "confidence": -1.0},"geometry": {"type": "Polygon","coordinates": [[[-106.90806800165457, 47.29910670927497], [-106.90808263713076, 47.29915562732973], [-106.90828615340497, 47.29912762366131], [-106.9082715179288, 47.29907870558065], [-106.90806800165457, 47.29910670927497]]]}}
{"type": "Feature", "properties": { "height": 3.338102340698242, "confidence": -1.0},"geometry": {"type": "Polygon","coordinates": [[[-107.24465594419254, 47.41159146646635], [-107.24476581754847, 47.41158925478062], [-107.24476071595326, 47.41147318944502], [-107.24465084259734, 47.41147540113562], [-107.24465594419254, 47.41159146646635]]]}}
{"type": "Feature", "properties": { "height": 2.6946322917938232, "confidence": -1.0},"geometry": {"type": "Polygon","coordinates": [[[-107.33079388622858, 47.42320779777857], [-107.33078092666076, 47.4232995102926], [-107.33111582394858, 47.4233211727518], [-107.33112878351642, 47.42322946027551], [-107.33079388622858, 47.42320779777857]]]}}
{"type": "Feature", "properties": { "height": -1.0, "confidence": -1.0},"geometry": {"type": "Polygon","coordinates": [[[-107.56985058507465, 47.45571506522703], [-107.56980648627167, 47.45557069454267], [-107.5697098706023, 47.45558418714927], [-107.56975395507277, 47.45572855979814], [-107.56985058507465, 47.45571506522703]]]}}
{"type": "Feature", "properties": { "height": -1.0, "confidence": -1.0},"geometry": {"type": "Polygon","coordinates": [[[-106.90442596917886, 47.320973748533746], [-106.90442829262292, 47.321049265876354], [-106.9044979998364, 47.32104828362706], [-106.90449567629062, 47.32097276297724], [-106.90442596917886, 47.320973748533746]]]}}
{"type": "Feature", "properties": { "height": -1.0, "confidence": -1.0},"geometry": {"type": "Polygon","coordinates": [[[-106.91071278874702, 47.31084692207914], [-106.91070988835794, 47.31074511877303], [-106.91065471587679, 47.31074584138281], [-106.91065609714576, 47.31079414875411], [-106.91054616789326, 47.31079559374422], [-106.91054769736898, 47.31084908432397], [-106.91071278874702, 47.31084692207914]]]}}
{"type": "Feature", "properties": { "height": -1.0, "confidence": -1.0},"geometry": {"type": "Polygon","coordinates": [[[-106.91569827917128, 47.30688314524924], [-106.91544351110794, 47.30688093266379], [-106.91544275545269, 47.306920938129196], [-106.91569752351603, 47.30692315071299], [-106.91569827917128, 47.30688314524924]]]}}
{"type": "Feature", "properties": { "height": -1.0, "confidence": -1.0},"geometry": {"type": "Polygon","coordinates": [[[-106.92362907896963, 47.30610751895112], [-106.92362648220083, 47.30618663399417], [-106.92358090722308, 47.306185946192414], [-106.92357965421891, 47.30622412108485], [-106.92362522919665, 47.30622480888612], [-106.92362314085635, 47.30628843364476], [-106.9236821202393, 47.30628932373942], [-106.92368805826077, 47.306108411846495], [-106.92362907896963, 47.30610751895112]]]}}
{"type": "Feature", "properties": { "height": 4.703333854675293, "confidence": -1.0},"geometry": {"type": "Polygon","coordinates": [[[-107.25818744239989, 47.27743538074276], [-107.25810319463343, 47.27743409661205], [-107.25810133334198, 47.277490480219605], [-107.25818557529485, 47.277491764260304], [-107.25818744239989, 47.27743538074276]]]}}
{"type": "Feature", "properties": { "height": -1.0, "confidence": -1.0},"geometry": {"type": "Polygon","coordinates": [[[-107.383022, 47.385002], [-107.382953, 47.384947], [-107.382789, 47.385041], [-107.382858, 47.385096], [-107.383022, 47.385002]]]}}
{"type": "Feature", "properties": { "height": -1.0, "confidence": -1.0},"geometry": {"type": "Polygon","coordinates": [[[-107.39691467070344, 47.0503171643181], [-107.39682355246724, 47.0503153610681], [-107.39681787014443, 47.05044865877882], [-107.39690898838062, 47.0504504620243], [-107.39691467070344, 47.0503171643181]]]}}
{"type": "Feature", "properties": { "height": -1.0, "confidence": -1.0},"geometry": {"type": "Polygon","coordinates": [[[-107.414317, 47.204645], [-107.415017, 47.204639], [-107.41501, 47.204506], [-107.414919, 47.20448], [-107.414939, 47.204448], [-107.414939, 47.20442], [-107.414898, 47.204409], [-107.414858, 47.204409], [-107.414868, 47.204394], [-107.414776, 47.204395], [-107.414739, 47.204408], [-107.414666, 47.204387], [-107.414654, 47.204387], [-107.414573, 47.204503], [-107.414465, 47.204504], [-107.414431, 47.20456], [-107.414393, 47.20456], [-107.414394, 47.204617], [-107.414334, 47.204618], [-107.414317, 47.204645]]]}}
{"type": "Feature", "properties": { "height": -1.0, "confidence": -1.0},"geometry": {"type": "Polygon","coordinates": [[[-107.421336, 47.442017], [-107.421404, 47.441999], [-107.421376, 47.441954], [-107.421309, 47.441973], [-107.421336, 47.442017]]]}}
{"type": "Feature", "properties": { "height": -1.0, "confidence": -1.0},"geometry": {"type": "Polygon","coordinates": [[[-107.43199422956285, 47.47168738428106], [-107.43189116829257, 47.47167631145034], [-107.4318795304003, 47.47172582650189], [-107.43198258667007, 47.471736898784926], [-107.43199422956285, 47.47168738428106]]]}}
{"type": "Feature", "properties": { "height": -1.0, "confidence": -1.0},"geometry": {"type": "Polygon","coordinates": [[[-107.466243, 47.287004], [-107.46625, 47.287056], [-107.466334, 47.287051], [-107.466327, 47.286999], [-107.466243, 47.287004]]]}}
{"type": "Feature", "properties": { "height": -1.0, "confidence": -1.0},"geometry": {"type": "Polygon","coordinates": [[[-107.48768027956945, 47.100795343824295], [-107.48766266244046, 47.1008001304517], [-107.48763218797866, 47.10074815875866], [-107.48758965440447, 47.10075971526933], [-107.48769214390812, 47.10093453311878], [-107.48775229922065, 47.10091818877734], [-107.48768027956945, 47.100795343824295]]]}}
{"type": "Feature", "properties": { "height": -1.0, "confidence": -1.0},"geometry": {"type": "Polygon","coordinates": [[[-107.526206, 47.388709], [-107.525984, 47.388682], [-107.525969, 47.388734], [-107.526192, 47.388762], [-107.526206, 47.388709]]]}}
{"type": "Feature", "properties": { "height": 3.0740983486175537, "confidence": -1.0},"geometry": {"type": "Polygon","coordinates": [[[-106.9092783409532, 47.3231146682423], [-106.90915607027877, 47.32311665213864], [-106.90916415507489, 47.323345609949904], [-106.90928644937553, 47.32334362567882], [-106.9092783409532, 47.3231146682423]]]}}
{"type": "Feature", "properties": { "height": -1.0, "confidence": -1.0},"geometry": {"type": "Polygon","coordinates": [[[-107.07259278907759, 47.39612083413309], [-107.07270499883252, 47.39610815502577], [-107.07268758248992, 47.39603749665566], [-107.07257537273503, 47.39605017577999], [-107.07259278907759, 47.39612083413309]]]}}
{"type": "Feature", "properties": { "height": 3.770118474960327, "confidence": -1.0},"geometry": {"type": "Polygon","coordinates": [[[-107.19632716978062, 47.46538644815532], [-107.19631708735108, 47.46552677671932], [-107.1962876523966, 47.46552581157224], [-107.19628486747759, 47.46556457237153], [-107.19645978960904, 47.46557031619111], [-107.19647263855997, 47.46539122484797], [-107.19632716978062, 47.46538644815532]]]}}
{"type": "Feature", "properties": { "height": 3.124171495437622, "confidence": -1.0},"geometry": {"type": "Polygon","coordinates": [[[-107.3381416500528, 47.436087134316146], [-107.33801733911244, 47.436089347090785], [-107.33802143017726, 47.436194502337216], [-107.33814575199055, 47.43619228937347], [-107.3381416500528, 47.436087134316146]]]}}
{"type": "Feature", "properties": { "height": -1.0, "confidence": -1.0},"geometry": {"type": "Polygon","coordinates": [[[-107.402084, 47.219703], [-107.402013, 47.219661], [-107.401946, 47.219713], [-107.402017, 47.219755], [-107.402084, 47.219703]]]}}
{"type": "Feature", "properties": { "height": -1.0, "confidence": -1.0},"geometry": {"type": "Polygon","coordinates": [[[-107.418161, 47.213175], [-107.418161, 47.21321], [-107.418287, 47.21321], [-107.418287, 47.213175], [-107.418161, 47.213175]]]}}
{"type": "Feature", "properties": { "height": 3.2041473388671875, "confidence": -1.0},"geometry": {"type": "Polygon","coordinates": [[[-106.90881216100834, 47.317890982976266], [-106.9088098774582, 47.31782919781634], [-106.9085873937858, 47.317832976975424], [-106.90858860272412, 47.317865686772635], [-106.90855753517124, 47.317866214492916], [-106.90856083535694, 47.317955257570254], [-106.90869107319129, 47.31795304532544], [-106.90868885680437, 47.31789307744757], [-106.90881216100834, 47.317890982976266]]]}}
{"type": "Feature", "properties": { "height": 6.52689266204834, "confidence": -1.0},"geometry": {"type": "Polygon","coordinates": [[[-106.99927, 47.34685], [-106.999215, 47.346814], [-106.99915, 47.34686], [-106.999206, 47.346896], [-106.99927, 47.34685]]]}}
{"type": "Feature", "properties": { "height": -1.0, "confidence": -1.0},"geometry": {"type": "Polygon","coordinates": [[[-107.40793496236194, 47.28145474683261], [-107.40776734282025, 47.28145108586996], [-107.4077632111452, 47.28153833655232], [-107.4079308216947, 47.28154199731254], [-107.40793496236194, 47.28145474683261]]]}}
{"type": "Feature", "properties": { "height": -1.0, "confidence": -1.0},"geometry": {"type": "Polygon","coordinates": [[[-107.429509, 47.5165], [-107.429383, 47.516525], [-107.429414, 47.516594], [-107.42954, 47.516569], [-107.429509, 47.5165]]]}}
{"type": "Feature", "properties": { "height": -1.0, "confidence": -1.0},"geometry": {"type": "Polygon","coordinates": [[[-107.524543, 47.298058], [-107.52469, 47.298058], [-107.52469, 47.297997], [-107.524543, 47.297997], [-107.524543, 47.298058]]]}}
{"type": "Feature", "properties": { "height": 2.911184787750244, "confidence": -1.0},"geometry": {"type": "Polygon","coordinates": [[[-106.90532818081797, 47.32130562055573], [-106.90521970196653, 47.32130697928974], [-106.90522233765525, 47.32140331252808], [-106.90533080656408, 47.32140195392109], [-106.90532818081797, 47.32130562055573]]]}}
{"type": "Feature", "properties": { "height": -1.0, "confidence": -1.0},"geometry": {"type": "Polygon","coordinates": [[[-107.00586, 47.266415], [-107.005876, 47.266452], [-107.00594, 47.266439], [-107.005925, 47.266402], [-107.00586, 47.266415]]]}}
{"type": "Feature", "properties": { "height": 4.0008087158203125, "confidence": -1.0},"geometry": {"type": "Polygon","coordinates": [[[-107.2421025923599, 47.27719098550407], [-107.24209091703524, 47.27690004027402], [-107.24177733102165, 47.27690583264609], [-107.24177930123267, 47.276954929760485], [-107.24191867279427, 47.276952355375364], [-107.24192837790787, 47.27719420347094], [-107.2421025923599, 47.27719098550407]]]}}
{"type": "Feature", "properties": { "height": -1.0, "confidence": -1.0},"geometry": {"type": "Polygon","coordinates": [[[-107.24575171432177, 47.418215462769815], [-107.24573740963206, 47.41817225883673], [-107.24554585817313, 47.41820129631051], [-107.24556016286284, 47.41824450021978], [-107.24575171432177, 47.418215462769815]]]}}
{"type": "Feature", "properties": { "height": -1.0, "confidence": -1.0},"geometry": {"type": "Polygon","coordinates": [[[-107.32086405003085, 47.463531829966975], [-107.32085984655791, 47.4634884963338], [-107.32075301763345, 47.46349323266606], [-107.32075722110638, 47.463536566295325], [-107.32086405003085, 47.463531829966975]]]}}
{"type": "Feature", "properties": { "height": -1.0, "confidence": -1.0},"geometry": {"type": "Polygon","coordinates": [[[-107.392212, 47.410496], [-107.392223, 47.41054], [-107.392317, 47.410604], [-107.392327, 47.410642], [-107.392372, 47.410672], [-107.392389, 47.410744], [-107.392428, 47.41077], [-107.392438, 47.410811], [-107.392645, 47.410788], [-107.392727, 47.410732], [-107.392734, 47.410732], [-107.392781, 47.4107], [-107.392775, 47.410676], [-107.392744, 47.410655], [-107.392751, 47.410624], [-107.39269, 47.410617], [-107.39264, 47.410583], [-107.392612, 47.41047], [-107.392548, 47.410427], [-107.392544, 47.410409], [-107.392502, 47.410405], [-107.392506, 47.410388], [-107.392592, 47.41033], [-107.3926, 47.410298], [-107.392589, 47.410256], [-107.392496, 47.410266], [-107.392458, 47.410292], [-107.392494, 47.410315], [-107.392387, 47.410327], [-107.392361, 47.410345], [-107.392341, 47.410431], [-107.392303, 47.410435], [-107.392212, 47.410496]]]}}
{"type": "Feature", "properties": { "height": 4.949954032897949, "confidence": -1.0},"geometry": {"type": "Polygon","coordinates": [[[-107.46017314532114, 47.472100909003416], [-107.46001773204367, 47.47210422494766], [-107.46002669747298, 47.472296215202064], [-107.46012851996514, 47.47229404269483], [-107.46012589799994, 47.4722378946718], [-107.46017948878527, 47.47223675124569], [-107.46017314532114, 47.472100909003416]]]}}
{"type": "Feature", "properties": { "height": -1.0, "confidence": -1.0},"geometry": {"type": "Polygon","coordinates": [[[-106.90275705962824, 47.31932541265541], [-106.90285748538403, 47.31932366872994], [-106.90285435202806, 47.31924097194398], [-106.90275393498435, 47.3192427204853], [-106.90275705962824, 47.31932541265541]]]}}
{"type": "Feature", "properties": { "height": 2.5849549770355225, "confidence": -1.0},"geometry": {"type": "Polygon","coordinates": [[[-106.91247756399048, 47.322700780913955], [-106.91232471172783, 47.32269924353223], [-106.91232256312969, 47.32279740381492], [-106.91240301168898, 47.3227982129617], [-106.91240396662148, 47.322754586192566], [-106.91247637032482, 47.32275531442526], [-106.91247756399048, 47.322700780913955]]]}}
{"type": "Feature", "properties": { "height": 5.62308931350708, "confidence": -1.0},"geometry": {"type": "Polygon","coordinates": [[[-107.42374845195049, 47.50959663518451], [-107.42373025720886, 47.509618812332484], [-107.42356609550872, 47.509557362611226], [-107.42349559088493, 47.509643299071804], [-107.42386832706887, 47.50978282296839], [-107.42395701786378, 47.50967470641311], [-107.42374845195049, 47.50959663518451]]]}}
{"type": "Feature", "properties": { "height": 4.015815258026123, "confidence": -1.0},"geometry": {"type": "Polygon","coordinates": [[[-106.90482006853787, 47.307854752906714], [-106.90481140052236, 47.3077376305301], [-106.90483706731531, 47.30773675596325], [-106.90483176496909, 47.30766521022434], [-106.90457333942666, 47.30767400352864], [-106.90458730251201, 47.30786267308034], [-106.90482006853787, 47.307854752906714]]]}}
{"type": "Feature", "properties": { "height": -1.0, "confidence": -1.0},"geometry": {"type": "Polygon","coordinates": [[[-106.9123580965451, 47.3235706132069], [-106.9123556681895, 47.32367422178296], [-106.91232617133566, 47.3236739041193], [-106.91232497845924, 47.32372479948607], [-106.9123598383774, 47.323725174906386], [-106.9123585602955, 47.32377970560168], [-106.912430961664, 47.32378048531999], [-106.91243586097791, 47.323571450685414], [-106.9123580965451, 47.3235706132069]]]}}
{"type": "Feature", "properties": { "height": -1.0, "confidence": -1.0},"geometry": {"type": "Polygon","coordinates": [[[-106.9131027700038, 47.31747443192031], [-106.91310418436908, 47.3175125935405], [-106.91319425998219, 47.31751106348607], [-106.91319284955415, 47.317472901797906], [-106.9131027700038, 47.31747443192031]]]}}
{"type": "Feature", "properties": { "height": -1.0, "confidence": -1.0},"geometry": {"type": "Polygon","coordinates": [[[-107.115031, 47.3809], [-107.114964, 47.3809], [-107.114964, 47.38096], [-107.115031, 47.38096], [-107.115031, 47.3809]]]}}
{"type": "Feature", "properties": { "height": -1.0, "confidence": -1.0},"geometry": {"type": "Polygon","coordinates": [[[-107.34391410834237, 47.275494813009686], [-107.34399982175853, 47.27549265989975], [-107.34399255185218, 47.27535918485835], [-107.34390683821462, 47.27536133390912], [-107.34391410834237, 47.275494813009686]]]}}
{"type": "Feature", "properties": { "height": -1.0, "confidence": -1.0},"geometry": {"type": "Polygon","coordinates": [[[-107.448682, 47.474427], [-107.448664, 47.47438], [-107.448576, 47.474394], [-107.448593, 47.474442], [-107.448682, 47.474427]]]}}
{"type": "Feature", "properties": { "height": -1.0, "confidence": -1.0},"geometry": {"type": "Polygon","coordinates": [[[-107.564998, 47.256622], [-107.564998, 47.256683], [-107.565156, 47.256683], [-107.565156, 47.256622], [-107.564998, 47.256622]]]}}
{"type": "Feature", "properties": { "height": -1.0, "confidence": -1.0},"geometry": {"type": "Polygon","coordinates": [[[-106.90745995533207, 47.32349017457737], [-106.90740901955287, 47.32349095752993], [-106.90741139042174, 47.323561829187156], [-106.90746232620093, 47.32356104623566], [-106.90745995533207, 47.32349017457737]]]}}
{"type": "Feature", "properties": { "height": 2.7121949195861816, "confidence": -1.0},"geometry": {"type": "Polygon","coordinates": [[[-106.90833737446039, 47.32485388251538], [-106.90837151225178, 47.324909750034436], [-106.90844477435436, 47.32488918117371], [-106.90841063656296, 47.324833313632894], [-106.90833737446039, 47.32485388251538]]]}}
{"type": "Feature", "properties": { "height": -1.0, "confidence": -1.0},"geometry": {"type": "Polygon","coordinates": [[[-106.91160865183186, 47.32228916478758], [-106.91161130155368, 47.32236085125849], [-106.91173996703549, 47.32235867200854], [-106.91173731708818, 47.32228697943415], [-106.91160865183186, 47.32228916478758]]]}}
{"type": "Feature", "properties": { "height": 2.6757092475891113, "confidence": -1.0},"geometry": {"type": "Polygon","coordinates": [[[-106.91320871110814, 47.319851914020994], [-106.91309071737882, 47.31985303927968], [-106.9130922152916, 47.319924864195755], [-106.91321020890422, 47.31992373334142], [-106.91320871110814, 47.319851914020994]]]}}
{"type": "Feature", "properties": { "height": -1.0, "confidence": -1.0},"geometry": {"type": "Polygon","coordinates": [[[-106.914933, 47.3245], [-106.914933, 47.324471], [-106.914874, 47.324471], [-106.914874, 47.324536], [-106.914925, 47.324536], [-106.914925, 47.324607], [-106.915029, 47.324607], [-106.915029, 47.3245], [-106.914933, 47.3245]]]}}
{"type": "Feature", "properties": { "height": -1.0, "confidence": -1.0},"geometry": {"type": "Polygon","coordinates": [[[-107.19614, 47.172102], [-107.196313, 47.172114], [-107.196323, 47.172047], [-107.19615, 47.172035], [-107.19614, 47.172102]]]}}
{"type": "Feature", "properties": { "height": -1.0, "confidence": -1.0},"geometry": {"type": "Polygon","coordinates": [[[-107.24265562461153, 47.27639612368611], [-107.24267762972308, 47.27646282617655], [-107.24277980117375, 47.27644731566802], [-107.24275779453801, 47.27638060853789], [-107.24265562461153, 47.27639612368611]]]}}
{"type": "Feature", "properties": { "height": 4.226291656494141, "confidence": -1.0},"geometry": {"type": "Polygon","coordinates": [[[-107.3313416378323, 47.42401604756862], [-107.33131079501408, 47.42401530272716], [-107.33131490657598, 47.42393737007183], [-107.33113810603943, 47.42393310040461], [-107.33113418571297, 47.42400740829386], [-107.3311569929788, 47.424007959080086], [-107.33115143629081, 47.424113077115045], [-107.33133627275423, 47.42411754083164], [-107.3313416378323, 47.42401604756862]]]}}
{"type": "Feature", "properties": { "height": -1.0, "confidence": -1.0},"geometry": {"type": "Polygon","coordinates": [[[-107.331904, 47.140141], [-107.331904, 47.140178], [-107.332065, 47.140178], [-107.332065, 47.140141], [-107.331904, 47.140141]]]}}
{"type": "Feature", "properties": { "height": -1.0, "confidence": -1.0},"geometry": {"type": "Polygon","coordinates": [[[-107.388201, 47.406598], [-107.388053, 47.406618], [-107.388046, 47.406593], [-107.387951, 47.406606], [-107.387956, 47.406625], [-107.387977, 47.406623], [-107.388013, 47.406745], [-107.388289, 47.406708], [-107.388276, 47.406663], [-107.388222, 47.40667], [-107.388201, 47.406598]]]}}
{"type": "Feature", "properties": { "height": -1.0, "confidence": -1.0},"geometry": {"type": "Polygon","coordinates": [[[-106.90372399181419, 47.318138305717895], [-106.90372180658365, 47.31810199931555], [-106.90365330718436, 47.31810389413174], [-106.9036554961569, 47.318140200429276], [-106.90372399181419, 47.318138305717895]]]}}
{"type": "Feature", "properties": { "height": 4.802426338195801, "confidence": -1.0},"geometry": {"type": "Polygon","coordinates": [[[-106.90666759540794, 47.309038679199254], [-106.9069363387483, 47.30899877398031], [-106.906907407577, 47.30890919826345], [-106.90663866816716, 47.30894911571955], [-106.90666759540794, 47.309038679199254]]]}}
{"type": "Feature", "properties": { "height": 2.7936346530914307, "confidence": -1.0},"geometry": {"type": "Polygon","coordinates": [[[-106.90852119364678, 47.321930776165416], [-106.90851847510238, 47.322007096489216], [-106.90866743696773, 47.32200953471469], [-106.90866621071265, 47.322044060595964], [-106.90875314214166, 47.3220454834989], [-106.90875709050374, 47.32193463735866], [-106.90852119364678, 47.321930776165416]]]}}
{"type": "Feature", "properties": { "height": 6.871457099914551, "confidence": -1.0},"geometry": {"type": "Polygon","coordinates": [[[-107.2580837445801, 47.27742936705223], [-107.25800760741437, 47.27741704977449], [-107.25798582135693, 47.277479035984655], [-107.25806195852269, 47.277491353247974], [-107.2580837445801, 47.27742936705223]]]}}
{"type": "Feature", "properties": { "height": -1.0, "confidence": -1.0},"geometry": {"type": "Polygon","coordinates": [[[-107.40049, 47.348092], [-107.400359, 47.348092], [-107.400359, 47.348154], [-107.40049, 47.348154], [-107.40049, 47.348092]]]}}
{"type": "Feature", "properties": { "height": 4.236184120178223, "confidence": -1.0},"geometry": {"type": "Polygon","coordinates": [[[-107.49292272342156, 47.09544497185522], [-107.49283003010501, 47.09546327845375], [-107.49281998208869, 47.09543969901836], [-107.49276176216695, 47.095451197246554], [-107.49277324816948, 47.095478144661385], [-107.4926569724791, 47.09550110867908], [-107.49269256415067, 47.095584610500325], [-107.4929597458386, 47.09553183044526], [-107.49292272342156, 47.09544497185522]]]}}
{"type": "Feature", "properties": { "height": -1.0, "confidence": -1.0},"geometry": {"type": "Polygon","coordinates": [[[-107.516794, 47.181756], [-107.516869, 47.181758], [-107.516875, 47.181657], [-107.5168, 47.181655], [-107.516794, 47.181756]]]}}
{"type": "Feature", "properties": { "height": 3.4993040561676025, "confidence": -1.0},"geometry": {"type": "Polygon","coordinates": [[[-106.9126847913798, 47.3216285276187], [-106.91281500977135, 47.321629491402696], [-106.91281720588732, 47.321493140852354], [-106.91268700157175, 47.321492177170065], [-106.9126847913798, 47.3216285276187]]]}}
{"type": "Feature", "properties": { "height": 3.2793753147125244, "confidence": -1.0},"geometry": {"type": "Polygon","coordinates": [[[-106.91680287096128, 47.32576346434397], [-106.9167052649589, 47.325765575839455], [-106.91670911314799, 47.32584730610023], [-106.91673858742581, 47.325846668488744], [-106.91673721918082, 47.32581760885461], [-106.91677320265241, 47.32581683043055], [-106.91677486642358, 47.32585208930877], [-106.91687400673335, 47.32584993992213], [-106.91687174326529, 47.32580197217362], [-106.9168047564197, 47.32580342128858], [-106.91680287096128, 47.32576346434397]]]}}
{"type": "Feature", "properties": { "height": -1.0, "confidence": -1.0},"geometry": {"type": "Polygon","coordinates": [[[-106.92094254315448, 47.35781991244583], [-106.92094483797973, 47.357863464358964], [-106.92108551894565, 47.35786006270398], [-106.9210832196265, 47.357816510896676], [-106.92094254315448, 47.35781991244583]]]}}
{"type": "Feature", "properties": { "height": -1.0, "confidence": -1.0},"geometry": {"type": "Polygon","coordinates": [[[-106.94024750004029, 47.32654375381553], [-106.94025626932175, 47.32670898251128], [-106.94060450582474, 47.32670049112754], [-106.94060257851011, 47.32666417716695], [-106.9405838273138, 47.32666463439566], [-106.94057698534692, 47.32653571963505], [-106.94024750004029, 47.32654375381553]]]}}
{"type": "Feature", "properties": { "height": 3.563300848007202, "confidence": -1.0},"geometry": {"type": "Polygon","coordinates": [[[-107.03567576675954, 47.403211876039705], [-107.03571363143575, 47.40332121443853], [-107.03584330213491, 47.40330064901476], [-107.03580543544227, 47.403191304750564], [-107.03567576675954, 47.403211876039705]]]}}
{"type": "Feature", "properties": { "height": -1.0, "confidence": -1.0},"geometry": {"type": "Polygon","coordinates": [[[-107.482572, 47.473023], [-107.482361, 47.473024], [-107.482361, 47.473013], [-107.482268, 47.473014], [-107.482269, 47.473063], [-107.482332, 47.473062], [-107.482332, 47.473107], [-107.48245, 47.473107], [-107.48245, 47.473065], [-107.482572, 47.473064], [-107.482572, 47.473023]]]}}
{"type": "Feature", "properties": { "height": 5.505030632019043, "confidence": -1.0},"geometry": {"type": "Polygon","coordinates": [[[-107.56610964329701, 47.4579666365209], [-107.56609026172707, 47.45783006684073], [-107.56585201856558, 47.45784553486934], [-107.56587141414317, 47.457982103599875], [-107.56610964329701, 47.4579666365209]]]}}
{"type": "Feature", "properties": { "height": -1.0, "confidence": -1.0},"geometry": {"type": "Polygon","coordinates": [[[-106.90810305265191, 47.32142952574092], [-106.90802943527288, 47.321430287155636], [-106.908030662706, 47.321484821289374], [-106.90810427445588, 47.32148405993367], [-106.90810305265191, 47.32142952574092]]]}}
{"type": "Feature", "properties": { "height": 4.442217826843262, "confidence": -1.0},"geometry": {"type": "Polygon","coordinates": [[[-106.91022506565385, 47.32266614385602], [-106.91004805308363, 47.32266510249801], [-106.9100471064592, 47.322739642505404], [-106.91013024872703, 47.32274013162741], [-106.91012981959007, 47.32277392310835], [-106.91022368994899, 47.322774470889335], [-106.91022506565385, 47.32266614385602]]]}}
{"type": "Feature", "properties": { "height": 3.0751941204071045, "confidence": -1.0},"geometry": {"type": "Polygon","coordinates": [[[-106.91080207370784, 47.32521295570763], [-106.91093346819713, 47.32521152824101], [-106.91093204992667, 47.325151546366804], [-106.91080065543738, 47.325152973835046], [-106.91080207370784, 47.32521295570763]]]}}
{"type": "Feature", "properties": { "height": 2.8549787998199463, "confidence": -1.0},"geometry": {"type": "Polygon","coordinates": [[[-106.91679154345583, 47.45335448780748], [-106.9167661253636, 47.45342156629604], [-106.9169599314483, 47.453455144996475], [-106.91698534627916, 47.45338807515754], [-106.91679154345583, 47.45335448780748]]]}}
{"type": "Feature", "properties": { "height": 4.661070823669434, "confidence": -1.0},"geometry": {"type": "Polygon","coordinates": [[[-107.14764061120711, 47.24909995421958], [-107.14754715961905, 47.249193481615215], [-107.14764819906591, 47.249240001308756], [-107.14774165065396, 47.24914647399526], [-107.14764061120711, 47.24909995421958]]]}}
{"type": "Feature", "properties": { "height": -1.0, "confidence": -1.0},"geometry": {"type": "Polygon","coordinates": [[[-107.195956, 47.4246], [-107.195956, 47.424765], [-107.196031, 47.424765], [-107.196031, 47.4246], [-107.195956, 47.4246]]]}}
{"type": "Feature", "properties": { "height": -1.0, "confidence": -1.0},"geometry": {"type": "Polygon","coordinates": [[[-107.248739, 47.37907], [-107.248978, 47.37907], [-107.248978, 47.378986], [-107.248739, 47.378986], [-107.248739, 47.37907]]]}}
{"type": "Feature", "properties": { "height": -1.0, "confidence": -1.0},"geometry": {"type": "Polygon","coordinates": [[[-107.401952, 47.219586], [-107.401962, 47.219657], [-107.402061, 47.21965], [-107.40205, 47.219579], [-107.401952, 47.219586]]]}}
{"type": "Feature", "properties": { "height": -1.0, "confidence": -1.0},"geometry": {"type": "Polygon","coordinates": [[[-107.40307, 47.215461], [-107.40288, 47.21546], [-107.402879, 47.215559], [-107.403148, 47.21556], [-107.403149, 47.215429], [-107.40307, 47.215428], [-107.40307, 47.215461]]]}}
{"type": "Feature", "properties": { "height": -1.0, "confidence": -1.0},"geometry": {"type": "Polygon","coordinates": [[[-107.43747, 47.468825], [-107.43747, 47.468785], [-107.437406, 47.468785], [-107.437406, 47.468825], [-107.43747, 47.468825]]]}}
{"type": "Feature", "properties": { "height": 3.302919626235962, "confidence": -1.0},"geometry": {"type": "Polygon","coordinates": [[[-107.552348, 47.284567], [-107.552284, 47.284586], [-107.552319, 47.284639], [-107.552382, 47.284619], [-107.552348, 47.284567]]]}}
{"type": "Feature", "properties": { "height": -1.0, "confidence": -1.0},"geometry": {"type": "Polygon","coordinates": [[[-106.91230226848437, 47.317851566913674], [-106.91222188589379, 47.3178498086793], [-106.91222007042192, 47.317887954342716], [-106.9123004530125, 47.31788971257582], [-106.91230226848437, 47.317851566913674]]]}}
{"type": "Feature", "properties": { "height": 4.43229866027832, "confidence": -1.0},"geometry": {"type": "Polygon","coordinates": [[[-106.9155999852774, 47.318864806825644], [-106.91547394565814, 47.318865990896725], [-106.91547814500177, 47.31907142084745], [-106.91560418462107, 47.31907023678098], [-106.9155999852774, 47.318864806825644]]]}}
{"type": "Feature", "properties": { "height": 5.083962440490723, "confidence": -1.0},"geometry": {"type": "Polygon","coordinates": [[[-106.97034872295401, 47.41145586220545], [-106.97048977482892, 47.41147630514809], [-106.97059687761544, 47.411137876859286], [-106.97045582574053, 47.411117433785286], [-106.97034872295401, 47.41145586220545]]]}}
{"type": "Feature", "properties": { "height": 5.849853038787842, "confidence": -1.0},"geometry": {"type": "Polygon","coordinates": [[[-106.980321, 47.205983], [-106.980297, 47.205853], [-106.979679, 47.205905], [-106.979702, 47.206035], [-106.980321, 47.205983]]]}}
{"type": "Feature", "properties": { "height": -1.0, "confidence": -1.0},"geometry": {"type": "Polygon","coordinates": [[[-107.4319384683159, 47.471911671411256], [-107.43169340282802, 47.471914036549045], [-107.43169673388509, 47.472071738931255], [-107.43187742308689, 47.472069995097065], [-107.43187654677853, 47.472028303665674], [-107.43194090673921, 47.47202768252623], [-107.4319384683159, 47.471911671411256]]]}}
{"type": "Feature", "properties": { "height": -1.0, "confidence": -1.0},"geometry": {"type": "Polygon","coordinates": [[[-107.521264, 47.18666], [-107.521339, 47.186702], [-107.521437, 47.186621], [-107.521362, 47.186579], [-107.521264, 47.18666]]]}}
{"type": "Feature", "properties": { "height": -1.0, "confidence": -1.0},"geometry": {"type": "Polygon","coordinates": [[[-107.547643, 47.28368], [-107.547387, 47.283647], [-107.547372, 47.283701], [-107.547628, 47.283734], [-107.547643, 47.28368]]]}}
{"type": "Feature", "properties": { "height": 4.721935272216797, "confidence": -1.0},"geometry": {"type": "Polygon","coordinates": [[[-107.55695155658574, 47.136656827561346], [-107.55686596837016, 47.13684422746787], [-107.55702496522318, 47.13687782987821], [-107.55711055028591, 47.13669043699347], [-107.55695155658574, 47.136656827561346]]]}}
{"type": "Feature", "properties": { "height": 3.6339516639709473, "confidence": -1.0},"geometry": {"type": "Polygon","coordinates": [[[-106.89776482939256, 47.30201291004198], [-106.89766409097143, 47.30206330890375], [-106.89776324058955, 47.30215444602561], [-106.89786398237906, 47.30210405034692], [-106.89776482939256, 47.30201291004198]]]}}
{"type": "Feature", "properties": { "height": 4.202894687652588, "confidence": -1.0},"geometry": {"type": "Polygon","coordinates": [[[-106.90972212193702, 47.32119993545212], [-106.90983744135872, 47.32119902722], [-106.90983401397025, 47.32099904781686], [-106.90971869454856, 47.320999956052425], [-106.90972212193702, 47.32119993545212]]]}}
{"type": "Feature", "properties": { "height": 3.6905016899108887, "confidence": -1.0},"geometry": {"type": "Polygon","coordinates": [[[-106.91458983564098, 47.32223835651236], [-106.91459451385684, 47.322401932846816], [-106.91472209728867, 47.32240025616565], [-106.91471980190725, 47.32232028568245], [-106.91481476643537, 47.32231903767182], [-106.91481237534728, 47.322235431921854], [-106.91458983564098, 47.32223835651236]]]}}
{"type": "Feature", "properties": { "height": -1.0, "confidence": -1.0},"geometry": {"type": "Polygon","coordinates": [[[-106.91496897440209, 47.31835596577263], [-106.91490763924602, 47.318352799501724], [-106.91490276564093, 47.318396187923994], [-106.91496410079701, 47.31839935419231], [-106.91496897440209, 47.31835596577263]]]}}
{"type": "Feature", "properties": { "height": -1.0, "confidence": -1.0},"geometry": {"type": "Polygon","coordinates": [[[-107.411549, 47.043207], [-107.411523, 47.043163], [-107.411476, 47.043176], [-107.411502, 47.04322], [-107.411549, 47.043207]]]}}
{"type": "Feature", "properties": { "height": -1.0, "confidence": -1.0},"geometry": {"type": "Polygon","coordinates": [[[-107.414785, 47.475335], [-107.414734, 47.475346], [-107.414752, 47.475384], [-107.414803, 47.475373], [-107.414785, 47.475335]]]}}
{"type": "Feature", "properties": { "height": 3.5171921253204346, "confidence": -1.0},"geometry": {"type": "Polygon","coordinates": [[[-106.90318027107986, 47.29570676265191], [-106.90321556684827, 47.2957034118525], [-106.90323546124141, 47.2957997552378], [-106.90336325692, 47.29578762299117], [-106.90331391354918, 47.29554854599001], [-106.90315081235102, 47.295564030025666], [-106.90318027107986, 47.29570676265191]]]}}
{"type": "Feature", "properties": { "height": -1.0, "confidence": -1.0},"geometry": {"type": "Polygon","coordinates": [[[-106.91822694596077, 47.45299569642981], [-106.91814364138725, 47.45298866304908], [-106.91813671643321, 47.45302616598203], [-106.91822001718467, 47.453033199035055], [-106.91822694596077, 47.45299569642981]]]}}
{"type": "Feature", "properties": { "height": -1.0, "confidence": -1.0},"geometry": {"type": "Polygon","coordinates": [[[-107.0159505303895, 47.09352243265323], [-107.01606674708613, 47.09377320343531], [-107.01603991392744, 47.093778967171474], [-107.01604761039744, 47.093795574464544], [-107.01646962280203, 47.093704926570126], [-107.01634570963544, 47.09343754806699], [-107.0159505303895, 47.09352243265323]]]}}
{"type": "Feature", "properties": { "height": -1.0, "confidence": -1.0},"geometry": {"type": "Polygon","coordinates": [[[-107.14968391472303, 47.24796496040498], [-107.14959262325166, 47.24791296069329], [-107.14955828429626, 47.247940740861466], [-107.14951643808085, 47.247916905211554], [-107.14944247363377, 47.247976737335414], [-107.14949848938718, 47.24800864393116], [-107.14945226387029, 47.24804604024047], [-107.14948689166978, 47.24806576422549], [-107.14957538051641, 47.24799417700838], [-107.1496178782703, 47.248018383739954], [-107.14968391472303, 47.24796496040498]]]}}
{"type": "Feature", "properties": { "height": -1.0, "confidence": -1.0},"geometry": {"type": "Polygon","coordinates": [[[-107.22942860318057, 47.46088825720515], [-107.22916782817182, 47.460908642225135], [-107.22918436365894, 47.46100527438124], [-107.22944512879634, 47.460984890170366], [-107.22942860318057, 47.46088825720515]]]}}
{"type": "Feature", "properties": { "height": -1.0, "confidence": -1.0},"geometry": {"type": "Polygon","coordinates": [[[-107.2472265328956, 47.04476414218359], [-107.24753497469419, 47.04476546610886], [-107.2475353801632, 47.04472160233642], [-107.24722693836463, 47.04472027841006], [-107.2472265328956, 47.04476414218359]]]}}
{"type": "Feature", "properties": { "height": -1.0, "confidence": -1.0},"geometry": {"type": "Polygon","coordinates": [[[-107.32060290094029, 47.43492248800614], [-107.32040117179308, 47.434916003333385], [-107.32039672711144, 47.43497936159494], [-107.32059844971786, 47.43498584604965], [-107.32060290094029, 47.43492248800614]]]}}
{"type": "Feature", "properties": { "height": -1.0, "confidence": -1.0},"geometry": {"type": "Polygon","coordinates": [[[-107.43349295795367, 47.499842798027224], [-107.43342218739339, 47.49983317404615], [-107.4333998833154, 47.4999080603306], [-107.43337152750289, 47.4999042042717], [-107.43336219091212, 47.49993555198926], [-107.43346130670801, 47.49994903056913], [-107.43349295795367, 47.499842798027224]]]}}
{"type": "Feature", "properties": { "height": -1.0, "confidence": -1.0},"geometry": {"type": "Polygon","coordinates": [[[-107.550294, 47.492711], [-107.550238, 47.492711], [-107.550238, 47.492744], [-107.550179, 47.492744], [-107.550179, 47.492706], [-107.550112, 47.492706], [-107.550112, 47.4928], [-107.550294, 47.4928], [-107.550294, 47.492711]]]}}
{"type": "Feature", "properties": { "height": 3.2330892086029053, "confidence": -1.0},"geometry": {"type": "Polygon","coordinates": [[[-107.551214, 47.284448], [-107.551343, 47.284445], [-107.551338, 47.284316], [-107.551209, 47.284319], [-107.551214, 47.284448]]]}}
{"type": "Feature", "properties": { "height": 3.5033936500549316, "confidence": -1.0},"geometry": {"type": "Polygon","coordinates": [[[-106.90879414317355, 47.322383714764136], [-106.9088531320881, 47.32238298431918], [-106.90885499331957, 47.32245205266652], [-106.90898905903445, 47.32245039256648], [-106.90898685494454, 47.322368601090105], [-106.90894395391577, 47.32236913232293], [-106.90894072125059, 47.32224917126304], [-106.90879056764994, 47.32225103058215], [-106.90879414317355, 47.322383714764136]]]}}
{"type": "Feature", "properties": { "height": 2.6605186462402344, "confidence": -1.0},"geometry": {"type": "Polygon","coordinates": [[[-106.91354090271483, 47.324041244636554], [-106.91343119810135, 47.32404490347433], [-106.9134350873958, 47.324098409630196], [-106.91337622170812, 47.32410037569286], [-106.91338149522997, 47.32417292497896], [-106.91342965806534, 47.324171316384444], [-106.91343473377022, 47.32424114415616], [-106.91352838405, 47.32423802076966], [-106.91353055911553, 47.32426794367629], [-106.91361350622086, 47.32426517332404], [-106.9136110677637, 47.324231626871345], [-106.91364585215335, 47.32423046675617], [-106.91364209410266, 47.324178766288924], [-106.91358857984116, 47.32418055361591], [-106.91358699778459, 47.324158788843675], [-106.91354953780156, 47.324160039973044], [-106.91354090271483, 47.324041244636554]]]}}
{"type": "Feature", "properties": { "height": -1.0, "confidence": -1.0},"geometry": {"type": "Polygon","coordinates": [[[-106.914104, 47.325734], [-106.914104, 47.325809], [-106.914378, 47.325809], [-106.914378, 47.325765], [-106.914184, 47.325765], [-106.914184, 47.325734], [-106.914104, 47.325734]]]}}
{"type": "Feature", "properties": { "height": 3.231441020965576, "confidence": -1.0},"geometry": {"type": "Polygon","coordinates": [[[-107.061554, 47.439658], [-107.061695, 47.439701], [-107.061743, 47.439628], [-107.061602, 47.439586], [-107.061554, 47.439658]]]}}
{"type": "Feature", "properties": { "height": -1.0, "confidence": -1.0},"geometry": {"type": "Polygon","coordinates": [[[-107.07150155412248, 47.309177363875], [-107.07149538568228, 47.30937075836101], [-107.07166964802825, 47.30937330541291], [-107.0716758162048, 47.30917991920203], [-107.07150155412248, 47.309177363875]]]}}
{"type": "Feature", "properties": { "height": 3.6857597827911377, "confidence": -1.0},"geometry": {"type": "Polygon","coordinates": [[[-107.09349079488089, 47.27992653587616], [-107.09359806733245, 47.27992742213952], [-107.09359917774647, 47.27986556295834], [-107.09354822333196, 47.279865141982754], [-107.0935488765167, 47.27982875419505], [-107.09349255847964, 47.27982828890592], [-107.09349079488089, 47.27992653587616]]]}}
{"type": "Feature", "properties": { "height": 3.5629477500915527, "confidence": -1.0},"geometry": {"type": "Polygon","coordinates": [[[-107.194432, 47.097138], [-107.194568, 47.097209], [-107.194718, 47.097076], [-107.194583, 47.097005], [-107.194432, 47.097138]]]}}
{"type": "Feature", "properties": { "height": 3.2836153507232666, "confidence": -1.0},"geometry": {"type": "Polygon","coordinates": [[[-107.382293, 47.406479], [-107.382224, 47.406432], [-107.382189, 47.406456], [-107.382125, 47.406413], [-107.382038, 47.406474], [-107.381986, 47.406439], [-107.381905, 47.406495], [-107.382012, 47.406565], [-107.382095, 47.406508], [-107.382174, 47.406561], [-107.382293, 47.406479]]]}}
{"type": "Feature", "properties": { "height": -1.0, "confidence": -1.0},"geometry": {"type": "Polygon","coordinates": [[[-107.40660961443857, 47.47145017836985], [-107.40649665373753, 47.471486411418155], [-107.40653612533721, 47.47154264676711], [-107.40664909079072, 47.471506412233175], [-107.40660961443857, 47.47145017836985]]]}}
{"type": "Feature", "properties": { "height": -1.0, "confidence": -1.0},"geometry": {"type": "Polygon","coordinates": [[[-107.43907197083107, 47.48680313037217], [-107.43907822586952, 47.486828797181104], [-107.43923912783467, 47.48681088334024], [-107.43923287201444, 47.48678522421951], [-107.43907197083107, 47.48680313037217]]]}}
{"type": "Feature", "properties": { "height": -1.0, "confidence": -1.0},"geometry": {"type": "Polygon","coordinates": [[[-107.44202983205923, 47.441570812654305], [-107.44203349584883, 47.44163154210276], [-107.44219525308124, 47.441627085735824], [-107.44219159510521, 47.4415663484648], [-107.44202983205923, 47.441570812654305]]]}}
{"type": "Feature", "properties": { "height": -1.0, "confidence": -1.0},"geometry": {"type": "Polygon","coordinates": [[[-107.57916656195017, 47.503909962666384], [-107.57897262755698, 47.50393526065487], [-107.5789836124672, 47.50397369034525], [-107.57906118622446, 47.50396357115873], [-107.579068675936, 47.50398977320927], [-107.57918503657191, 47.50397459443341], [-107.57916656195017, 47.503909962666384]]]}}
{"type": "Feature", "properties": { "height": 3.29901123046875, "confidence": -1.0},"geometry": {"type": "Polygon","coordinates": [[[-106.90863478270414, 47.31946620434009], [-106.90851679148386, 47.31946739116353], [-106.90851854219346, 47.3195473785227], [-106.90863653341376, 47.31954619170107], [-106.90863478270414, 47.31946620434009]]]}}
{"type": "Feature", "properties": { "height": 4.010639667510986, "confidence": -1.0},"geometry": {"type": "Polygon","coordinates": [[[-106.91163502634255, 47.32486466256697], [-106.91181322559802, 47.32487076635217], [-106.91181627739793, 47.324829885782044], [-106.91178254443656, 47.32482872873974], [-106.91178443711716, 47.3248033400902], [-106.91174326265197, 47.32480192780321], [-106.91174624097323, 47.324762031469135], [-106.91164829218995, 47.32475867181645], [-106.91164619035135, 47.32478686616], [-106.91164083959634, 47.32478668288253], [-106.91163502634255, 47.32486466256697]]]}}
{"type": "Feature", "properties": { "height": 5.6986775398254395, "confidence": -1.0},"geometry": {"type": "Polygon","coordinates": [[[-107.1772931507341, 47.17349006091442], [-107.17726161793166, 47.1736196161151], [-107.1773608260645, 47.17363077423549], [-107.17739235886698, 47.17350121906204], [-107.1772931507341, 47.17349006091442]]]}}
{"type": "Feature", "properties": { "height": -1.0, "confidence": -1.0},"geometry": {"type": "Polygon","coordinates": [[[-107.405536, 47.474746], [-107.405543, 47.474806], [-107.405604, 47.474803], [-107.405598, 47.474743], [-107.405536, 47.474746]]]}}
{"type": "Feature", "properties": { "height": 3.6562626361846924, "confidence": -1.0},"geometry": {"type": "Polygon","coordinates": [[[-107.44486569896672, 47.43977632270186], [-107.44497005321061, 47.43977979052356], [-107.44497504889247, 47.439711018730144], [-107.44487069464863, 47.43970755090389], [-107.44486569896672, 47.43977632270186]]]}}
{"type": "Feature", "properties": { "height": -1.0, "confidence": -1.0},"geometry": {"type": "Polygon","coordinates": [[[-106.90206491301522, 47.302268357442195], [-106.90206114893213, 47.3021829459233], [-106.90191107925844, 47.30218598725217], [-106.90191484334156, 47.30227139876616], [-106.90206491301522, 47.302268357442195]]]}}
{"type": "Feature", "properties": { "height": 4.278038501739502, "confidence": -1.0},"geometry": {"type": "Polygon","coordinates": [[[-106.9071457514633, 47.32419272456781], [-106.90714184881095, 47.32430902481005], [-106.90746523254886, 47.3243140109248], [-106.90746914720316, 47.324197710878586], [-106.9071457514633, 47.32419272456781]]]}}
{"type": "Feature", "properties": { "height": 3.9350788593292236, "confidence": -1.0},"geometry": {"type": "Polygon","coordinates": [[[-106.965369, 47.253614], [-106.965672, 47.253636], [-106.965697, 47.253472], [-106.965395, 47.25345], [-106.965369, 47.253614]]]}}
{"type": "Feature", "properties": { "height": -1.0, "confidence": -1.0},"geometry": {"type": "Polygon","coordinates": [[[-107.094875, 47.279767], [-107.094819, 47.279768], [-107.09482, 47.279808], [-107.094877, 47.279807], [-107.094875, 47.279767]]]}}
{"type": "Feature", "properties": { "height": 2.9275472164154053, "confidence": -1.0},"geometry": {"type": "Polygon","coordinates": [[[-107.31939681649801, 47.43475120706591], [-107.31937269899072, 47.435035117920755], [-107.31957487343341, 47.435042976029955], [-107.3195989616615, 47.43475906407949], [-107.31939681649801, 47.43475120706591]]]}}
{"type": "Feature", "properties": { "height": -1.0, "confidence": -1.0},"geometry": {"type": "Polygon","coordinates": [[[-107.374716, 47.406541], [-107.37472, 47.406462], [-107.374515, 47.406457], [-107.374511, 47.406535], [-107.374716, 47.406541]]]}}
{"type": "Feature", "properties": { "height": -1.0, "confidence": -1.0},"geometry": {"type": "Polygon","coordinates": [[[-107.51740927443736, 47.10553584546465], [-107.51750146247036, 47.105533166562445], [-107.51749894778982, 47.105493075412035], [-107.5174067556419, 47.10549575443583], [-107.51740927443736, 47.10553584546465]]]}}
{"type": "Feature", "properties": { "height": 2.7641677856445312, "confidence": -1.0},"geometry": {"type": "Polygon","coordinates": [[[-106.91069488710987, 47.31679113818862], [-106.91056922193813, 47.31681322374613], [-106.91064024035046, 47.316998946224274], [-106.9107659055222, 47.31697686074438], [-106.91069488710987, 47.31679113818862]]]}}
{"type": "Feature", "properties": { "height": -1.0, "confidence": -1.0},"geometry": {"type": "Polygon","coordinates": [[[-106.91587658415564, 47.31740454713915], [-106.9158727315021, 47.317467056601124], [-106.91595841260462, 47.31746948363792], [-106.91596226500806, 47.31740697823712], [-106.91587658415564, 47.31740454713915]]]}}
{"type": "Feature", "properties": { "height": 3.7105467319488525, "confidence": -1.0},"geometry": {"type": "Polygon","coordinates": [[[-106.92210589408259, 47.30612115907272], [-106.92209903484243, 47.30629199484693], [-106.92258807222214, 47.306301046240584], [-106.92259494908218, 47.30613021082176], [-106.92210589408259, 47.30612115907272]]]}}
{"type": "Feature", "properties": { "height": -1.0, "confidence": -1.0},"geometry": {"type": "Polygon","coordinates": [[[-106.93968353635398, 47.325689794136466], [-106.93968540752012, 47.325893411024204], [-106.93980610224277, 47.32589290142818], [-106.93980423107664, 47.3256892845385], [-106.93968353635398, 47.325689794136466]]]}}
{"type": "Feature", "properties": { "height": -1.0, "confidence": -1.0},"geometry": {"type": "Polygon","coordinates": [[[-107.073164, 47.396076], [-107.073164, 47.395963], [-107.073044, 47.395963], [-107.073044, 47.396076], [-107.073164, 47.396076]]]}}
{"type": "Feature", "properties": { "height": 3.9823508262634277, "confidence": -1.0},"geometry": {"type": "Polygon","coordinates": [[[-107.24517655245256, 47.411556191138054], [-107.24483079593168, 47.411562463216825], [-107.24483474751085, 47.411662223279734], [-107.24518050403177, 47.41165595121285], [-107.24517655245256, 47.411556191138054]]]}}
{"type": "Feature", "properties": { "height": -1.0, "confidence": -1.0},"geometry": {"type": "Polygon","coordinates": [[[-107.344333, 47.274665], [-107.344281, 47.274625], [-107.344218, 47.274662], [-107.34427, 47.274702], [-107.344333, 47.274665]]]}}
{"type": "Feature", "properties": { "height": -1.0, "confidence": -1.0},"geometry": {"type": "Polygon","coordinates": [[[-107.454741, 47.295108], [-107.454734, 47.295194], [-107.454803, 47.295197], [-107.454811, 47.295111], [-107.454741, 47.295108]]]}}
{"type": "Feature", "properties": { "height": -1.0, "confidence": -1.0},"geometry": {"type": "Polygon","coordinates": [[[-106.90860787139268, 47.31889781450007], [-106.90847918830373, 47.318895885137685], [-106.90847818034027, 47.31892678138458], [-106.9086068634292, 47.318928710745816], [-106.90860787139268, 47.31889781450007]]]}}
{"type": "Feature", "properties": { "height": 4.653494834899902, "confidence": -1.0},"geometry": {"type": "Polygon","coordinates": [[[-106.9096473633853, 47.318014646064995], [-106.90977876242529, 47.31801597402283], [-106.90978116101257, 47.31790689738679], [-106.9095639503546, 47.31790470218663], [-106.90956119197925, 47.31803014030386], [-106.9096470035972, 47.31803100754139], [-106.9096473633853, 47.318014646064995]]]}}
{"type": "Feature", "properties": { "height": -1.0, "confidence": -1.0},"geometry": {"type": "Polygon","coordinates": [[[-106.91521950730811, 47.30658421976464], [-106.91551990687621, 47.30658526047191], [-106.91552046260907, 47.30651150524226], [-106.9153112556922, 47.30651079039122], [-106.9153114537287, 47.30648450754121], [-106.91522026100267, 47.30648419161161], [-106.91521950730811, 47.30658421976464]]]}}
{"type": "Feature", "properties": { "height": 3.659600019454956, "confidence": -1.0},"geometry": {"type": "Polygon","coordinates": [[[-106.92346403874262, 47.30596744601603], [-106.92317727051633, 47.30597293064872], [-106.92318093429023, 47.306061010705704], [-106.92346770308215, 47.30605553968086], [-106.92346403874262, 47.30596744601603]]]}}
{"type": "Feature", "properties": { "height": -1.0, "confidence": -1.0},"geometry": {"type": "Polygon","coordinates": [[[-106.979883, 47.293685], [-106.9799, 47.293706], [-106.980009, 47.293664], [-106.979992, 47.293644], [-106.979883, 47.293685]]]}}
{"type": "Feature", "properties": { "height": -1.0, "confidence": -1.0},"geometry": {"type": "Polygon","coordinates": [[[-107.093788, 47.279637], [-107.093788, 47.279748], [-107.093957, 47.279748], [-107.093957, 47.279637], [-107.093788, 47.279637]]]}}
{"type": "Feature", "properties": { "height": 3.7023580074310303, "confidence": -1.0},"geometry": {"type": "Polygon","coordinates": [[[-107.32028538897401, 47.46372029042347], [-107.32013906391994, 47.463722644439514], [-107.32014257238316, 47.46382232082544], [-107.32025673951132, 47.4638204841561], [-107.32025443631225, 47.46375524155845], [-107.32028660455131, 47.46375472404966], [-107.32028538897401, 47.46372029042347]]]}}
{"type": "Feature", "properties": { "height": -1.0, "confidence": -1.0},"geometry": {"type": "Polygon","coordinates": [[[-107.393072, 47.410447], [-107.392964, 47.410388], [-107.39294, 47.410386], [-107.392947, 47.410337], [-107.392918, 47.410299], [-107.392871, 47.410296], [-107.392853, 47.410272], [-107.392847, 47.410277], [-107.392749, 47.410311], [-107.392742, 47.410364], [-107.392835, 47.41037], [-107.392862, 47.410405], [-107.392796, 47.410428], [-107.392792, 47.410456], [-107.392865, 47.410461], [-107.392913, 47.410523], [-107.392959, 47.410549], [-107.393028, 47.41064], [-107.393093, 47.410644], [-107.393137, 47.410702], [-107.393195, 47.410706], [-107.393202, 47.410658], [-107.393334, 47.410612], [-107.39334, 47.410568], [-107.393381, 47.410554], [-107.393384, 47.410532], [-107.393323, 47.410528], [-107.393328, 47.410493], [-107.393281, 47.410468], [-107.393191, 47.410462], [-107.393176, 47.410454], [-107.393072, 47.410447]]]}}
{"type": "Feature", "properties": { "height": -1.0, "confidence": -1.0},"geometry": {"type": "Polygon","coordinates": [[[-107.423557, 47.358405], [-107.423487, 47.358408], [-107.423493, 47.358463], [-107.423563, 47.35846], [-107.423557, 47.358405]]]}}
{"type": "Feature", "properties": { "height": -1.0, "confidence": -1.0},"geometry": {"type": "Polygon","coordinates": [[[-107.425149, 47.473316], [-107.425247, 47.473323], [-107.425266, 47.473201], [-107.425168, 47.473194], [-107.425149, 47.473316]]]}}
{"type": "Feature", "properties": { "height": 4.758358478546143, "confidence": -1.0},"geometry": {"type": "Polygon","coordinates": [[[-107.48956715180525, 47.100170207834175], [-107.48946633284288, 47.10000521074437], [-107.48916906671808, 47.10008936484964], [-107.48926988568043, 47.100254361678644], [-107.48956715180525, 47.100170207834175]]]}}
{"type": "Feature", "properties": { "height": 3.6321048736572266, "confidence": -1.0},"geometry": {"type": "Polygon","coordinates": [[[-107.51649341220136, 47.104773065838394], [-107.51649655595084, 47.10484517382169], [-107.51665053856131, 47.104842063569215], [-107.5166460163066, 47.104738091644435], [-107.51652150135455, 47.104740606692715], [-107.51652289060246, 47.10477247181578], [-107.51649341220136, 47.104773065838394]]]}}
{"type": "Feature", "properties": { "height": -1.0, "confidence": -1.0},"geometry": {"type": "Polygon","coordinates": [[[-106.91125049538887, 47.317674991611824], [-106.91112077542206, 47.317672480406124], [-106.91111904885528, 47.317713470719006], [-106.91124877330887, 47.3177159758545], [-106.91125049538887, 47.317674991611824]]]}}
{"type": "Feature", "properties": { "height": 3.3764824867248535, "confidence": -1.0},"geometry": {"type": "Polygon","coordinates": [[[-106.91197800083843, 47.32214987732136], [-106.91183324766882, 47.322147487387745], [-106.91183115240707, 47.32220563528647], [-106.91177754012205, 47.322204750126815], [-106.91177393889089, 47.322304691679875], [-106.91182642741873, 47.32230555828422], [-106.91182437357487, 47.32236272036721], [-106.91197024435414, 47.32236513566383], [-106.91197800083843, 47.32214987732136]]]}}
{"type": "Feature", "properties": { "height": 3.892815351486206, "confidence": -1.0},"geometry": {"type": "Polygon","coordinates": [[[-106.91216835444267, 47.313457067996076], [-106.91217190019444, 47.31333612427656], [-106.91202315575927, 47.31333411975828], [-106.91202347439017, 47.313323213008], [-106.91189746017787, 47.31332151480763], [-106.91189491113052, 47.31340876874972], [-106.91202360649628, 47.31341050307913], [-106.91202230343868, 47.313455106710016], [-106.91216835444267, 47.313457067996076]]]}}
{"type": "Feature", "properties": { "height": 3.162928819656372, "confidence": -1.0},"geometry": {"type": "Polygon","coordinates": [[[-106.91432216142528, 47.32450106406911], [-106.91416766566765, 47.32450307235847], [-106.91416972237285, 47.3245757704859], [-106.91426254241566, 47.324574563920436], [-106.91426305471609, 47.32459273846146], [-106.91432472292742, 47.32459193683815], [-106.91432216142528, 47.32450106406911]]]}}
{"type": "Feature", "properties": { "height": 3.7507834434509277, "confidence": -1.0},"geometry": {"type": "Polygon","coordinates": [[[-107.23072126642917, 47.48570508718637], [-107.23054158401149, 47.48570363396484], [-107.23053689344177, 47.48597004277867], [-107.23071657585946, 47.48597149599283], [-107.23072126642917, 47.48570508718637]]]}}
{"type": "Feature", "properties": { "height": -1.0, "confidence": -1.0},"geometry": {"type": "Polygon","coordinates": [[[-107.4077511033051, 47.28146559766245], [-107.40757956583022, 47.2814624701218], [-107.40757747683801, 47.28151520051392], [-107.4077490143129, 47.28151832805147], [-107.4077511033051, 47.28146559766245]]]}}
{"type": "Feature", "properties": { "height": -1.0, "confidence": -1.0},"geometry": {"type": "Polygon","coordinates": [[[-107.42388721193691, 47.47276112789595], [-107.42390732724641, 47.472806688485356], [-107.42401480315323, 47.47278500819254], [-107.42399469423647, 47.472739451379596], [-107.42388721193691, 47.47276112789595]]]}}
{"type": "Feature", "properties": { "height": -1.0, "confidence": -1.0},"geometry": {"type": "Polygon","coordinates": [[[-107.445695, 47.344], [-107.44569, 47.34396], [-107.445542, 47.343968], [-107.445547, 47.344008], [-107.445695, 47.344]]]}}
{"type": "Feature", "properties": { "height": -1.0, "confidence": -1.0},"geometry": {"type": "Polygon","coordinates": [[[-106.91211322714442, 47.32216835934481], [-106.91239211016078, 47.32217128344789], [-106.91239302265946, 47.322131292532895], [-106.91221872077422, 47.32212946496709], [-106.91221950884126, 47.322094927333126], [-106.91214710651968, 47.3220941681899], [-106.91214627697545, 47.32213052359397], [-106.91211409816587, 47.3221301861972], [-106.91211322714442, 47.32216835934481]]]}}
{"type": "Feature", "properties": { "height": 3.756720781326294, "confidence": -1.0},"geometry": {"type": "Polygon","coordinates": [[[-106.915370612131, 47.32273983228376], [-106.91537306699723, 47.32284889779141], [-106.91570558350752, 47.32284545870984], [-106.9157035787001, 47.3227563885563], [-106.91558558897066, 47.32275760887766], [-106.91558468885303, 47.32271761814856], [-106.91549351497117, 47.32271856112485], [-106.91549396502998, 47.32273855649284], [-106.915370612131, 47.32273983228376]]]}}
{"type": "Feature", "properties": { "height": -1.0, "confidence": -1.0},"geometry": {"type": "Polygon","coordinates": [[[-106.92066608473269, 47.30746091766487], [-106.92087383045293, 47.30744520247289], [-106.9208788548794, 47.307475740451764], [-106.92098107053143, 47.30746800822017], [-106.92096894528837, 47.30739435832771], [-106.92065898702943, 47.307417805539366], [-106.92066608473269, 47.30746091766487]]]}}
{"type": "Feature", "properties": { "height": -1.0, "confidence": -1.0},"geometry": {"type": "Polygon","coordinates": [[[-106.94641061511669, 47.43058764498488], [-106.94640845951172, 47.4306247843459], [-106.94648758441264, 47.43062688599937], [-106.94648974363659, 47.43058975048239], [-106.94641061511669, 47.43058764498488]]]}}
{"type": "Feature", "properties": { "height": 4.92033576965332, "confidence": -1.0},"geometry": {"type": "Polygon","coordinates": [[[-107.19338681789428, 47.098358824042265], [-107.19332962652902, 47.09826773695624], [-107.19272863569557, 47.09844260353283], [-107.19278582706086, 47.09853369031971], [-107.19338681789428, 47.098358824042265]]]}}
{"type": "Feature", "properties": { "height": -1.0, "confidence": -1.0},"geometry": {"type": "Polygon","coordinates": [[[-107.266825, 47.369937], [-107.266702, 47.369937], [-107.266702, 47.370151], [-107.266825, 47.370151], [-107.266825, 47.369937]]]}}
{"type": "Feature", "properties": { "height": -1.0, "confidence": -1.0},"geometry": {"type": "Polygon","coordinates": [[[-107.32666479127879, 47.26260028409936], [-107.32674255266244, 47.262599382899054], [-107.32674081258745, 47.262530233432095], [-107.32666305120382, 47.2625311346336], [-107.32666479127879, 47.26260028409936]]]}}
{"type": "Feature", "properties": { "height": -1.0, "confidence": -1.0},"geometry": {"type": "Polygon","coordinates": [[[-107.34276359830041, 47.27566434726083], [-107.34270192713662, 47.27566360049805], [-107.34270044364622, 47.27571999640027], [-107.34276211481003, 47.27572074316224], [-107.34276359830041, 47.27566434726083]]]}}
{"type": "Feature", "properties": { "height": -1.0, "confidence": -1.0},"geometry": {"type": "Polygon","coordinates": [[[-107.556494, 47.141606], [-107.556495, 47.141556], [-107.556424, 47.141556], [-107.556423, 47.141605], [-107.556494, 47.141606]]]}}
{"type": "Feature", "properties": { "height": 3.6063461303710938, "confidence": -1.0},"geometry": {"type": "Polygon","coordinates": [[[-106.90516752244876, 47.30829837849402], [-106.90500379237393, 47.30831227901528], [-106.90506331035282, 47.30863458741336], [-106.90522704042766, 47.30862068697685], [-106.90516752244876, 47.30829837849402]]]}}
{"type": "Feature", "properties": { "height": -1.0, "confidence": -1.0},"geometry": {"type": "Polygon","coordinates": [[[-106.914715, 47.310604], [-106.914804, 47.310604], [-106.914804, 47.310571], [-106.914715, 47.310571], [-106.914715, 47.310604]]]}}
{"type": "Feature", "properties": { "height": -1.0, "confidence": -1.0},"geometry": {"type": "Polygon","coordinates": [[[-106.915635, 47.326042], [-106.915553, 47.326031], [-106.915541, 47.326069], [-106.915505, 47.326064], [-106.915488, 47.326124], [-106.915606, 47.32614], [-106.915598, 47.326168], [-106.915683, 47.326179], [-106.915688, 47.326162], [-106.915711, 47.326165], [-106.915729, 47.326106], [-106.915621, 47.326091], [-106.915635, 47.326042]]]}}
{"type": "Feature", "properties": { "height": 11.63734245300293, "confidence": -1.0},"geometry": {"type": "Polygon","coordinates": [[[-106.91654207506664, 47.312573958449676], [-106.91653576473163, 47.31248687898421], [-106.91640869417262, 47.31249111190324], [-106.91641499554017, 47.31257819166044], [-106.91654207506664, 47.312573958449676]]]}}
{"type": "Feature", "properties": { "height": -1.0, "confidence": -1.0},"geometry": {"type": "Polygon","coordinates": [[[-106.94010770452027, 47.32568639374684], [-106.93993608346288, 47.32568817679925], [-106.93993715211568, 47.32573543580804], [-106.93991991989014, 47.325735614841605], [-106.93992510036547, 47.32596576118373], [-106.94011397760902, 47.32596380781933], [-106.94010770452027, 47.32568639374684]]]}}
{"type": "Feature", "properties": { "height": 3.0772171020507812, "confidence": -1.0},"geometry": {"type": "Polygon","coordinates": [[[-107.124941866332, 47.50978332523008], [-107.12472906763746, 47.50978106171992], [-107.12472795140093, 47.509828940974046], [-107.12494075528875, 47.50983119447711], [-107.124941866332, 47.50978332523008]]]}}
{"type": "Feature", "properties": { "height": 3.1359593868255615, "confidence": -1.0},"geometry": {"type": "Polygon","coordinates": [[[-107.46766376438482, 47.47201530909688], [-107.46776624246792, 47.47210212753047], [-107.46785575534159, 47.472053847091836], [-107.46775327482042, 47.471967034128156], [-107.46766376438482, 47.47201530909688]]]}}
{"type": "Feature", "properties": { "height": -1.0, "confidence": -1.0},"geometry": {"type": "Polygon","coordinates": [[[-106.9020740549249, 47.29607822089953], [-106.90196072089819, 47.29608843683102], [-106.90200378562946, 47.296308303886015], [-106.9021171196562, 47.296298087997016], [-106.9020740549249, 47.29607822089953]]]}}
{"type": "Feature", "properties": { "height": 2.537426471710205, "confidence": -1.0},"geometry": {"type": "Polygon","coordinates": [[[-106.90569925554095, 47.32523431479381], [-106.90558543326259, 47.32503511679686], [-106.90552479281972, 47.32505103727976], [-106.90563861509813, 47.32525023521667], [-106.90569925554095, 47.32523431479381]]]}}
{"type": "Feature", "properties": { "height": 4.945176124572754, "confidence": -1.0},"geometry": {"type": "Polygon","coordinates": [[[-106.90733349076835, 47.31917173273078], [-106.90689829824186, 47.319118460076346], [-106.90679918735893, 47.31949069299478], [-106.90723434799484, 47.3195439407235], [-106.90733349076835, 47.31917173273078]]]}}
{"type": "Feature", "properties": { "height": -1.0, "confidence": -1.0},"geometry": {"type": "Polygon","coordinates": [[[-107.19593439766643, 47.424252925861], [-107.19615145447935, 47.424248444627416], [-107.19614867423883, 47.42418680262979], [-107.19593161742594, 47.42419128386861], [-107.19593439766643, 47.424252925861]]]}}
{"type": "Feature", "properties": { "height": -1.0, "confidence": -1.0},"geometry": {"type": "Polygon","coordinates": [[[-107.546369, 47.283345], [-107.546306, 47.28342], [-107.546874, 47.283636], [-107.546896, 47.283609], [-107.546986, 47.283643], [-107.547026, 47.283594], [-107.546369, 47.283345]]]}}
{"type": "Feature", "properties": { "height": -1.0, "confidence": -1.0},"geometry": {"type": "Polygon","coordinates": [[[-107.56130657219673, 47.046363038451986], [-107.5611966694728, 47.046364899131284], [-107.56120153135434, 47.04649823686472], [-107.56131143407826, 47.04649637619007], [-107.56130657219673, 47.046363038451986]]]}}
{"type": "Feature", "properties": { "height": 3.4151811599731445, "confidence": -1.0},"geometry": {"type": "Polygon","coordinates": [[[-106.90624642489624, 47.32104915374561], [-106.9063992891699, 47.3210479208041], [-106.90639762991935, 47.320953385532505], [-106.90624744747507, 47.320954596845624], [-106.90624783037902, 47.320976412692055], [-106.90620760293861, 47.32097673715078], [-106.90620852828984, 47.32102945874212], [-106.90624607390095, 47.32102915591427], [-106.90624642489624, 47.32104915374561]]]}}
{"type": "Feature", "properties": { "height": -1.0, "confidence": -1.0},"geometry": {"type": "Polygon","coordinates": [[[-106.908211, 47.316041], [-106.908375, 47.316041], [-106.908375, 47.31599], [-106.908211, 47.31599], [-106.908211, 47.316041]]]}}
{"type": "Feature", "properties": { "height": 2.8136091232299805, "confidence": -1.0},"geometry": {"type": "Polygon","coordinates": [[[-106.90966305776851, 47.318954090315074], [-106.90962136095311, 47.31895373025162], [-106.909622406257, 47.31889809896982], [-106.90950588440136, 47.31889708724193], [-106.90950383715861, 47.31900544647625], [-106.90946750919218, 47.31900513277456], [-106.9094663135805, 47.31906876333291], [-106.90956017566636, 47.31906957385603], [-106.90956065391104, 47.31904412164228], [-106.90966134036867, 47.31904499109602], [-106.90966305776851, 47.318954090315074]]]}}
{"type": "Feature", "properties": { "height": -1.0, "confidence": -1.0},"geometry": {"type": "Polygon","coordinates": [[[-106.938467, 47.495634], [-106.938391, 47.495617], [-106.938375, 47.495648], [-106.938451, 47.495665], [-106.938467, 47.495634]]]}}
{"type": "Feature", "properties": { "height": -1.0, "confidence": -1.0},"geometry": {"type": "Polygon","coordinates": [[[-107.250138, 47.432568], [-107.250106, 47.4326], [-107.250273, 47.432677], [-107.250306, 47.432643], [-107.25027, 47.432627], [-107.250308, 47.432588], [-107.250065, 47.432477], [-107.250025, 47.432517], [-107.250138, 47.432568]]]}}
{"type": "Feature", "properties": { "height": -1.0, "confidence": -1.0},"geometry": {"type": "Polygon","coordinates": [[[-107.293629, 47.119173], [-107.293615, 47.119014], [-107.293464, 47.11902], [-107.293478, 47.119179], [-107.293629, 47.119173]]]}}
{"type": "Feature", "properties": { "height": -1.0, "confidence": -1.0},"geometry": {"type": "Polygon","coordinates": [[[-106.90550396202765, 47.32123617827717], [-106.90560050128929, 47.321235230163666], [-106.90559770402902, 47.32110434453318], [-106.9055011647674, 47.321105292649044], [-106.90550396202765, 47.32123617827717]]]}}
{"type": "Feature", "properties": { "height": -1.0, "confidence": -1.0},"geometry": {"type": "Polygon","coordinates": [[[-106.90714440942159, 47.30508046744816], [-106.9070612698626, 47.305079883481284], [-106.90706068647715, 47.305118073985135], [-106.90714382603613, 47.30511865795158], [-106.90714440942159, 47.30508046744816]]]}}
{"type": "Feature", "properties": { "height": -1.0, "confidence": -1.0},"geometry": {"type": "Polygon","coordinates": [[[-106.90906478034769, 47.311528912312795], [-106.90901105964114, 47.31163121528183], [-106.90908247352219, 47.31164845417026], [-106.90913619580807, 47.311546148226945], [-106.90906478034769, 47.311528912312795]]]}}
{"type": "Feature", "properties": { "height": 2.9084901809692383, "confidence": -1.0},"geometry": {"type": "Polygon","coordinates": [[[-106.91225332159023, 47.323160715198966], [-106.91246777794305, 47.323157276249276], [-106.91246253234297, 47.323007408150104], [-106.9123767499442, 47.3230087878014], [-106.91237986648306, 47.32309782814049], [-106.91225119288494, 47.32309989761387], [-106.91225332159023, 47.323160715198966]]]}}
{"type": "Feature", "properties": { "height": -1.0, "confidence": -1.0},"geometry": {"type": "Polygon","coordinates": [[[-106.952703, 47.457936], [-106.952645, 47.457942], [-106.952654, 47.457985], [-106.952712, 47.457979], [-106.952703, 47.457936]]]}}
{"type": "Feature", "properties": { "height": -1.0, "confidence": -1.0},"geometry": {"type": "Polygon","coordinates": [[[-106.994588, 47.382002], [-106.994808, 47.381996], [-106.994882, 47.381973], [-106.994878, 47.381948], [-106.994698, 47.381722], [-106.994581, 47.38173], [-106.994556, 47.381738], [-106.994559, 47.381751], [-106.994569, 47.381767], [-106.994573, 47.381787], [-106.994601, 47.381829], [-106.994604, 47.381848], [-106.994556, 47.381863], [-106.994548, 47.381815], [-106.99454, 47.381815], [-106.994486, 47.381832], [-106.994492, 47.381866], [-106.994523, 47.381864], [-106.994542, 47.381891], [-106.994551, 47.381948], [-106.994588, 47.382002]]]}}
{"type": "Feature", "properties": { "height": -1.0, "confidence": -1.0},"geometry": {"type": "Polygon","coordinates": [[[-107.07055108709905, 47.30822463949931], [-107.07051343979374, 47.30815381837948], [-107.07045884222948, 47.30816716200892], [-107.0704964895348, 47.30823798311086], [-107.07055108709905, 47.30822463949931]]]}}
{"type": "Feature", "properties": { "height": -1.0, "confidence": -1.0},"geometry": {"type": "Polygon","coordinates": [[[-107.09715615085474, 47.28512656006425], [-107.09715567255498, 47.285173864235865], [-107.09716751306563, 47.28517391932663], [-107.09716725289171, 47.28519939077388], [-107.09717261705482, 47.285199415731896], [-107.09717203314139, 47.28525658175544], [-107.09723908514762, 47.2852568969136], [-107.09723969841441, 47.285196857148414], [-107.0972305423575, 47.28519681411303], [-107.09723124917419, 47.28512690947715], [-107.09715615085474, 47.28512656006425]]]}}
{"type": "Feature", "properties": { "height": -1.0, "confidence": -1.0},"geometry": {"type": "Polygon","coordinates": [[[-107.321137, 47.46337], [-107.321177, 47.46337], [-107.321177, 47.46332], [-107.321137, 47.46332], [-107.321137, 47.46337]]]}}
{"type": "Feature", "properties": { "height": -1.0, "confidence": -1.0},"geometry": {"type": "Polygon","coordinates": [[[-107.391371, 47.41179], [-107.3915, 47.41179], [-107.3915, 47.411723], [-107.391462, 47.411723], [-107.391462, 47.411697], [-107.391371, 47.411697], [-107.391371, 47.41179]]]}}
{"type": "Feature", "properties": { "height": -1.0, "confidence": -1.0},"geometry": {"type": "Polygon","coordinates": [[[-107.424528, 47.473082], [-107.424507, 47.473203], [-107.424672, 47.473216], [-107.424692, 47.473094], [-107.424528, 47.473082]]]}}
{"type": "Feature", "properties": { "height": -1.0, "confidence": -1.0},"geometry": {"type": "Polygon","coordinates": [[[-107.525759, 47.388647], [-107.525741, 47.388691], [-107.525791, 47.3887], [-107.525809, 47.388657], [-107.525759, 47.388647]]]}}
{"type": "Feature", "properties": { "height": 4.152444839477539, "confidence": -1.0},"geometry": {"type": "Polygon","coordinates": [[[-106.9070290586041, 47.32086605522609], [-106.9068976575441, 47.32086477095958], [-106.906895988304, 47.32094363818688], [-106.90702738949592, 47.32094491621845], [-106.9070290586041, 47.32086605522609]]]}}
{"type": "Feature", "properties": { "height": 3.6675660610198975, "confidence": -1.0},"geometry": {"type": "Polygon","coordinates": [[[-106.90859456465314, 47.30189526187699], [-106.908735868736, 47.30193556156627], [-106.90882309257067, 47.30179491761786], [-106.90872509135194, 47.30176696776227], [-106.90871874269118, 47.30177720466933], [-106.908675438744, 47.30176485647722], [-106.90859456465314, 47.30189526187699]]]}}
{"type": "Feature", "properties": { "height": -1.0, "confidence": -1.0},"geometry": {"type": "Polygon","coordinates": [[[-106.91221942041525, 47.317609713644416], [-106.9122229551085, 47.31780424829437], [-106.9122900001609, 47.31780368841607], [-106.91228646546763, 47.31760915376405], [-106.91221942041525, 47.317609713644416]]]}}
{"type": "Feature", "properties": { "height": -1.0, "confidence": -1.0},"geometry": {"type": "Polygon","coordinates": [[[-106.91292308069384, 47.32277021673924], [-106.91292366061707, 47.32275661680522], [-106.91284058138396, 47.322754992890516], [-106.91283783259371, 47.322819455472356], [-106.91294396112959, 47.322821534954606], [-106.91294299412635, 47.3228442674167], [-106.91300195370101, 47.32284541987267], [-106.91300295831861, 47.32282180316596], [-106.91311551750657, 47.32282400331012], [-106.91311764333375, 47.322774029002545], [-106.91292308069384, 47.32277021673924]]]}}
{"type": "Feature", "properties": { "height": 5.663756847381592, "confidence": -1.0},"geometry": {"type": "Polygon","coordinates": [[[-106.91406376840479, 47.31833591984235], [-106.91399680706282, 47.31833422008161], [-106.91399399888562, 47.31838506215714], [-106.91394846517306, 47.318383906320925], [-106.91394500638737, 47.31844652760333], [-106.91405750173627, 47.318449377865136], [-106.91406376840479, 47.31833591984235]]]}}
{"type": "Feature", "properties": { "height": -1.0, "confidence": -1.0},"geometry": {"type": "Polygon","coordinates": [[[-107.11635739086589, 47.37695587288988], [-107.11633452701562, 47.376843579545074], [-107.11628451577437, 47.37684824895817], [-107.11630737962462, 47.37696054229302], [-107.11635739086589, 47.37695587288988]]]}}
{"type": "Feature", "properties": { "height": -1.0, "confidence": -1.0},"geometry": {"type": "Polygon","coordinates": [[[-107.149486, 47.247409], [-107.14949, 47.247356], [-107.149421, 47.247354], [-107.149417, 47.247407], [-107.149486, 47.247409]]]}}
{"type": "Feature", "properties": { "height": 10.346372604370117, "confidence": -1.0},"geometry": {"type": "Polygon","coordinates": [[[-107.22408800227367, 47.34021167720765], [-107.22377613068281, 47.34020065770205], [-107.22376833050359, 47.340302166615665], [-107.22408019163876, 47.34031318573065], [-107.22408800227367, 47.34021167720765]]]}}
{"type": "Feature", "properties": { "height": -1.0, "confidence": -1.0},"geometry": {"type": "Polygon","coordinates": [[[-107.550604, 47.284515], [-107.550627, 47.284545], [-107.550573, 47.284564], [-107.550664, 47.284679], [-107.550772, 47.284639], [-107.550658, 47.284495], [-107.550604, 47.284515]]]}}
{"type": "Feature", "properties": { "height": 3.3627636432647705, "confidence": -1.0},"geometry": {"type": "Polygon","coordinates": [[[-106.91082021054396, 47.32421459659868], [-106.91082326380484, 47.3242818037324], [-106.91095188785869, 47.32427911878453], [-106.91094883459778, 47.3242119116474], [-106.91082021054396, 47.32421459659868]]]}}
{"type": "Feature", "properties": { "height": -1.0, "confidence": -1.0},"geometry": {"type": "Polygon","coordinates": [[[-107.072221, 47.308763], [-107.072184, 47.308756], [-107.072158, 47.308819], [-107.072195, 47.308826], [-107.072221, 47.308763]]]}}
{"type": "Feature", "properties": { "height": -1.0, "confidence": -1.0},"geometry": {"type": "Polygon","coordinates": [[[-106.8934437752283, 47.29850829929097], [-106.89352661009391, 47.29862494715433], [-106.89357233209812, 47.29861001409845], [-106.89348949723251, 47.29849336620215], [-106.8934437752283, 47.29850829929097]]]}}
{"type": "Feature", "properties": { "height": -1.0, "confidence": -1.0},"geometry": {"type": "Polygon","coordinates": [[[-106.90396055426619, 47.3204948247852], [-106.90387210426206, 47.32049322590859], [-106.90387021286661, 47.320541308976715], [-106.90395866303568, 47.32054290365832], [-106.90396055426619, 47.3204948247852]]]}}
{"type": "Feature", "properties": { "height": 3.066343069076538, "confidence": -1.0},"geometry": {"type": "Polygon","coordinates": [[[-106.90617188650563, 47.32392719768818], [-106.90629428050545, 47.32392588539018], [-106.9062933897874, 47.32388771393033], [-106.90617099972782, 47.32388902618703], [-106.90617188650563, 47.32392719768818]]]}}
{"type": "Feature", "properties": { "height": 5.040435791015625, "confidence": -1.0},"geometry": {"type": "Polygon","coordinates": [[[-106.90886784040543, 47.301509975481586], [-106.90903055842226, 47.301526340430186], [-106.90908403283323, 47.30128182463476], [-106.90892131316377, 47.30126546716734], [-106.90886784040543, 47.301509975481586]]]}}
{"type": "Feature", "properties": { "height": 2.8752782344818115, "confidence": -1.0},"geometry": {"type": "Polygon","coordinates": [[[-106.91384015512098, 47.31976263623065], [-106.9139648954607, 47.31976390868878], [-106.91396640918909, 47.31969571396466], [-106.91384166167964, 47.31969444735049], [-106.91384015512098, 47.31976263623065]]]}}
{"type": "Feature", "properties": { "height": -1.0, "confidence": -1.0},"geometry": {"type": "Polygon","coordinates": [[[-107.01896, 47.310886], [-107.01896, 47.310829], [-107.018636, 47.310829], [-107.018636, 47.310886], [-107.01896, 47.310886]]]}}
{"type": "Feature", "properties": { "height": 2.8244376182556152, "confidence": -1.0},"geometry": {"type": "Polygon","coordinates": [[[-107.24697990487172, 47.42042614001725], [-107.24697736705276, 47.4203663003551], [-107.24685846180665, 47.420368614617196], [-107.2468610058103, 47.42042845415634], [-107.24697990487172, 47.42042614001725]]]}}
{"type": "Feature", "properties": { "height": -1.0, "confidence": -1.0},"geometry": {"type": "Polygon","coordinates": [[[-107.29711, 47.372478], [-107.29711, 47.37258], [-107.297373, 47.37258], [-107.297373, 47.372478], [-107.29711, 47.372478]]]}}
{"type": "Feature", "properties": { "height": 3.149261236190796, "confidence": -1.0},"geometry": {"type": "Polygon","coordinates": [[[-107.4033232358878, 47.21564415582693], [-107.40334979100419, 47.2156783721276], [-107.40353976251315, 47.21561034984604], [-107.4035132101558, 47.21557613251355], [-107.4033232358878, 47.21564415582693]]]}}
{"type": "Feature", "properties": { "height": 4.307511806488037, "confidence": -1.0},"geometry": {"type": "Polygon","coordinates": [[[-107.403819, 47.4491], [-107.403655, 47.449064], [-107.403578, 47.449224], [-107.403742, 47.44926], [-107.403819, 47.4491]]]}}
{"type": "Feature", "properties": { "height": -1.0, "confidence": -1.0},"geometry": {"type": "Polygon","coordinates": [[[-107.48767704407146, 47.50511048690572], [-107.48771917584627, 47.50503202815659], [-107.48756510613686, 47.504994273640825], [-107.48752985301917, 47.50505992285347], [-107.48757725908361, 47.50507153961593], [-107.48756092227296, 47.505101962387215], [-107.48761179632073, 47.50511442896204], [-107.48762125286157, 47.505096815389805], [-107.48767704407146, 47.50511048690572]]]}}
{"type": "Feature", "properties": { "height": -1.0, "confidence": -1.0},"geometry": {"type": "Polygon","coordinates": [[[-107.525015, 47.070894], [-107.525163, 47.070916], [-107.525188, 47.070842], [-107.52504, 47.070819], [-107.525015, 47.070894]]]}}
{"type": "Feature", "properties": { "height": -1.0, "confidence": -1.0},"geometry": {"type": "Polygon","coordinates": [[[-107.55240335342074, 47.46557219346448], [-107.5524287914951, 47.4655743298474], [-107.55241139971334, 47.46566897202257], [-107.55248634699299, 47.46567526635861], [-107.55252916239748, 47.46544214291531], [-107.55242878583381, 47.46543371765036], [-107.55240335342074, 47.46557219346448]]]}}
{"type": "Feature", "properties": { "height": -1.0, "confidence": -1.0},"geometry": {"type": "Polygon","coordinates": [[[-106.91097374711225, 47.2967309613951], [-106.9110086939255, 47.29684316792563], [-106.91105747926522, 47.29683617924742], [-106.91102253176157, 47.29672397048533], [-106.91097374711225, 47.2967309613951]]]}}
{"type": "Feature", "properties": { "height": 3.5989577770233154, "confidence": -1.0},"geometry": {"type": "Polygon","coordinates": [[[-106.91469096746654, 47.32078254443348], [-106.91455688263514, 47.32078380403906], [-106.91456065405256, 47.32096922986804], [-106.91469079490561, 47.320968007316836], [-106.91468895656945, 47.32087808008813], [-106.91473849872104, 47.32087761703583], [-106.91473748067622, 47.32082756373632], [-106.91469189183356, 47.32082799200186], [-106.91469096746654, 47.32078254443348]]]}}
{"type": "Feature", "properties": { "height": -1.0, "confidence": -1.0},"geometry": {"type": "Polygon","coordinates": [[[-106.916981, 47.324367], [-106.917123, 47.324373], [-106.917117, 47.324429], [-106.917293, 47.324438], [-106.917299, 47.324385], [-106.917379, 47.324389], [-106.917397, 47.324208], [-106.916999, 47.324189], [-106.916981, 47.324367]]]}}
{"type": "Feature", "properties": { "height": -1.0, "confidence": -1.0},"geometry": {"type": "Polygon","coordinates": [[[-106.916992, 47.453381], [-106.91709, 47.453415], [-106.917128, 47.453364], [-106.917029, 47.45333], [-106.916992, 47.453381]]]}}
{"type": "Feature", "properties": { "height": -1.0, "confidence": -1.0},"geometry": {"type": "Polygon","coordinates": [[[-107.114798, 47.380915], [-107.114798, 47.380975], [-107.114867, 47.380975], [-107.114867, 47.380915], [-107.114798, 47.380915]]]}}
{"type": "Feature", "properties": { "height": -1.0, "confidence": -1.0},"geometry": {"type": "Polygon","coordinates": [[[-107.29591, 47.483305], [-107.295894, 47.483232], [-107.295724, 47.483249], [-107.29574, 47.483322], [-107.29591, 47.483305]]]}}
{"type": "Feature", "properties": { "height": -1.0, "confidence": -1.0},"geometry": {"type": "Polygon","coordinates": [[[-107.40660413419235, 47.47159657353436], [-107.40666221224123, 47.47164351643115], [-107.4067616473541, 47.47158730587054], [-107.40670356930525, 47.47154036292354], [-107.40660413419235, 47.47159657353436]]]}}
{"type": "Feature", "properties": { "height": -1.0, "confidence": -1.0},"geometry": {"type": "Polygon","coordinates": [[[-107.55173, 47.465862], [-107.551806, 47.465863], [-107.551808, 47.465807], [-107.551732, 47.465806], [-107.55173, 47.465862]]]}}
{"type": "Feature", "properties": { "height": -1.0, "confidence": -1.0},"geometry": {"type": "Polygon","coordinates": [[[-106.90321250340766, 47.32003700772207], [-106.9031267542231, 47.32003521761687], [-106.90312435569302, 47.32008789753959], [-106.9032101048776, 47.320089687643], [-106.90321250340766, 47.32003700772207]]]}}
{"type": "Feature", "properties": { "height": 3.25931978225708, "confidence": -1.0},"geometry": {"type": "Polygon","coordinates": [[[-106.90622353941518, 47.318466891560604], [-106.90630770994208, 47.31846921585855], [-106.9063102143576, 47.31842746339847], [-106.90622604813412, 47.31842513921754], [-106.90622353941518, 47.318466891560604]]]}}
{"type": "Feature", "properties": { "height": 2.833428382873535, "confidence": -1.0},"geometry": {"type": "Polygon","coordinates": [[[-106.91204429147892, 47.317502284005556], [-106.9120941266999, 47.317503501761664], [-106.91210041479754, 47.31738546164259], [-106.91205056740614, 47.31738424358636], [-106.91204429147892, 47.317502284005556]]]}}
{"type": "Feature", "properties": { "height": -1.0, "confidence": -1.0},"geometry": {"type": "Polygon","coordinates": [[[-106.91460046872696, 47.321608019385856], [-106.91494908962493, 47.321604760999236], [-106.9149480913076, 47.32155567829798], [-106.91459947040961, 47.32155893668763], [-106.91460046872696, 47.321608019385856]]]}}
{"type": "Feature", "properties": { "height": -1.0, "confidence": -1.0},"geometry": {"type": "Polygon","coordinates": [[[-106.91919521979595, 47.30894736796932], [-106.91899230068822, 47.30892901387641], [-106.91897015321307, 47.309041586012796], [-106.9191730723208, 47.3090599400666], [-106.91919521979595, 47.30894736796932]]]}}
{"type": "Feature", "properties": { "height": 3.8801021575927734, "confidence": -1.0},"geometry": {"type": "Polygon","coordinates": [[[-106.921965, 47.32247], [-106.921969, 47.322525], [-106.922074, 47.322521], [-106.92207, 47.322467], [-106.921965, 47.32247]]]}}
{"type": "Feature", "properties": { "height": 3.873891592025757, "confidence": -1.0},"geometry": {"type": "Polygon","coordinates": [[[-106.9306361483878, 47.304419877893004], [-106.93063689872608, 47.30446647933977], [-106.93048939481396, 47.304467571413504], [-106.93049095760689, 47.30456463205227], [-106.93089465943572, 47.30456166233266], [-106.93089275722663, 47.30444275928884], [-106.93079352724627, 47.3044434939575], [-106.93079313096287, 47.304418723091445], [-106.9306361483878, 47.304419877893004]]]}}
{"type": "Feature", "properties": { "height": -1.0, "confidence": -1.0},"geometry": {"type": "Polygon","coordinates": [[[-106.957948, 47.268292], [-106.957863, 47.268558], [-106.957963, 47.268573], [-106.958047, 47.268307], [-106.957948, 47.268292]]]}}
{"type": "Feature", "properties": { "height": -1.0, "confidence": -1.0},"geometry": {"type": "Polygon","coordinates": [[[-107.073288, 47.395597], [-107.073086, 47.39561], [-107.073097, 47.39569], [-107.073299, 47.395677], [-107.073288, 47.395597]]]}}
{"type": "Feature", "properties": { "height": -1.0, "confidence": -1.0},"geometry": {"type": "Polygon","coordinates": [[[-107.551713, 47.465768], [-107.551826, 47.465768], [-107.551826, 47.4657], [-107.551713, 47.4657], [-107.551713, 47.465768]]]}}
{"type": "Feature", "properties": { "height": 3.349087715148926, "confidence": -1.0},"geometry": {"type": "Polygon","coordinates": [[[-106.9070030000547, 47.32309578975968], [-106.90700611677242, 47.32319574457613], [-106.90717502073124, 47.32319333258204], [-106.90717190401351, 47.32309337776102], [-106.9070030000547, 47.32309578975968]]]}}
{"type": "Feature", "properties": { "height": 5.69237756729126, "confidence": -1.0},"geometry": {"type": "Polygon","coordinates": [[[-106.90703987309026, 47.31880008681256], [-106.90727858275979, 47.318799214711575], [-106.90727748422736, 47.318661026291345], [-106.90733799179309, 47.31866080523266], [-106.90733752099328, 47.31860080223057], [-106.90758277018048, 47.31859990623473], [-106.90758161383059, 47.318454444181036], [-106.90727737275361, 47.318455555701476], [-106.90727581768766, 47.31825736293819], [-106.90703556568681, 47.31825824068293], [-106.90703987309026, 47.31880008681256]]]}}
{"type": "Feature", "properties": { "height": 4.828212261199951, "confidence": -1.0},"geometry": {"type": "Polygon","coordinates": [[[-106.91345103599167, 47.32751584037233], [-106.91359850637521, 47.32751397948172], [-106.91359456289736, 47.32737040553279], [-106.91344709251382, 47.327372266428455], [-106.91345103599167, 47.32751584037233]]]}}
{"type": "Feature", "properties": { "height": 3.6658902168273926, "confidence": -1.0},"geometry": {"type": "Polygon","coordinates": [[[-107.061408, 47.439535], [-107.061567, 47.439506], [-107.061512, 47.439371], [-107.061354, 47.4394], [-107.061408, 47.439535]]]}}
{"type": "Feature", "properties": { "height": 7.279654502868652, "confidence": -1.0},"geometry": {"type": "Polygon","coordinates": [[[-107.25798198746013, 47.27808580683438], [-107.25798556843345, 47.27814575910213], [-107.258047158101, 47.278144065831434], [-107.25805091323598, 47.27820693382386], [-107.25813124781241, 47.278204729020715], [-107.25812749244994, 47.278141857217385], [-107.25807393621731, 47.27814332962676], [-107.25807035524399, 47.27808337735626], [-107.25798198746013, 47.27808580683438]]]}}
{"type": "Feature", "properties": { "height": 16.222341537475586, "confidence": -1.0},"geometry": {"type": "Polygon","coordinates": [[[-107.406259, 47.041124], [-107.406186, 47.041111], [-107.406163, 47.041169], [-107.406235, 47.041183], [-107.406259, 47.041124]]]}}
{"type": "Feature", "properties": { "height": -1.0, "confidence": -1.0},"geometry": {"type": "Polygon","coordinates": [[[-107.548416, 47.283783], [-107.549428, 47.283988], [-107.549395, 47.284062], [-107.549703, 47.284125], [-107.549755, 47.284008], [-107.549585, 47.283973], [-107.549574, 47.283998], [-107.549489, 47.283981], [-107.549519, 47.283913], [-107.548454, 47.283697], [-107.548416, 47.283783]]]}}
{"type": "Feature", "properties": { "height": 4.414100646972656, "confidence": -1.0},"geometry": {"type": "Polygon","coordinates": [[[-106.9066695179277, 47.305048927151304], [-106.90689350302246, 47.30504972441028], [-106.90689450168941, 47.30492241235464], [-106.90667050345466, 47.304921615046965], [-106.9066695179277, 47.305048927151304]]]}}
{"type": "Feature", "properties": { "height": 2.8244597911834717, "confidence": -1.0},"geometry": {"type": "Polygon","coordinates": [[[-106.90759467054761, 47.32357133563517], [-106.9075980147738, 47.323617343544214], [-106.907889667499, 47.32360760250757], [-106.90788632427615, 47.3235616083933], [-106.90759467054761, 47.32357133563517]]]}}
{"type": "Feature", "properties": { "height": -1.0, "confidence": -1.0},"geometry": {"type": "Polygon","coordinates": [[[-106.983456, 47.141125], [-106.983617, 47.141167], [-106.983747, 47.140941], [-106.983586, 47.140898], [-106.983456, 47.141125]]]}}
{"type": "Feature", "properties": { "height": 2.6290059089660645, "confidence": -1.0},"geometry": {"type": "Polygon","coordinates": [[[-107.01332601603615, 47.074976224484494], [-107.01315402040873, 47.074947432361995], [-107.01312571138067, 47.07502584593765], [-107.01329770421707, 47.07505464574864], [-107.01332601603615, 47.074976224484494]]]}}
{"type": "Feature", "properties": { "height": 16.04056739807129, "confidence": -1.0},"geometry": {"type": "Polygon","coordinates": [[[-107.036705, 47.371106], [-107.036778, 47.371112], [-107.036789, 47.371047], [-107.036716, 47.371041], [-107.036705, 47.371106]]]}}
{"type": "Feature", "properties": { "height": -1.0, "confidence": -1.0},"geometry": {"type": "Polygon","coordinates": [[[-107.12413589482985, 47.44571241593244], [-107.1241340673429, 47.44580391149229], [-107.12422667568582, 47.445804757486144], [-107.12422851255184, 47.44571326639729], [-107.12413589482985, 47.44571241593244]]]}}
{"type": "Feature", "properties": { "height": -1.0, "confidence": -1.0},"geometry": {"type": "Polygon","coordinates": [[[-107.293595, 47.119184], [-107.293597, 47.119216], [-107.293607, 47.119215], [-107.293611, 47.119279], [-107.293649, 47.119278], [-107.293643, 47.119182], [-107.293595, 47.119184]]]}}
{"type": "Feature", "properties": { "height": 5.5616888999938965, "confidence": -1.0},"geometry": {"type": "Polygon","coordinates": [[[-107.33068324485468, 47.42241967600219], [-107.33060339837093, 47.422680711189045], [-107.33093117559238, 47.422726592269015], [-107.33101099618192, 47.42246555368508], [-107.33068324485468, 47.42241967600219]]]}}
{"type": "Feature", "properties": { "height": -1.0, "confidence": -1.0},"geometry": {"type": "Polygon","coordinates": [[[-107.333028, 47.138958], [-107.333013, 47.138853], [-107.332977, 47.138855], [-107.332992, 47.138961], [-107.333028, 47.138958]]]}}
{"type": "Feature", "properties": { "height": -1.0, "confidence": -1.0},"geometry": {"type": "Polygon","coordinates": [[[-107.380618, 47.383694], [-107.380618, 47.383752], [-107.3808, 47.383752], [-107.3808, 47.383694], [-107.380618, 47.383694]]]}}
{"type": "Feature", "properties": { "height": -1.0, "confidence": -1.0},"geometry": {"type": "Polygon","coordinates": [[[-107.561797, 47.280152], [-107.561851, 47.280019], [-107.561647, 47.27998], [-107.56159, 47.280119], [-107.561583, 47.280118], [-107.561572, 47.280143], [-107.561647, 47.280157], [-107.56166, 47.280126], [-107.561797, 47.280152]]]}}
{"type": "Feature", "properties": { "height": 4.925146579742432, "confidence": -1.0},"geometry": {"type": "Polygon","coordinates": [[[-106.90800695059461, 47.31443426346541], [-106.90772940764478, 47.31450846086051], [-106.90778981882667, 47.31461232945552], [-106.90797087886104, 47.314563925584245], [-106.90794740725421, 47.314523569419784], [-106.90804389353897, 47.31449777054305], [-106.90800695059461, 47.31443426346541]]]}}
{"type": "Feature", "properties": { "height": 2.793994426727295, "confidence": -1.0},"geometry": {"type": "Polygon","coordinates": [[[-106.90869764736873, 47.319628327349854], [-106.90869914235115, 47.3195847119069], [-106.90860672042614, 47.31958325607011], [-106.90860365898186, 47.31967230408558], [-106.90877383218196, 47.31967498466146], [-106.9087753894553, 47.319629551947735], [-106.90869764736873, 47.319628327349854]]]}}
{"type": "Feature", "properties": { "height": -1.0, "confidence": -1.0},"geometry": {"type": "Polygon","coordinates": [[[-106.90875771439757, 47.32018901842745], [-106.90855136176124, 47.32018491620995], [-106.9085530907197, 47.32014494859449], [-106.90848341320614, 47.320143563429006], [-106.90847940516608, 47.320236215584735], [-106.90866431856745, 47.32023989159426], [-106.90866290396508, 47.320272592314026], [-106.90875402071356, 47.32027440367984], [-106.90875771439757, 47.32018901842745]]]}}
{"type": "Feature", "properties": { "height": 2.931612014770508, "confidence": -1.0},"geometry": {"type": "Polygon","coordinates": [[[-106.91041444916925, 47.31741109960467], [-106.91029550039777, 47.317408531641306], [-106.91029319147917, 47.31745757768005], [-106.910326401573, 47.31745829464608], [-106.91032341508742, 47.31752187291742], [-106.91040915882333, 47.31752372401935], [-106.91041444916925, 47.31741109960467]]]}}
{"type": "Feature", "properties": { "height": 2.905834913253784, "confidence": -1.0},"geometry": {"type": "Polygon","coordinates": [[[-106.91046440936164, 47.32504880277256], [-106.91037595853531, 47.325050393133736], [-106.91037705195254, 47.3250784081922], [-106.91034756828923, 47.325078936914544], [-106.91034870285347, 47.32510800620864], [-106.91046663750676, 47.32510589132036], [-106.91046440936164, 47.32504880277256]]]}}
{"type": "Feature", "properties": { "height": -1.0, "confidence": -1.0},"geometry": {"type": "Polygon","coordinates": [[[-106.91701676788226, 47.32374202897854], [-106.91702840559319, 47.323327639556126], [-106.91687021259133, 47.32332559817074], [-106.91685857488042, 47.32373998760919], [-106.91701676788226, 47.32374202897854]]]}}
{"type": "Feature", "properties": { "height": 3.25803804397583, "confidence": -1.0},"geometry": {"type": "Polygon","coordinates": [[[-107.32084057604632, 47.434106329579635], [-107.3206717909573, 47.43410246203084], [-107.32066419560852, 47.434253819765736], [-107.32064008351016, 47.4342532661201], [-107.320638082794, 47.434293135693515], [-107.32066915008072, 47.43429384903891], [-107.32066724423937, 47.4343319064206], [-107.32082906980641, 47.43433562214373], [-107.32084057604632, 47.434106329579635]]]}}
{"type": "Feature", "properties": { "height": -1.0, "confidence": -1.0},"geometry": {"type": "Polygon","coordinates": [[[-107.32167409695506, 47.46309322085801], [-107.32154550340013, 47.463090227206], [-107.32154236686219, 47.463151807972906], [-107.32167096041715, 47.46315480162142], [-107.32167409695506, 47.46309322085801]]]}}
{"type": "Feature", "properties": { "height": 11.57090950012207, "confidence": -1.0},"geometry": {"type": "Polygon","coordinates": [[[-107.397662, 47.427328], [-107.397714, 47.427345], [-107.397745, 47.427304], [-107.397694, 47.427286], [-107.397662, 47.427328]]]}}
{"type": "Feature", "properties": { "height": -1.0, "confidence": -1.0},"geometry": {"type": "Polygon","coordinates": [[[-107.487976, 47.50616], [-107.487898, 47.50616], [-107.487898, 47.506231], [-107.487976, 47.506231], [-107.487976, 47.50616]]]}}
{"type": "Feature", "properties": { "height": -1.0, "confidence": -1.0},"geometry": {"type": "Polygon","coordinates": [[[-106.909286, 47.317007], [-106.909286, 47.317096], [-106.909415, 47.317096], [-106.909414, 47.317006], [-106.909286, 47.317007]]]}}
{"type": "Feature", "properties": { "height": -1.0, "confidence": -1.0},"geometry": {"type": "Polygon","coordinates": [[[-106.91077, 47.324474], [-106.910604, 47.324474], [-106.910604, 47.324552], [-106.91077, 47.324552], [-106.91077, 47.324474]]]}}
{"type": "Feature", "properties": { "height": 3.5434842109680176, "confidence": -1.0},"geometry": {"type": "Polygon","coordinates": [[[-106.91229345872412, 47.319293783226094], [-106.91208819602438, 47.319295175895554], [-106.91209040952971, 47.31944510597421], [-106.91213868449017, 47.31944478072893], [-106.91213894040845, 47.319462115129056], [-106.91229591091434, 47.31946105011657], [-106.91229345872412, 47.319293783226094]]]}}
{"type": "Feature", "properties": { "height": -1.0, "confidence": -1.0},"geometry": {"type": "Polygon","coordinates": [[[-107.49076310982016, 47.09410693168418], [-107.49061058425323, 47.09406867526017], [-107.49056589219613, 47.09415126060952], [-107.49071840682458, 47.09418952149763], [-107.49076310982016, 47.09410693168418]]]}}
{"type": "Feature", "properties": { "height": -1.0, "confidence": -1.0},"geometry": {"type": "Polygon","coordinates": [[[-107.56482, 47.256676], [-107.564607, 47.256634], [-107.564589, 47.256678], [-107.564801, 47.256719], [-107.56482, 47.256676]]]}}
{"type": "Feature", "properties": { "height": 16.85183334350586, "confidence": -1.0},"geometry": {"type": "Polygon","coordinates": [[[-106.91604567257603, 47.312165708023876], [-106.91605724717178, 47.31224678298799], [-106.91619138818065, 47.31223797972488], [-106.91617980529347, 47.312156905291396], [-106.91604567257603, 47.312165708023876]]]}}
{"type": "Feature", "properties": { "height": -1.0, "confidence": -1.0},"geometry": {"type": "Polygon","coordinates": [[[-106.91641255958513, 47.32981750632849], [-106.91650790654889, 47.32983232352913], [-106.91654237849067, 47.32973042204811], [-106.91648886533292, 47.32972210592934], [-106.91648652825211, 47.329729014511614], [-106.91643811158559, 47.32972149040399], [-106.9164287632624, 47.32974912472804], [-106.91647972817454, 47.32975704483714], [-106.91647563828315, 47.32976913484755], [-106.91643231810782, 47.32976240275643], [-106.91643114956744, 47.32976585704505], [-106.9164300826078, 47.329765691236176], [-106.91641255958513, 47.32981750632849]]]}}
{"type": "Feature", "properties": { "height": -1.0, "confidence": -1.0},"geometry": {"type": "Polygon","coordinates": [[[-107.09353629117835, 47.27920398519609], [-107.09373193717657, 47.27920024144205], [-107.09372997663496, 47.27915296721883], [-107.09353433063673, 47.27915671097621], [-107.09353629117835, 47.27920398519609]]]}}
{"type": "Feature", "properties": { "height": 4.971872806549072, "confidence": -1.0},"geometry": {"type": "Polygon","coordinates": [[[-107.1132089988072, 47.44909962199056], [-107.11299577495757, 47.44910469816246], [-107.11300330466395, 47.44924962510903], [-107.1130692046027, 47.449248056248486], [-107.11306637534499, 47.449193708822435], [-107.11321371423671, 47.44919020116481], [-107.1132089988072, 47.44909962199056]]]}}
{"type": "Feature", "properties": { "height": -1.0, "confidence": -1.0},"geometry": {"type": "Polygon","coordinates": [[[-107.24830905944975, 47.42000633571648], [-107.24824037126726, 47.42002053735262], [-107.24826735728392, 47.420080291803], [-107.24833604546642, 47.42006609018297], [-107.24830905944975, 47.42000633571648]]]}}
{"type": "Feature", "properties": { "height": 3.700885772705078, "confidence": -1.0},"geometry": {"type": "Polygon","coordinates": [[[-107.311626, 47.464981], [-107.311626, 47.465078], [-107.311873, 47.465078], [-107.311873, 47.464981], [-107.311626, 47.464981]]]}}
{"type": "Feature", "properties": { "height": -1.0, "confidence": -1.0},"geometry": {"type": "Polygon","coordinates": [[[-107.38228, 47.384147], [-107.382404, 47.384147], [-107.382404, 47.384052], [-107.38228, 47.384052], [-107.38228, 47.384147]]]}}
{"type": "Feature", "properties": { "height": -1.0, "confidence": -1.0},"geometry": {"type": "Polygon","coordinates": [[[-107.40482469517654, 47.38625845597782], [-107.40496537354849, 47.38625456958402], [-107.40495210649767, 47.386034428774394], [-107.40481140580891, 47.38603832246824], [-107.40482469517654, 47.38625845597782]]]}}
{"type": "Feature", "properties": { "height": -1.0, "confidence": -1.0},"geometry": {"type": "Polygon","coordinates": [[[-106.897923, 47.322739], [-106.897946, 47.322791], [-106.898016, 47.322776], [-106.897993, 47.322725], [-106.897923, 47.322739]]]}}
{"type": "Feature", "properties": { "height": -1.0, "confidence": -1.0},"geometry": {"type": "Polygon","coordinates": [[[-106.90855215043459, 47.317764190789454], [-106.90865672222476, 47.31776290571329], [-106.90865453501328, 47.317681106563356], [-106.90854996322314, 47.317682391641505], [-106.90855215043459, 47.317764190789454]]]}}
{"type": "Feature", "properties": { "height": 4.78470516204834, "confidence": -1.0},"geometry": {"type": "Polygon","coordinates": [[[-106.91257082325363, 47.32124155203263], [-106.91207957952757, 47.321255279746694], [-106.91208653360657, 47.3213696340718], [-106.91257776554605, 47.32135590671684], [-106.91257082325363, 47.32124155203263]]]}}
{"type": "Feature", "properties": { "height": 3.2273190021514893, "confidence": -1.0},"geometry": {"type": "Polygon","coordinates": [[[-106.91271315167559, 47.31782527594347], [-106.91285523658999, 47.317823105153025], [-106.91285034284259, 47.31767589314579], [-106.91266804521655, 47.317678678318636], [-106.91267064313183, 47.31775682794969], [-106.91271085584347, 47.317756213574235], [-106.91271315167559, 47.31782527594347]]]}}
{"type": "Feature", "properties": { "height": 16.21142578125, "confidence": -1.0},"geometry": {"type": "Polygon","coordinates": [[[-106.91604169045416, 47.31238145226645], [-106.91617434551733, 47.3123835987966], [-106.91617744387514, 47.31229532035143], [-106.91604479769818, 47.31229318025591], [-106.91604169045416, 47.31238145226645]]]}}
{"type": "Feature", "properties": { "height": -1.0, "confidence": -1.0},"geometry": {"type": "Polygon","coordinates": [[[-106.916268, 47.319421], [-106.916268, 47.319285], [-106.91622, 47.319285], [-106.91622, 47.319421], [-106.916268, 47.319421]]]}}
{"type": "Feature", "properties": { "height": 4.172445774078369, "confidence": -1.0},"geometry": {"type": "Polygon","coordinates": [[[-106.9193945982042, 47.308172661370364], [-106.91923639438873, 47.308170821969355], [-106.91923593459866, 47.30818900346889], [-106.91906164225958, 47.30818697701076], [-106.91905938928828, 47.30827606627149], [-106.91923203460013, 47.308278073576616], [-106.9192310651011, 47.30831625459513], [-106.91939091988367, 47.30831811318645], [-106.9193945982042, 47.308172661370364]]]}}
{"type": "Feature", "properties": { "height": -1.0, "confidence": -1.0},"geometry": {"type": "Polygon","coordinates": [[[-106.92305156752792, 47.086903814134], [-106.92293180261134, 47.08685298450524], [-106.92281982476139, 47.086975304275306], [-106.92293958967795, 47.08702613378735], [-106.92305156752792, 47.086903814134]]]}}
{"type": "Feature", "properties": { "height": -1.0, "confidence": -1.0},"geometry": {"type": "Polygon","coordinates": [[[-106.937646, 47.232321], [-106.937384, 47.232306], [-106.937376, 47.232369], [-106.937729, 47.23239], [-106.937732, 47.232365], [-106.937641, 47.23236], [-106.937646, 47.232321]]]}}
{"type": "Feature", "properties": { "height": 3.828382730484009, "confidence": -1.0},"geometry": {"type": "Polygon","coordinates": [[[-107.264853, 47.46862], [-107.264839, 47.468467], [-107.26458, 47.468478], [-107.264594, 47.468631], [-107.264853, 47.46862]]]}}
{"type": "Feature", "properties": { "height": 2.9515671730041504, "confidence": -1.0},"geometry": {"type": "Polygon","coordinates": [[[-106.90302886427104, 47.31890429661619], [-106.9030303382764, 47.31896610322166], [-106.90328655094667, 47.31896330724769], [-106.9032851696516, 47.3189051362583], [-106.90320472422671, 47.318906014136694], [-106.90320407674464, 47.31887874646381], [-106.90312483508185, 47.31887961120632], [-106.90312539867213, 47.318903243163284], [-106.90302886427104, 47.31890429661619]]]}}
{"type": "Feature", "properties": { "height": 3.2584965229034424, "confidence": -1.0},"geometry": {"type": "Polygon","coordinates": [[[-106.90371278871845, 47.3054535788959], [-106.90368897096837, 47.30530989291994], [-106.90348369652102, 47.305325548443655], [-106.90350752891632, 47.305469233260126], [-106.90371278871845, 47.3054535788959]]]}}
{"type": "Feature", "properties": { "height": -1.0, "confidence": -1.0},"geometry": {"type": "Polygon","coordinates": [[[-106.90739100427251, 47.32106583983031], [-106.90731738990213, 47.321064442786536], [-106.90731246588054, 47.321183673948006], [-106.90747327207464, 47.32118673332909], [-106.90747679852628, 47.3211013432151], [-106.9073896030669, 47.32109968429538], [-106.90739100427251, 47.32106583983031]]]}}
{"type": "Feature", "properties": { "height": 3.092864513397217, "confidence": -1.0},"geometry": {"type": "Polygon","coordinates": [[[-106.91010284734239, 47.32377594638161], [-106.91017354435287, 47.323775295700926], [-106.91017449106118, 47.32382255881088], [-106.91032198536536, 47.32382120130495], [-106.910320019125, 47.32372303941136], [-106.910101822556, 47.3237250476495], [-106.91010284734239, 47.32377594638161]]]}}
{"type": "Feature", "properties": { "height": 3.0826807022094727, "confidence": -1.0},"geometry": {"type": "Polygon","coordinates": [[[-106.99476223852855, 47.06384606691061], [-106.99475796773456, 47.063643302928284], [-106.99444957718207, 47.06364631696755], [-106.99445096230444, 47.0637120783399], [-106.9944724155603, 47.06371186866787], [-106.99447326202394, 47.06375205613341], [-106.99445287962673, 47.06375225533933], [-106.99445492877999, 47.06384907037528], [-106.99476223852855, 47.06384606691061]]]}}
{"type": "Feature", "properties": { "height": 3.571929931640625, "confidence": -1.0},"geometry": {"type": "Polygon","coordinates": [[[-107.172074, 47.514254], [-107.172057, 47.514194], [-107.171967, 47.514206], [-107.171984, 47.514265], [-107.172074, 47.514254]]]}}
{"type": "Feature", "properties": { "height": 4.443985462188721, "confidence": -1.0},"geometry": {"type": "Polygon","coordinates": [[[-106.90592698062987, 47.326914789479744], [-106.90587987375885, 47.32703621913883], [-106.90592252250875, 47.32704382040255], [-106.90589811469604, 47.32710673748263], [-106.90601100844576, 47.32712685844558], [-106.90603436532626, 47.32706665042361], [-106.90617736161448, 47.32709214333967], [-106.90622551674035, 47.32696801167159], [-106.90592698062987, 47.326914789479744]]]}}
{"type": "Feature", "properties": { "height": -1.0, "confidence": -1.0},"geometry": {"type": "Polygon","coordinates": [[[-106.90730571555092, 47.326143834232774], [-106.90730718450764, 47.32616742706842], [-106.907226861302, 47.326169724823885], [-106.90723047719545, 47.326227799448816], [-106.9073830912862, 47.32622343371812], [-106.907378006436, 47.32614176625184], [-106.90730571555092, 47.326143834232774]]]}}
{"type": "Feature", "properties": { "height": 2.708372116088867, "confidence": -1.0},"geometry": {"type": "Polygon","coordinates": [[[-106.90948665198736, 47.32206461286605], [-106.90968356549335, 47.322066443960615], [-106.90968545641321, 47.32197300252391], [-106.90948853307341, 47.32197118067749], [-106.90948665198736, 47.32206461286605]]]}}
{"type": "Feature", "properties": { "height": 5.084335803985596, "confidence": -1.0},"geometry": {"type": "Polygon","coordinates": [[[-106.9104606355923, 47.32051745522048], [-106.91043978291361, 47.32026810333195], [-106.91016707404263, 47.320278583740496], [-106.91018792779987, 47.32052794847678], [-106.9104606355923, 47.32051745522048]]]}}
{"type": "Feature", "properties": { "height": 4.598553657531738, "confidence": -1.0},"geometry": {"type": "Polygon","coordinates": [[[-106.91160817739528, 47.321912949203316], [-106.9117342205424, 47.321911854867075], [-106.91173288097171, 47.32184095618216], [-106.91176506220077, 47.32184067677679], [-106.91176440958942, 47.32180613635717], [-106.91162763936592, 47.32180732383079], [-106.9116283950212, 47.3218473179979], [-106.91160694086848, 47.32184750426813], [-106.91160817739528, 47.321912949203316]]]}}
{"type": "Feature", "properties": { "height": 3.8733301162719727, "confidence": -1.0},"geometry": {"type": "Polygon","coordinates": [[[-106.93491118379757, 47.32646564950435], [-106.93490720768011, 47.32637753162541], [-106.93471426870255, 47.326381522335616], [-106.93471824523263, 47.326469649352326], [-106.93491118379757, 47.32646564950435]]]}}
{"type": "Feature", "properties": { "height": 2.6197097301483154, "confidence": -1.0},"geometry": {"type": "Polygon","coordinates": [[[-107.07793655108854, 47.28009785839574], [-107.07806201861757, 47.28009199037634], [-107.07804343117459, 47.27990907465155], [-107.07791796364555, 47.27991494269124], [-107.07793655108854, 47.28009785839574]]]}}
{"type": "Feature", "properties": { "height": -1.0, "confidence": -1.0},"geometry": {"type": "Polygon","coordinates": [[[-107.24378087346139, 47.27550010736891], [-107.24369374461527, 47.275501423050365], [-107.2436961621418, 47.27557511980771], [-107.2437832835246, 47.27557380837779], [-107.24378087346139, 47.27550010736891]]]}}
{"type": "Feature", "properties": { "height": -1.0, "confidence": -1.0},"geometry": {"type": "Polygon","coordinates": [[[-107.24390702687884, 47.27540203886151], [-107.24380242965465, 47.275401383234886], [-107.24380109166793, 47.27549964461038], [-107.24390568889214, 47.27550030023575], [-107.24390702687884, 47.27540203886151]]]}}
{"type": "Feature", "properties": { "height": 3.6690680980682373, "confidence": -1.0},"geometry": {"type": "Polygon","coordinates": [[[-107.3249810403126, 47.43749040947673], [-107.32486413000726, 47.437454789191435], [-107.32475764990996, 47.43761465510135], [-107.32487457396695, 47.437650279468265], [-107.3249810403126, 47.43749040947673]]]}}
{"type": "Feature", "properties": { "height": 3.127082586288452, "confidence": -1.0},"geometry": {"type": "Polygon","coordinates": [[[-107.33148842668821, 47.42326200758475], [-107.33117892619826, 47.42324187062123], [-107.33116282527727, 47.4233551504007], [-107.3314723373782, 47.42337528807634], [-107.33148842668821, 47.42326200758475]]]}}
{"type": "Feature", "properties": { "height": 4.841444492340088, "confidence": -1.0},"geometry": {"type": "Polygon","coordinates": [[[-107.519066, 47.184961], [-107.519063, 47.18505], [-107.519347, 47.185055], [-107.519351, 47.184966], [-107.519066, 47.184961]]]}}
{"type": "Feature", "properties": { "height": 2.6306064128875732, "confidence": -1.0},"geometry": {"type": "Polygon","coordinates": [[[-106.90336669079412, 47.318805290502986], [-106.9032326121313, 47.31880389095319], [-106.90323091925679, 47.31887842430714], [-106.90336499791961, 47.31887982385494], [-106.90336669079412, 47.318805290502986]]]}}
{"type": "Feature", "properties": { "height": 3.764981508255005, "confidence": -1.0},"geometry": {"type": "Polygon","coordinates": [[[-106.90939955473421, 47.32303215848602], [-106.90956048457753, 47.32303260131479], [-106.90956101620468, 47.32294533038126], [-106.90940008636134, 47.32294488755175], [-106.90939955473421, 47.32303215848602]]]}}
{"type": "Feature", "properties": { "height": -1.0, "confidence": -1.0},"geometry": {"type": "Polygon","coordinates": [[[-107.170758, 47.514394], [-107.171028, 47.514386], [-107.171029, 47.514388], [-107.171122, 47.514386], [-107.171124, 47.514408], [-107.17118, 47.514407], [-107.171168, 47.514221], [-107.171104, 47.514223], [-107.171111, 47.51434], [-107.170755, 47.51435], [-107.170758, 47.514394]]]}}
{"type": "Feature", "properties": { "height": -1.0, "confidence": -1.0},"geometry": {"type": "Polygon","coordinates": [[[-107.216819, 47.329072], [-107.216875, 47.329077], [-107.216886, 47.329024], [-107.216831, 47.329018], [-107.216819, 47.329072]]]}}
{"type": "Feature", "properties": { "height": -1.0, "confidence": -1.0},"geometry": {"type": "Polygon","coordinates": [[[-107.33306368023163, 47.1396762585607], [-107.33306675980806, 47.139747351299725], [-107.3332329125127, 47.13974402115807], [-107.33322983293628, 47.139672928414605], [-107.33306368023163, 47.1396762585607]]]}}
{"type": "Feature", "properties": { "height": 3.6938629150390625, "confidence": -1.0},"geometry": {"type": "Polygon","coordinates": [[[-107.516818, 47.181921], [-107.516799, 47.182007], [-107.51703, 47.182031], [-107.517049, 47.181945], [-107.516818, 47.181921]]]}}
{"type": "Feature", "properties": { "height": -1.0, "confidence": -1.0},"geometry": {"type": "Polygon","coordinates": [[[-106.878031, 47.207817], [-106.878031, 47.20789], [-106.878184, 47.20789], [-106.878184, 47.207817], [-106.878031, 47.207817]]]}}
{"type": "Feature", "properties": { "height": 7.77505350112915, "confidence": -1.0},"geometry": {"type": "Polygon","coordinates": [[[-106.879242, 47.209144], [-106.879314, 47.209136], [-106.879299, 47.209074], [-106.879227, 47.209082], [-106.879242, 47.209144]]]}}
{"type": "Feature", "properties": { "height": -1.0, "confidence": -1.0},"geometry": {"type": "Polygon","coordinates": [[[-106.90735735836267, 47.32126202860636], [-106.9073568013968, 47.32134021080265], [-106.9074587229624, 47.32134054445974], [-106.9074592799283, 47.32126236226393], [-106.90735735836267, 47.32126202860636]]]}}
{"type": "Feature", "properties": { "height": -1.0, "confidence": -1.0},"geometry": {"type": "Polygon","coordinates": [[[-106.9112884226209, 47.29988154964037], [-106.91127861664667, 47.299680670516544], [-106.91111786028213, 47.29968427956277], [-106.9111276666284, 47.29988516629457], [-106.9112884226209, 47.29988154964037]]]}}
{"type": "Feature", "properties": { "height": -1.0, "confidence": -1.0},"geometry": {"type": "Polygon","coordinates": [[[-106.91400774341093, 47.318791549059355], [-106.91389783398505, 47.318793306460634], [-106.91390188057795, 47.31890961406597], [-106.91401179000385, 47.318907856668545], [-106.91400774341093, 47.318791549059355]]]}}
{"type": "Feature", "properties": { "height": 3.619295835494995, "confidence": -1.0},"geometry": {"type": "Polygon","coordinates": [[[-106.91496816284388, 47.32634901811985], [-106.9150753777437, 47.326347115856095], [-106.91507278178942, 47.326279893676315], [-106.91494144353715, 47.32628222395239], [-106.91494305723843, 47.326324010721], [-106.9149671805909, 47.32632358271146], [-106.91496816284388, 47.32634901811985]]]}}
{"type": "Feature", "properties": { "height": -1.0, "confidence": -1.0},"geometry": {"type": "Polygon","coordinates": [[[-106.916167, 47.324532], [-106.916034, 47.324528], [-106.916031, 47.324572], [-106.916009, 47.324571], [-106.916004, 47.324656], [-106.916288, 47.324663], [-106.916293, 47.324567], [-106.916166, 47.324564], [-106.916167, 47.324532]]]}}
{"type": "Feature", "properties": { "height": -1.0, "confidence": -1.0},"geometry": {"type": "Polygon","coordinates": [[[-106.93085606405205, 47.303851478872176], [-106.93096444257269, 47.303849241380846], [-106.93095949719978, 47.3037390920104], [-106.93085112980715, 47.30374132413353], [-106.93085606405205, 47.303851478872176]]]}}
{"type": "Feature", "properties": { "height": 4.591096878051758, "confidence": -1.0},"geometry": {"type": "Polygon","coordinates": [[[-106.982634, 47.140947], [-106.982605, 47.140758], [-106.982414, 47.140771], [-106.982429, 47.140872], [-106.982461, 47.14087], [-106.98247, 47.140926], [-106.982486, 47.140925], [-106.982491, 47.140957], [-106.982634, 47.140947]]]}}
{"type": "Feature", "properties": { "height": -1.0, "confidence": -1.0},"geometry": {"type": "Polygon","coordinates": [[[-107.135933, 47.237968], [-107.136217, 47.23805], [-107.136243, 47.238009], [-107.136052, 47.237954], [-107.136082, 47.237907], [-107.135989, 47.23788], [-107.135933, 47.237968]]]}}
{"type": "Feature", "properties": { "height": 2.7725882530212402, "confidence": -1.0},"geometry": {"type": "Polygon","coordinates": [[[-107.4426904528247, 47.44099595366142], [-107.44248929661188, 47.4409950204952], [-107.44248942538489, 47.44098232232309], [-107.44242773747963, 47.44098203615204], [-107.44242700163385, 47.44105459709464], [-107.44268984575191, 47.441055816430456], [-107.4426904528247, 47.44099595366142]]]}}
{"type": "Feature", "properties": { "height": 3.00014328956604, "confidence": -1.0},"geometry": {"type": "Polygon","coordinates": [[[-107.13853266938352, 47.378673330231], [-107.13839048787644, 47.37884434224272], [-107.13863488835607, 47.37893751430517], [-107.13858673010367, 47.378995437500386], [-107.1387252237088, 47.37904823487136], [-107.13883415308925, 47.378917218160666], [-107.13858975260959, 47.378824046062334], [-107.13867116298867, 47.378726127924516], [-107.13853266938352, 47.378673330231]]]}}
{"type": "Feature", "properties": { "height": -1.0, "confidence": -1.0},"geometry": {"type": "Polygon","coordinates": [[[-107.40364222651347, 47.213850325153395], [-107.403564562609, 47.213852400175064], [-107.40356551065325, 47.21386877219228], [-107.40360722328292, 47.21386765771598], [-107.40360989303801, 47.21391384455303], [-107.40364584916325, 47.21391288558898], [-107.40364222651347, 47.213850325153395]]]}}
{"type": "Feature", "properties": { "height": -1.0, "confidence": -1.0},"geometry": {"type": "Polygon","coordinates": [[[-106.915785, 47.363181], [-106.916073, 47.363186], [-106.916076, 47.363119], [-106.915788, 47.363114], [-106.915789, 47.363089], [-106.915553, 47.363084], [-106.915551, 47.363144], [-106.915787, 47.363148], [-106.915785, 47.363181]]]}}
{"type": "Feature", "properties": { "height": 3.7542667388916016, "confidence": -1.0},"geometry": {"type": "Polygon","coordinates": [[[-107.0135024418713, 47.32763196125577], [-107.01365645522988, 47.32763587007504], [-107.01366608326605, 47.327461584705645], [-107.01361251419247, 47.32746022513195], [-107.01361457354344, 47.32742294697215], [-107.01351410718097, 47.327420401917585], [-107.0135024418713, 47.32763196125577]]]}}
{"type": "Feature", "properties": { "height": -1.0, "confidence": -1.0},"geometry": {"type": "Polygon","coordinates": [[[-107.12429156057232, 47.510505904397704], [-107.12436642064526, 47.510508778030356], [-107.12437371384387, 47.510422095773045], [-107.12429885377092, 47.51041922213565], [-107.12429156057232, 47.510505904397704]]]}}
{"type": "Feature", "properties": { "height": -1.0, "confidence": -1.0},"geometry": {"type": "Polygon","coordinates": [[[-107.12465220201862, 47.51057854327567], [-107.12453689362829, 47.51057972616748], [-107.12453962232678, 47.510701082535185], [-107.12465493071711, 47.51069989964612], [-107.12465220201862, 47.51057854327567]]]}}
{"type": "Feature", "properties": { "height": 4.394040584564209, "confidence": -1.0},"geometry": {"type": "Polygon","coordinates": [[[-107.14146324500754, 47.20337466559512], [-107.14146808391939, 47.20348390380374], [-107.14163691017798, 47.20348045188591], [-107.14163207126613, 47.203371213670174], [-107.14146324500754, 47.20337466559512]]]}}
{"type": "Feature", "properties": { "height": -1.0, "confidence": -1.0},"geometry": {"type": "Polygon","coordinates": [[[-107.223438, 47.341402], [-107.223542, 47.341402], [-107.223542, 47.341331], [-107.223438, 47.341331], [-107.223438, 47.341402]]]}}
{"type": "Feature", "properties": { "height": -1.0, "confidence": -1.0},"geometry": {"type": "Polygon","coordinates": [[[-107.223906, 47.33185], [-107.22389, 47.331903], [-107.223999, 47.331918], [-107.224015, 47.331866], [-107.223906, 47.33185]]]}}
{"type": "Feature", "properties": { "height": -1.0, "confidence": -1.0},"geometry": {"type": "Polygon","coordinates": [[[-107.297778, 47.370976], [-107.297778, 47.370945], [-107.297649, 47.370945], [-107.297649, 47.370976], [-107.297778, 47.370976]]]}}
{"type": "Feature", "properties": { "height": -1.0, "confidence": -1.0},"geometry": {"type": "Polygon","coordinates": [[[-107.32653764350896, 47.425295927896755], [-107.32666909011807, 47.42530858776921], [-107.32672447874579, 47.42504535341475], [-107.32659303213667, 47.425032693479], [-107.32653764350896, 47.425295927896755]]]}}
{"type": "Feature", "properties": { "height": -1.0, "confidence": -1.0},"geometry": {"type": "Polygon","coordinates": [[[-107.48485504706437, 47.50229387099732], [-107.48488718884434, 47.50229468100672], [-107.48489448287033, 47.50216258902736], [-107.48486234109033, 47.50216177901592], [-107.48485504706437, 47.50229387099732]]]}}
{"type": "Feature", "properties": { "height": -1.0, "confidence": -1.0},"geometry": {"type": "Polygon","coordinates": [[[-107.491306, 47.095363], [-107.491405, 47.095384], [-107.491433, 47.095325], [-107.491334, 47.095304], [-107.491306, 47.095363]]]}}
{"type": "Feature", "properties": { "height": -1.0, "confidence": -1.0},"geometry": {"type": "Polygon","coordinates": [[[-106.91037654461351, 47.299180936330885], [-106.91037450581433, 47.2990881881595], [-106.91030210226168, 47.29908892015343], [-106.91030310167304, 47.29913438496302], [-106.91005103004528, 47.299136933384084], [-106.91005206943309, 47.299184216742326], [-106.91037654461351, 47.299180936330885]]]}}
{"type": "Feature", "properties": { "height": 4.248157978057861, "confidence": -1.0},"geometry": {"type": "Polygon","coordinates": [[[-106.91302150976914, 47.32184896139578], [-106.91286865046062, 47.321850324819074], [-106.9128703714772, 47.321938520381195], [-106.91289835101885, 47.3219382694916], [-106.91290235548297, 47.322144574055145], [-106.91302725652056, 47.322143460010885], [-106.91302150976914, 47.32184896139578]]]}}
{"type": "Feature", "properties": { "height": -1.0, "confidence": -1.0},"geometry": {"type": "Polygon","coordinates": [[[-106.915729, 47.325596], [-106.915558, 47.325596], [-106.915558, 47.325687], [-106.915729, 47.325687], [-106.915729, 47.325596]]]}}
{"type": "Feature", "properties": { "height": -1.0, "confidence": -1.0},"geometry": {"type": "Polygon","coordinates": [[[-106.91611320529131, 47.32079474070725], [-106.91611214491265, 47.32074929579663], [-106.91597806800692, 47.32075073344418], [-106.91597912838559, 47.32079617835357], [-106.91611320529131, 47.32079474070725]]]}}
{"type": "Feature", "properties": { "height": -1.0, "confidence": -1.0},"geometry": {"type": "Polygon","coordinates": [[[-106.9164256264064, 47.318606187440494], [-106.9164227371884, 47.31869419162857], [-106.91647485843474, 47.31869497556521], [-106.91647773849071, 47.3186069737132], [-106.9164256264064, 47.318606187440494]]]}}
{"type": "Feature", "properties": { "height": -1.0, "confidence": -1.0},"geometry": {"type": "Polygon","coordinates": [[[-107.400837, 47.349474], [-107.400876, 47.349517], [-107.400948, 47.349487], [-107.400909, 47.349444], [-107.400837, 47.349474]]]}}
{"type": "Feature", "properties": { "height": 5.423429012298584, "confidence": -1.0},"geometry": {"type": "Polygon","coordinates": [[[-107.40242659341625, 47.21979409413477], [-107.4024780921936, 47.21982265275332], [-107.40248644978199, 47.219815700587766], [-107.40251380944555, 47.21983087156927], [-107.40256326719938, 47.219789730688134], [-107.40248440969653, 47.21974600027006], [-107.40242659341625, 47.21979409413477]]]}}
{"type": "Feature", "properties": { "height": -1.0, "confidence": -1.0},"geometry": {"type": "Polygon","coordinates": [[[-107.49004202951994, 47.096405298997695], [-107.4899340571871, 47.096382879455234], [-107.48990711219297, 47.09644301906855], [-107.49001508452578, 47.0964654385857], [-107.49004202951994, 47.096405298997695]]]}}
{"type": "Feature", "properties": { "height": 6.1926751136779785, "confidence": -1.0},"geometry": {"type": "Polygon","coordinates": [[[-107.519754, 47.18534], [-107.519546, 47.185319], [-107.519486, 47.185607], [-107.519693, 47.185627], [-107.519754, 47.18534]]]}}
{"type": "Feature", "properties": { "height": -1.0, "confidence": -1.0},"geometry": {"type": "Polygon","coordinates": [[[-107.525575, 47.388518], [-107.525544, 47.388577], [-107.525704, 47.388615], [-107.525735, 47.388556], [-107.525575, 47.388518]]]}}
{"type": "Feature", "properties": { "height": -1.0, "confidence": -1.0},"geometry": {"type": "Polygon","coordinates": [[[-106.988442, 47.439331], [-106.988443, 47.439387], [-106.9885, 47.439386], [-106.988498, 47.43933], [-106.988442, 47.439331]]]}}
{"type": "Feature", "properties": { "height": -1.0, "confidence": -1.0},"geometry": {"type": "Polygon","coordinates": [[[-106.989925, 47.438932], [-106.99005, 47.439033], [-106.990108, 47.439001], [-106.989982, 47.438899], [-106.989925, 47.438932]]]}}
{"type": "Feature", "properties": { "height": -1.0, "confidence": -1.0},"geometry": {"type": "Polygon","coordinates": [[[-106.998862, 47.348786], [-106.998862, 47.348942], [-106.999007, 47.348942], [-106.999007, 47.348786], [-106.998862, 47.348786]]]}}
{"type": "Feature", "properties": { "height": -1.0, "confidence": -1.0},"geometry": {"type": "Polygon","coordinates": [[[-107.058519, 47.35575], [-107.058575, 47.355737], [-107.058555, 47.355697], [-107.058498, 47.35571], [-107.058519, 47.35575]]]}}
{"type": "Feature", "properties": { "height": 2.6856601238250732, "confidence": -1.0},"geometry": {"type": "Polygon","coordinates": [[[-107.40153471552367, 47.217970385025474], [-107.40153038240986, 47.21789763237838], [-107.40113251090786, 47.21790854558952], [-107.40113683653715, 47.21798129842693], [-107.40153471552367, 47.217970385025474]]]}}
{"type": "Feature", "properties": { "height": 3.4086289405822754, "confidence": -1.0},"geometry": {"type": "Polygon","coordinates": [[[-106.90326223339402, 47.319314977530816], [-106.90325861891735, 47.319229587609804], [-106.90295845866757, 47.319235426623834], [-106.90296207314425, 47.319320816535416], [-106.90326223339402, 47.319314977530816]]]}}
{"type": "Feature", "properties": { "height": 3.1126084327697754, "confidence": -1.0},"geometry": {"type": "Polygon","coordinates": [[[-106.90860929242936, 47.31888750031021], [-106.90870435799906, 47.31888664781807], [-106.90870472607895, 47.31890551158395], [-106.90883344970716, 47.31890436337401], [-106.90883088213617, 47.31877277750257], [-106.90871705612469, 47.31877379822952], [-106.90871766927191, 47.318805388686044], [-106.90860771773824, 47.31880636945143], [-106.90860929242936, 47.31888750031021]]]}}
{"type": "Feature", "properties": { "height": -1.0, "confidence": -1.0},"geometry": {"type": "Polygon","coordinates": [[[-106.90883649864597, 47.31849884914341], [-106.90883520122188, 47.318555203598805], [-106.90895704166297, 47.31855649275152], [-106.90895833327043, 47.31850013823596], [-106.90883649864597, 47.31849884914341]]]}}
{"type": "Feature", "properties": { "height": 2.752246141433716, "confidence": -1.0},"geometry": {"type": "Polygon","coordinates": [[[-106.91423794651062, 47.32516180033367], [-106.91414784584742, 47.32516113351718], [-106.91414685665598, 47.32522294156583], [-106.9142905887243, 47.32522400529608], [-106.91429120363678, 47.325185829775094], [-106.91423756585053, 47.32518543281304], [-106.91423794651062, 47.32516180033367]]]}}
{"type": "Feature", "properties": { "height": -1.0, "confidence": -1.0},"geometry": {"type": "Polygon","coordinates": [[[-106.91455288744189, 47.299478615472495], [-106.91441731717731, 47.29948035284522], [-106.91441825324965, 47.299513946184625], [-106.9145538268, 47.29951220233602], [-106.91455288744189, 47.299478615472495]]]}}
{"type": "Feature", "properties": { "height": -1.0, "confidence": -1.0},"geometry": {"type": "Polygon","coordinates": [[[-106.969507, 47.411633], [-106.969457, 47.411662], [-106.969512, 47.411706], [-106.969563, 47.411677], [-106.969507, 47.411633]]]}}
{"type": "Feature", "properties": { "height": -1.0, "confidence": -1.0},"geometry": {"type": "Polygon","coordinates": [[[-107.124977, 47.509545], [-107.124936, 47.509545], [-107.124936, 47.509637], [-107.124977, 47.509637], [-107.124977, 47.509545]]]}}
{"type": "Feature", "properties": { "height": -1.0, "confidence": -1.0},"geometry": {"type": "Polygon","coordinates": [[[-107.180097, 47.177266], [-107.180052, 47.177294], [-107.18013, 47.177351], [-107.180174, 47.177322], [-107.180097, 47.177266]]]}}
{"type": "Feature", "properties": { "height": 4.292736530303955, "confidence": -1.0},"geometry": {"type": "Polygon","coordinates": [[[-107.25966843819441, 47.279057153116284], [-107.25967184986992, 47.2786538506424], [-107.25963966443476, 47.278653723797426], [-107.25963957761485, 47.27866398702874], [-107.25961275640812, 47.27866388259811], [-107.25961310491815, 47.278622684211264], [-107.25953264133025, 47.27862236709863], [-107.2595324775028, 47.278641733622024], [-107.25952544833903, 47.27864170625336], [-107.25952328263259, 47.278894635608324], [-107.2594320905663, 47.27889428054589], [-107.25943070389096, 47.279056227484645], [-107.25966843819441, 47.279057153116284]]]}}
{"type": "Feature", "properties": { "height": 4.025318145751953, "confidence": -1.0},"geometry": {"type": "Polygon","coordinates": [[[-107.31997202994691, 47.434450423748316], [-107.3200951448689, 47.43445429976672], [-107.32010311715803, 47.43433843317529], [-107.31998000223604, 47.434334557148354], [-107.31997202994691, 47.434450423748316]]]}}
{"type": "Feature", "properties": { "height": 2.5195610523223877, "confidence": -1.0},"geometry": {"type": "Polygon","coordinates": [[[-107.32347770662264, 47.26708116140306], [-107.32345437847334, 47.26716555680635], [-107.32370311921738, 47.26719721686134], [-107.32372644736665, 47.26711282150852], [-107.32347770662264, 47.26708116140306]]]}}
{"type": "Feature", "properties": { "height": 10.710779190063477, "confidence": -1.0},"geometry": {"type": "Polygon","coordinates": [[[-107.323791, 47.171582], [-107.323724, 47.171565], [-107.323691, 47.171625], [-107.323758, 47.171642], [-107.323791, 47.171582]]]}}
{"type": "Feature", "properties": { "height": -1.0, "confidence": -1.0},"geometry": {"type": "Polygon","coordinates": [[[-107.419397, 47.447366], [-107.419283, 47.447382], [-107.419309, 47.447467], [-107.419424, 47.447451], [-107.419397, 47.447366]]]}}
{"type": "Feature", "properties": { "height": 5.424093723297119, "confidence": -1.0},"geometry": {"type": "Polygon","coordinates": [[[-107.4688838592412, 47.43192584977401], [-107.46888817960539, 47.4320618684826], [-107.46938684026433, 47.43205462050686], [-107.46938251990014, 47.43191860177954], [-107.4688838592412, 47.43192584977401]]]}}
{"type": "Feature", "properties": { "height": -1.0, "confidence": -1.0},"geometry": {"type": "Polygon","coordinates": [[[-106.90539948690068, 47.32109246937517], [-106.90539895414965, 47.32117065197747], [-106.9054594020859, 47.32117084126063], [-106.90546065887564, 47.320983566401885], [-106.9054055945778, 47.32098339397613], [-106.90540529722837, 47.32102703088177], [-106.90537042925519, 47.32102692169792], [-106.90536998323105, 47.32109237698894], [-106.90539948690068, 47.32109246937517]]]}}
{"type": "Feature", "properties": { "height": 4.902344226837158, "confidence": -1.0},"geometry": {"type": "Polygon","coordinates": [[[-106.90810131157423, 47.31121353810226], [-106.9082518149743, 47.31136797069077], [-106.90854388818643, 47.31123710572972], [-106.90842467184065, 47.31111478969592], [-106.9082771803327, 47.31118086724746], [-106.90824588693066, 47.31114876019366], [-106.90810131157423, 47.31121353810226]]]}}
{"type": "Feature", "properties": { "height": 3.4199490547180176, "confidence": -1.0},"geometry": {"type": "Polygon","coordinates": [[[-106.91350660560016, 47.3203231209341], [-106.91362452898294, 47.32032086618353], [-106.91361644054541, 47.32012646593838], [-106.91354407846964, 47.32012784954041], [-106.91354853844919, 47.320235042284615], [-106.91350297714223, 47.32023591343967], [-106.91350660560016, 47.3203231209341]]]}}
{"type": "Feature", "properties": { "height": 3.4104456901550293, "confidence": -1.0},"geometry": {"type": "Polygon","coordinates": [[[-106.91459410710077, 47.321443050067835], [-106.91451224132926, 47.321441438180166], [-106.91451001539322, 47.32149326402047], [-106.91459188634471, 47.32149487989287], [-106.91459410710077, 47.321443050067835]]]}}
{"type": "Feature", "properties": { "height": 4.974359035491943, "confidence": -1.0},"geometry": {"type": "Polygon","coordinates": [[[-107.060308, 47.377978], [-107.06037, 47.377972], [-107.060362, 47.377933], [-107.0603, 47.377939], [-107.060308, 47.377978]]]}}
{"type": "Feature", "properties": { "height": -1.0, "confidence": -1.0},"geometry": {"type": "Polygon","coordinates": [[[-107.26712, 47.370522], [-107.266704, 47.370522], [-107.266704, 47.370638], [-107.26712, 47.370638], [-107.26712, 47.370522]]]}}
{"type": "Feature", "properties": { "height": 3.0981454849243164, "confidence": -1.0},"geometry": {"type": "Polygon","coordinates": [[[-107.40653171250275, 47.28169115085702], [-107.4066646004358, 47.28169029907164], [-107.40666155956885, 47.28147196661515], [-107.40652864911287, 47.281472818548416], [-107.40653171250275, 47.28169115085702]]]}}
{"type": "Feature", "properties": { "height": 3.445568561553955, "confidence": -1.0},"geometry": {"type": "Polygon","coordinates": [[[-107.48997600792207, 47.09207086743531], [-107.49002347655329, 47.09211818810445], [-107.49022353699971, 47.09202516639152], [-107.49018433222531, 47.09198607974954], [-107.49015063239003, 47.091986275656836], [-107.49015035597125, 47.0919642355516], [-107.49023568904279, 47.09192455830607], [-107.49023398132127, 47.091788393727896], [-107.48996726011607, 47.091912411078226], [-107.48993727992794, 47.09188252422922], [-107.48968676986073, 47.091999003689594], [-107.48968700895719, 47.09201806790736], [-107.48972011123443, 47.0920510670403], [-107.48958135007474, 47.092115586530134], [-107.48958098668395, 47.09211558864262], [-107.4896760380843, 47.092210343641234], [-107.48997600792207, 47.09207086743531]]]}}
{"type": "Feature", "properties": { "height": 3.2373909950256348, "confidence": -1.0},"geometry": {"type": "Polygon","coordinates": [[[-106.91314769687446, 47.29946209427579], [-106.91319056749272, 47.2994611562266], [-106.91319351319747, 47.29952293720935], [-106.91331257585705, 47.299520332010054], [-106.91330518462456, 47.29936497748196], [-106.91314323569651, 47.29936852876896], [-106.91314769687446, 47.29946209427579]]]}}
{"type": "Feature", "properties": { "height": 3.0210490226745605, "confidence": -1.0},"geometry": {"type": "Polygon","coordinates": [[[-106.91439834141288, 47.32473591315915], [-106.91452330038736, 47.3247339805577], [-106.9145196304048, 47.32462495031271], [-106.91439466017859, 47.32462688309218], [-106.91439834141288, 47.32473591315915]]]}}
{"type": "Feature", "properties": { "height": 4.461126804351807, "confidence": -1.0},"geometry": {"type": "Polygon","coordinates": [[[-107.19691759022754, 47.465038680154045], [-107.19703686229177, 47.465181848811525], [-107.19740876443673, 47.465040248889835], [-107.19728948112018, 47.46489708413096], [-107.19691759022754, 47.465038680154045]]]}}
{"type": "Feature", "properties": { "height": -1.0, "confidence": -1.0},"geometry": {"type": "Polygon","coordinates": [[[-107.380025, 47.318001], [-107.380025, 47.31807], [-107.3801, 47.31807], [-107.3801, 47.318001], [-107.380025, 47.318001]]]}}
{"type": "Feature", "properties": { "height": -1.0, "confidence": -1.0},"geometry": {"type": "Polygon","coordinates": [[[-107.381551, 47.384416], [-107.381651, 47.384416], [-107.381651, 47.384307], [-107.381551, 47.384307], [-107.381551, 47.384416]]]}}
{"type": "Feature", "properties": { "height": -1.0, "confidence": -1.0},"geometry": {"type": "Polygon","coordinates": [[[-107.48567953327942, 47.04283770491172], [-107.48575463018194, 47.04283812038532], [-107.48575623119306, 47.04270373773202], [-107.48568113424788, 47.04270332583882], [-107.48567953327942, 47.04283770491172]]]}}
{"type": "Feature", "properties": { "height": 3.876652717590332, "confidence": -1.0},"geometry": {"type": "Polygon","coordinates": [[[-107.4903543459429, 47.09490503340626], [-107.49035324745452, 47.094979235256034], [-107.49041493199631, 47.09497965848697], [-107.49041603044117, 47.094905459576594], [-107.4903543459429, 47.09490503340626]]]}}
{"type": "Feature", "properties": { "height": 2.8759844303131104, "confidence": -1.0},"geometry": {"type": "Polygon","coordinates": [[[-107.54644038227825, 47.47717471475359], [-107.54643721212754, 47.47705077033165], [-107.54628705347906, 47.477052531917], [-107.54629022344814, 47.47717646923376], [-107.54644038227825, 47.47717471475359]]]}}
{"type": "Feature", "properties": { "height": -1.0, "confidence": -1.0},"geometry": {"type": "Polygon","coordinates": [[[-107.561009, 47.046734], [-107.561015, 47.046772], [-107.561084, 47.046767], [-107.561078, 47.046729], [-107.561009, 47.046734]]]}}
{"type": "Feature", "properties": { "height": 5.061005115509033, "confidence": -1.0},"geometry": {"type": "Polygon","coordinates": [[[-106.9035008919654, 47.307016913087374], [-106.90345664259635, 47.30688645055216], [-106.90307706991523, 47.30694564298732], [-106.90312131348136, 47.30707608826762], [-106.9035008919654, 47.307016913087374]]]}}
{"type": "Feature", "properties": { "height": 4.859633445739746, "confidence": -1.0},"geometry": {"type": "Polygon","coordinates": [[[-106.90628318543203, 47.318707045039794], [-106.90639308623254, 47.318705167841436], [-106.90638937164373, 47.31860522346576], [-106.90627947084319, 47.31860710066768], [-106.90628318543203, 47.318707045039794]]]}}
{"type": "Feature", "properties": { "height": -1.0, "confidence": -1.0},"geometry": {"type": "Polygon","coordinates": [[[-106.9129306390464, 47.322146727437875], [-106.9129310332089, 47.32216854260773], [-106.91300230352738, 47.32216795087566], [-106.91300190711284, 47.32214613572427], [-106.9129306390464, 47.322146727437875]]]}}
{"type": "Feature", "properties": { "height": 3.3880083560943604, "confidence": -1.0},"geometry": {"type": "Polygon","coordinates": [[[-107.14657166684157, 47.24926555853752], [-107.14665555572087, 47.249417127765504], [-107.1467989294419, 47.24938055660353], [-107.14671504056258, 47.249228987270925], [-107.14657166684157, 47.24926555853752]]]}}
{"type": "Feature", "properties": { "height": -1.0, "confidence": -1.0},"geometry": {"type": "Polygon","coordinates": [[[-107.24823, 47.377858], [-107.248232, 47.377743], [-107.247843, 47.37774], [-107.247841, 47.377851], [-107.24768, 47.37785], [-107.24768, 47.377896], [-107.247838, 47.377897], [-107.247839, 47.377855], [-107.24823, 47.377858]]]}}
{"type": "Feature", "properties": { "height": -1.0, "confidence": -1.0},"geometry": {"type": "Polygon","coordinates": [[[-107.420301, 47.213406], [-107.420237, 47.213419], [-107.420264, 47.213477], [-107.420445, 47.213439], [-107.42043, 47.213406], [-107.420312, 47.213431], [-107.420301, 47.213406]]]}}
{"type": "Feature", "properties": { "height": -1.0, "confidence": -1.0},"geometry": {"type": "Polygon","coordinates": [[[-106.907721, 47.321944], [-106.907731, 47.322134], [-106.90779, 47.322133], [-106.90778, 47.321943], [-106.907721, 47.321944]]]}}
{"type": "Feature", "properties": { "height": -1.0, "confidence": -1.0},"geometry": {"type": "Polygon","coordinates": [[[-106.91166723560704, 47.31931366192873], [-106.91167134479974, 47.31952537247315], [-106.91173979976493, 47.31952476511252], [-106.91173571236315, 47.319313051123366], [-106.91166723560704, 47.31931366192873]]]}}
{"type": "Feature", "properties": { "height": 3.339766025543213, "confidence": -1.0},"geometry": {"type": "Polygon","coordinates": [[[-106.91376869718025, 47.32186026677425], [-106.91342805923837, 47.32185962032579], [-106.91342774808257, 47.32193689492264], [-106.91347066310706, 47.32193697432879], [-106.91347052766126, 47.32197061184538], [-106.91355215230003, 47.32197076674889], [-106.91355229123475, 47.32193712536627], [-106.913636958827, 47.321937282027704], [-106.91363686365135, 47.32196091859087], [-106.91376829091385, 47.32196116177212], [-106.91376869718025, 47.32186026677425]]]}}
{"type": "Feature", "properties": { "height": 5.145854473114014, "confidence": -1.0},"geometry": {"type": "Polygon","coordinates": [[[-106.91897637687356, 47.36422885899332], [-106.91883715327866, 47.364224852781724], [-106.91882202538753, 47.364466045368644], [-106.91878186473515, 47.364464889735906], [-106.91877560884032, 47.36456463071112], [-106.9189549930876, 47.364569792527384], [-106.91897637687356, 47.36422885899332]]]}}
{"type": "Feature", "properties": { "height": -1.0, "confidence": -1.0},"geometry": {"type": "Polygon","coordinates": [[[-106.9380199210715, 47.45694203012159], [-106.93807351948007, 47.4569764416045], [-106.93826102269448, 47.456842924823555], [-106.93820742428592, 47.456808513253286], [-106.9380199210715, 47.45694203012159]]]}}
{"type": "Feature", "properties": { "height": -1.0, "confidence": -1.0},"geometry": {"type": "Polygon","coordinates": [[[-106.9941895143659, 47.06331595699871], [-106.99399653689154, 47.06331951752526], [-106.99399980371871, 47.06340167637934], [-106.99419278119306, 47.06339811585828], [-106.9941895143659, 47.06331595699871]]]}}
{"type": "Feature", "properties": { "height": -1.0, "confidence": -1.0},"geometry": {"type": "Polygon","coordinates": [[[-107.093246, 47.27886], [-107.093226, 47.278664], [-107.092824, 47.278684], [-107.092845, 47.27888], [-107.093246, 47.27886]]]}}
{"type": "Feature", "properties": { "height": 4.048611164093018, "confidence": -1.0},"geometry": {"type": "Polygon","coordinates": [[[-107.268597, 47.370624], [-107.268527, 47.370614], [-107.268513, 47.370662], [-107.268583, 47.370672], [-107.268597, 47.370624]]]}}
{"type": "Feature", "properties": { "height": -1.0, "confidence": -1.0},"geometry": {"type": "Polygon","coordinates": [[[-106.892842, 47.334258], [-106.89278, 47.334258], [-106.89278, 47.334317], [-106.892842, 47.334317], [-106.892842, 47.334258]]]}}
{"type": "Feature", "properties": { "height": -1.0, "confidence": -1.0},"geometry": {"type": "Polygon","coordinates": [[[-106.90763, 47.307242], [-106.90766, 47.307316], [-106.907782, 47.307292], [-106.907751, 47.307218], [-106.90763, 47.307242]]]}}
{"type": "Feature", "properties": { "height": 3.4841864109039307, "confidence": -1.0},"geometry": {"type": "Polygon","coordinates": [[[-106.91226371497822, 47.32416969590038], [-106.91246295210146, 47.32417426130498], [-106.9124670276382, 47.32409253859447], [-106.91226779894329, 47.32408797337594], [-106.91226371497822, 47.32416969590038]]]}}
{"type": "Feature", "properties": { "height": -1.0, "confidence": -1.0},"geometry": {"type": "Polygon","coordinates": [[[-106.96802109373284, 47.40981538800279], [-106.96814115463134, 47.40984805793396], [-106.96828832775827, 47.409600393717504], [-106.96816826976865, 47.40956771873767], [-106.96802109373284, 47.40981538800279]]]}}
{"type": "Feature", "properties": { "height": -1.0, "confidence": -1.0},"geometry": {"type": "Polygon","coordinates": [[[-107.013444, 47.331718], [-107.013297, 47.331679], [-107.013285, 47.3317], [-107.013431, 47.331739], [-107.013444, 47.331718]]]}}
{"type": "Feature", "properties": { "height": 3.8855462074279785, "confidence": -1.0},"geometry": {"type": "Polygon","coordinates": [[[-107.193959, 47.097332], [-107.194173, 47.097427], [-107.194406, 47.097184], [-107.194193, 47.097089], [-107.193959, 47.097332]]]}}
{"type": "Feature", "properties": { "height": 5.20527982711792, "confidence": -1.0},"geometry": {"type": "Polygon","coordinates": [[[-106.91015008762791, 47.32219906277908], [-106.9104864070314, 47.32220282844692], [-106.91049141430376, 47.321998195924635], [-106.91044314782151, 47.321997653207234], [-106.91044359260644, 47.32197947611493], [-106.91015551707568, 47.321976236938276], [-106.91015008762791, 47.32219906277908]]]}}
{"type": "Feature", "properties": { "height": 3.387819766998291, "confidence": -1.0},"geometry": {"type": "Polygon","coordinates": [[[-106.9136348835242, 47.31986925422687], [-106.91384943845223, 47.31986778834748], [-106.91384823591456, 47.31978690172994], [-106.91363368083522, 47.31978835743288], [-106.9136348835242, 47.31986925422687]]]}}
{"type": "Feature", "properties": { "height": 4.376104831695557, "confidence": -1.0},"geometry": {"type": "Polygon","coordinates": [[[-107.23060967454867, 47.459101186417], [-107.23074377249, 47.459102062108585], [-107.23074348755065, 47.45912200858186], [-107.23089367724491, 47.459122989356025], [-107.23089538688104, 47.45900331040508], [-107.23074519718676, 47.45900232962869], [-107.23074488634383, 47.459024089458616], [-107.23068051933201, 47.459023669126026], [-107.23068083017492, 47.45900190929593], [-107.23061109924545, 47.45900145393545], [-107.23060967454867, 47.459101186417]]]}}
{"type": "Feature", "properties": { "height": 6.569847106933594, "confidence": -1.0},"geometry": {"type": "Polygon","coordinates": [[[-107.24661271566367, 47.42044995649882], [-107.24646075104661, 47.42045795882517], [-107.24648608781247, 47.42067803191814], [-107.24663805242955, 47.42067002962524], [-107.24661271566367, 47.42044995649882]]]}}
{"type": "Feature", "properties": { "height": -1.0, "confidence": -1.0},"geometry": {"type": "Polygon","coordinates": [[[-107.437248, 47.468429], [-107.437314, 47.468438], [-107.437327, 47.468396], [-107.437261, 47.468388], [-107.437248, 47.468429]]]}}
{"type": "Feature", "properties": { "height": -1.0, "confidence": -1.0},"geometry": {"type": "Polygon","coordinates": [[[-107.46878406425796, 47.431421537112065], [-107.46869021683477, 47.43142267014107], [-107.46869318381559, 47.43153512946508], [-107.46878703123879, 47.43153399643848], [-107.46878406425796, 47.431421537112065]]]}}
{"type": "Feature", "properties": { "height": 2.7925777435302734, "confidence": -1.0},"geometry": {"type": "Polygon","coordinates": [[[-106.90743420865188, 47.31468462367358], [-106.90742259283336, 47.314526810343814], [-106.90732894871148, 47.31452997853368], [-106.90734056452999, 47.314687791853956], [-106.90743420865188, 47.31468462367358]]]}}
{"type": "Feature", "properties": { "height": -1.0, "confidence": -1.0},"geometry": {"type": "Polygon","coordinates": [[[-106.90902760328994, 47.31866282820649], [-106.909026283373, 47.31870099201308], [-106.9090879402859, 47.318701972029665], [-106.90908926020283, 47.3186638082238], [-106.90902760328994, 47.31866282820649]]]}}
{"type": "Feature", "properties": { "height": -1.0, "confidence": -1.0},"geometry": {"type": "Polygon","coordinates": [[[-107.2480271848441, 47.42046131333629], [-107.24788147684652, 47.42047231201694], [-107.24791783005, 47.42069278997792], [-107.2480644801326, 47.42068172023091], [-107.2480568004772, 47.42063511484119], [-107.2481813155445, 47.42062571592535], [-107.24817570348864, 47.42059165810839], [-107.24805023809508, 47.420601128764936], [-107.2480271848441, 47.42046131333629]]]}}
{"type": "Feature", "properties": { "height": -1.0, "confidence": -1.0},"geometry": {"type": "Polygon","coordinates": [[[-107.33210154559093, 47.42299322170718], [-107.33213191311214, 47.422995381575674], [-107.33212717526615, 47.42302589500564], [-107.33215782114391, 47.423028074670704], [-107.33216479315556, 47.42298320230186], [-107.33210377663467, 47.4229788625438], [-107.33210154559093, 47.42299322170718]]]}}
{"type": "Feature", "properties": { "height": -1.0, "confidence": -1.0},"geometry": {"type": "Polygon","coordinates": [[[-107.44345074807092, 47.44073522170106], [-107.44345113327574, 47.44080052891138], [-107.44356496338142, 47.44080022716209], [-107.44356458493445, 47.44073491993349], [-107.44345074807092, 47.44073522170106]]]}}
{"type": "Feature", "properties": { "height": -1.0, "confidence": -1.0},"geometry": {"type": "Polygon","coordinates": [[[-107.55220430660191, 47.46615681806986], [-107.55234153524053, 47.466168687027654], [-107.55235942984201, 47.466074132854], [-107.55222220120339, 47.46606226387486], [-107.55220430660191, 47.46615681806986]]]}}
{"type": "Feature", "properties": { "height": -1.0, "confidence": -1.0},"geometry": {"type": "Polygon","coordinates": [[[-106.910191, 47.325821], [-106.910376, 47.325821], [-106.910376, 47.325716], [-106.910191, 47.325716], [-106.910191, 47.325821]]]}}
{"type": "Feature", "properties": { "height": 3.570227861404419, "confidence": -1.0},"geometry": {"type": "Polygon","coordinates": [[[-106.91098326226052, 47.325239995140386], [-106.91110663000511, 47.325240884747615], [-106.91110907996138, 47.32508374791104], [-106.91106509385023, 47.325083432812136], [-106.91106492266464, 47.32509434020173], [-106.91098554206607, 47.32509377155099], [-106.91098326226052, 47.325239995140386]]]}}
{"type": "Feature", "properties": { "height": 19.091503143310547, "confidence": -1.0},"geometry": {"type": "Polygon","coordinates": [[[-107.036761, 47.371904], [-107.036759, 47.371943], [-107.036796, 47.371944], [-107.036799, 47.371905], [-107.036761, 47.371904]]]}}
{"type": "Feature", "properties": { "height": -1.0, "confidence": -1.0},"geometry": {"type": "Polygon","coordinates": [[[-107.159948, 47.367836], [-107.160026, 47.367814], [-107.159994, 47.367763], [-107.159917, 47.367784], [-107.159948, 47.367836]]]}}
{"type": "Feature", "properties": { "height": 7.013319492340088, "confidence": -1.0},"geometry": {"type": "Polygon","coordinates": [[[-107.40243549371044, 47.21966540794301], [-107.40243316987322, 47.219743710375624], [-107.40253237130167, 47.21974506846781], [-107.4025346951389, 47.219666766037186], [-107.40243549371044, 47.21966540794301]]]}}
{"type": "Feature", "properties": { "height": 4.257691383361816, "confidence": -1.0},"geometry": {"type": "Polygon","coordinates": [[[-107.526093, 47.387393], [-107.526431, 47.387393], [-107.526431, 47.387246], [-107.526093, 47.387246], [-107.526093, 47.387393]]]}}
{"type": "Feature", "properties": { "height": -1.0, "confidence": -1.0},"geometry": {"type": "Polygon","coordinates": [[[-107.550839, 47.283958], [-107.550839, 47.28402], [-107.550903, 47.28402], [-107.550903, 47.283958], [-107.550839, 47.283958]]]}}
{"type": "Feature", "properties": { "height": -1.0, "confidence": -1.0},"geometry": {"type": "Polygon","coordinates": [[[-106.89163, 47.334175], [-106.891461, 47.334175], [-106.891461, 47.334284], [-106.89163, 47.334284], [-106.89163, 47.334175]]]}}
{"type": "Feature", "properties": { "height": 3.654055118560791, "confidence": -1.0},"geometry": {"type": "Polygon","coordinates": [[[-106.9056995207384, 47.32362045880593], [-106.90583897408533, 47.32362162983754], [-106.90584081162552, 47.32352164675], [-106.90570135827859, 47.32352047571618], [-106.9056995207384, 47.32362045880593]]]}}
{"type": "Feature", "properties": { "height": -1.0, "confidence": -1.0},"geometry": {"type": "Polygon","coordinates": [[[-106.90898009674865, 47.31764022987033], [-106.90889268651897, 47.317639197163174], [-106.90889159394287, 47.31768169928723], [-106.90897899967902, 47.317682736087654], [-106.90898009674865, 47.31764022987033]]]}}
{"type": "Feature", "properties": { "height": -1.0, "confidence": -1.0},"geometry": {"type": "Polygon","coordinates": [[[-106.91445177341386, 47.32213159980782], [-106.91435636686111, 47.3221322833004], [-106.914357605706, 47.32221227535873], [-106.91445302051676, 47.322211591808035], [-106.91445177341386, 47.32213159980782]]]}}
{"type": "Feature", "properties": { "height": 5.875273704528809, "confidence": -1.0},"geometry": {"type": "Polygon","coordinates": [[[-106.922982, 47.322699], [-106.922988, 47.322665], [-106.922924, 47.322659], [-106.922917, 47.322693], [-106.922982, 47.322699]]]}}
{"type": "Feature", "properties": { "height": -1.0, "confidence": -1.0},"geometry": {"type": "Polygon","coordinates": [[[-107.08632547628301, 47.33888493345183], [-107.08641893599392, 47.338961803585605], [-107.08654093316513, 47.33889368893208], [-107.08642584455501, 47.3387990370418], [-107.08640986894545, 47.338807957479034], [-107.08638673494801, 47.33878893145578], [-107.08631484223555, 47.33882907138826], [-107.0863595998546, 47.3388658812268], [-107.08632547628301, 47.33888493345183]]]}}
{"type": "Feature", "properties": { "height": 10.291569709777832, "confidence": -1.0},"geometry": {"type": "Polygon","coordinates": [[[-107.1093539479851, 47.51343532098146], [-107.10935759988547, 47.51350951495482], [-107.10938707161222, 47.51350885319664], [-107.10938894209778, 47.51354685494773], [-107.10944788555128, 47.51354553143228], [-107.10944601506573, 47.51350752968025], [-107.10948352453615, 47.51350668744251], [-107.10947987263576, 47.513432493465146], [-107.1093539479851, 47.51343532098146]]]}}
{"type": "Feature", "properties": { "height": 3.926900625228882, "confidence": -1.0},"geometry": {"type": "Polygon","coordinates": [[[-107.313498, 47.327349], [-107.31345, 47.327349], [-107.31345, 47.327383], [-107.313498, 47.327383], [-107.313498, 47.327349]]]}}
{"type": "Feature", "properties": { "height": -1.0, "confidence": -1.0},"geometry": {"type": "Polygon","coordinates": [[[-107.375712, 47.414844], [-107.375698, 47.414831], [-107.375691, 47.414792], [-107.375555, 47.414662], [-107.375502, 47.414667], [-107.375495, 47.41466], [-107.375444, 47.414646], [-107.37544, 47.414623], [-107.37537, 47.414603], [-107.375309, 47.414608], [-107.375261, 47.414631], [-107.375239, 47.414668], [-107.375255, 47.414759], [-107.375273, 47.414776], [-107.375305, 47.414774], [-107.375379, 47.414844], [-107.375407, 47.414842], [-107.375466, 47.414858], [-107.375493, 47.414883], [-107.375527, 47.414881], [-107.375569, 47.414892], [-107.3756, 47.414922], [-107.375644, 47.414934], [-107.375671, 47.414921], [-107.375708, 47.414918], [-107.375711, 47.414931], [-107.375729, 47.414936], [-107.375772, 47.414933], [-107.375819, 47.41491], [-107.375813, 47.414873], [-107.375712, 47.414844]]]}}
{"type": "Feature", "properties": { "height": -1.0, "confidence": -1.0},"geometry": {"type": "Polygon","coordinates": [[[-107.44256947371642, 47.426565213238646], [-107.44260807326476, 47.426566287916046], [-107.44261293009583, 47.42648658036225], [-107.44257432231554, 47.426485505454025], [-107.44256947371642, 47.426565213238646]]]}}
{"type": "Feature", "properties": { "height": 2.7137975692749023, "confidence": -1.0},"geometry": {"type": "Polygon","coordinates": [[[-107.51783955252627, 47.10526919815132], [-107.51782749932504, 47.10519063273288], [-107.51756748005032, 47.10520912629433], [-107.51755889113062, 47.10515314177423], [-107.51736785656142, 47.1051667288908], [-107.51738849542144, 47.10530125751217], [-107.51783955252627, 47.10526919815132]]]}}
{"type": "Feature", "properties": { "height": 2.5867269039154053, "confidence": -1.0},"geometry": {"type": "Polygon","coordinates": [[[-106.90643785989806, 47.32269559114146], [-106.9064324328668, 47.32278452996451], [-106.90653150509473, 47.322787307839405], [-106.90653693212604, 47.32269836902104], [-106.90643785989806, 47.32269559114146]]]}}
{"type": "Feature", "properties": { "height": 3.0056893825531006, "confidence": -1.0},"geometry": {"type": "Polygon","coordinates": [[[-106.90704453486377, 47.323621209348126], [-106.9072054204851, 47.32361934694595], [-106.9072036804101, 47.32355027722108], [-106.90716882185882, 47.32355068074209], [-106.90716744811542, 47.32349615194855], [-106.90704142104536, 47.32349761083367], [-106.90704453486377, 47.323621209348126]]]}}
{"type": "Feature", "properties": { "height": 2.995154857635498, "confidence": -1.0},"geometry": {"type": "Polygon","coordinates": [[[-106.90866092762455, 47.322194229000914], [-106.90849740330577, 47.32219683575315], [-106.90850310033923, 47.322361057178135], [-106.908666624927, 47.322358458187914], [-106.90866092762455, 47.322194229000914]]]}}
{"type": "Feature", "properties": { "height": -1.0, "confidence": -1.0},"geometry": {"type": "Polygon","coordinates": [[[-106.91417403496281, 47.32229138487312], [-106.91417077210835, 47.32238405999532], [-106.91409414826843, 47.32238281672205], [-106.91409238480155, 47.32243275809408], [-106.91425322545977, 47.322435360208495], [-106.91425826107486, 47.322292751500726], [-106.91417403496281, 47.32229138487312]]]}}
{"type": "Feature", "properties": { "height": -1.0, "confidence": -1.0},"geometry": {"type": "Polygon","coordinates": [[[-107.17818251620618, 47.172957341867516], [-107.17822666307438, 47.173037235582775], [-107.17858629742967, 47.17294540353973], [-107.17854215056151, 47.17286550968632], [-107.17818251620618, 47.172957341867516]]]}}
{"type": "Feature", "properties": { "height": -1.0, "confidence": -1.0},"geometry": {"type": "Polygon","coordinates": [[[-107.264826, 47.467407], [-107.26469, 47.46742], [-107.264715, 47.467532], [-107.264796, 47.467524], [-107.264804, 47.467561], [-107.264859, 47.467556], [-107.264826, 47.467407]]]}}
{"type": "Feature", "properties": { "height": -1.0, "confidence": -1.0},"geometry": {"type": "Polygon","coordinates": [[[-107.4906150171508, 47.09396708072533], [-107.49059959408254, 47.093913956083405], [-107.49059547561019, 47.0939220232226], [-107.49058417637984, 47.09388308929455], [-107.49061611222058, 47.09389064600101], [-107.49065202234992, 47.093885813976435], [-107.49066088043365, 47.09391633640962], [-107.49068187862264, 47.093913511920086], [-107.49074314900433, 47.093928009800294], [-107.49075854552265, 47.09398104297724], [-107.49087684910472, 47.09396512421243], [-107.4908300779195, 47.09395405715968], [-107.49083001640317, 47.09395384519213], [-107.49079113649958, 47.093959074966754], [-107.49080760040535, 47.09392682598069], [-107.49065585887128, 47.09389092068659], [-107.4906700013756, 47.09386322433231], [-107.49063649845132, 47.093855296816116], [-107.49061921363983, 47.093889146995295], [-107.4906104412578, 47.09385893055397], [-107.4905755725782, 47.09385067820839], [-107.49056207621052, 47.09387711451247], [-107.49057369334602, 47.0939171296805], [-107.49058817755005, 47.093920556952455], [-107.4905698787732, 47.09395640002985], [-107.4906150171508, 47.09396708072533]]]}}
{"type": "Feature", "properties": { "height": 5.979264736175537, "confidence": -1.0},"geometry": {"type": "Polygon","coordinates": [[[-107.507247, 47.39207], [-107.50725, 47.392131], [-107.507334, 47.392129], [-107.507331, 47.392067], [-107.507247, 47.39207]]]}}
{"type": "Feature", "properties": { "height": -1.0, "confidence": -1.0},"geometry": {"type": "Polygon","coordinates": [[[-107.570139, 47.456205], [-107.570165, 47.456244], [-107.570227, 47.456224], [-107.570201, 47.456186], [-107.570139, 47.456205]]]}}
{"type": "Feature", "properties": { "height": -1.0, "confidence": -1.0},"geometry": {"type": "Polygon","coordinates": [[[-106.903747, 47.319196], [-106.903748, 47.319295], [-106.903864, 47.319294], [-106.903864, 47.319376], [-106.904036, 47.319375], [-106.904034, 47.319195], [-106.903747, 47.319196]]]}}
{"type": "Feature", "properties": { "height": 4.9571614265441895, "confidence": -1.0},"geometry": {"type": "Polygon","coordinates": [[[-106.9091314619125, 47.316242781053816], [-106.9089464182096, 47.31624121818913], [-106.90894321086951, 47.316415757898014], [-106.90912825457238, 47.31641732075753], [-106.9091314619125, 47.316242781053816]]]}}
{"type": "Feature", "properties": { "height": 3.638028621673584, "confidence": -1.0},"geometry": {"type": "Polygon","coordinates": [[[-106.90975616675064, 47.3192948532186], [-106.90949210181256, 47.319292698248894], [-106.90948978344895, 47.31942249977305], [-106.90975386156352, 47.319424667374456], [-106.90975616675064, 47.3192948532186]]]}}
{"type": "Feature", "properties": { "height": -1.0, "confidence": -1.0},"geometry": {"type": "Polygon","coordinates": [[[-106.910603, 47.324685], [-106.910661, 47.324685], [-106.91066, 47.324725], [-106.91074, 47.324726], [-106.91074, 47.324683], [-106.910771, 47.324684], [-106.910773, 47.324564], [-106.910605, 47.324563], [-106.910603, 47.324685]]]}}
{"type": "Feature", "properties": { "height": -1.0, "confidence": -1.0},"geometry": {"type": "Polygon","coordinates": [[[-106.917352, 47.313875], [-106.917272, 47.313875], [-106.917272, 47.313895], [-106.917352, 47.313895], [-106.917352, 47.313875]]]}}
{"type": "Feature", "properties": { "height": -1.0, "confidence": -1.0},"geometry": {"type": "Polygon","coordinates": [[[-106.947714, 47.430784], [-106.947816, 47.430873], [-106.947859, 47.430851], [-106.947757, 47.430762], [-106.947714, 47.430784]]]}}
{"type": "Feature", "properties": { "height": 11.306201934814453, "confidence": -1.0},"geometry": {"type": "Polygon","coordinates": [[[-106.981624, 47.143377], [-106.981665, 47.143388], [-106.981711, 47.143308], [-106.98167, 47.143297], [-106.981624, 47.143377]]]}}
{"type": "Feature", "properties": { "height": -1.0, "confidence": -1.0},"geometry": {"type": "Polygon","coordinates": [[[-107.061377, 47.460531], [-107.061359, 47.460569], [-107.061395, 47.460577], [-107.061412, 47.460538], [-107.061377, 47.460531]]]}}
{"type": "Feature", "properties": { "height": 4.095231056213379, "confidence": -1.0},"geometry": {"type": "Polygon","coordinates": [[[-107.1473752061116, 47.24940255976927], [-107.14746448174412, 47.2494369447461], [-107.14758536281256, 47.24929232850169], [-107.14747173928025, 47.24924856568055], [-107.14737618567375, 47.24936288150566], [-107.14740053357355, 47.24937225923584], [-107.1473752061116, 47.24940255976927]]]}}
{"type": "Feature", "properties": { "height": -1.0, "confidence": -1.0},"geometry": {"type": "Polygon","coordinates": [[[-107.17859907339302, 47.414637141352195], [-107.17847515750097, 47.41465778753302], [-107.17848698815959, 47.41469030170022], [-107.17861090405164, 47.41466965553214], [-107.17859907339302, 47.414637141352195]]]}}
{"type": "Feature", "properties": { "height": -1.0, "confidence": -1.0},"geometry": {"type": "Polygon","coordinates": [[[-107.247663, 47.437747], [-107.24791, 47.437747], [-107.24791, 47.437664], [-107.247663, 47.437664], [-107.247663, 47.437747]]]}}
{"type": "Feature", "properties": { "height": -1.0, "confidence": -1.0},"geometry": {"type": "Polygon","coordinates": [[[-107.248468, 47.378211], [-107.248535, 47.378211], [-107.248535, 47.378169], [-107.248468, 47.378169], [-107.248468, 47.378211]]]}}
{"type": "Feature", "properties": { "height": 2.589433193206787, "confidence": -1.0},"geometry": {"type": "Polygon","coordinates": [[[-107.39589830300179, 47.049916433296204], [-107.39600435534737, 47.0499179757988], [-107.39600659462896, 47.04984673377708], [-107.3959005349688, 47.04984519116604], [-107.39589830300179, 47.049916433296204]]]}}
{"type": "Feature", "properties": { "height": 3.5494275093078613, "confidence": -1.0},"geometry": {"type": "Polygon","coordinates": [[[-107.40399771048, 47.38565529971367], [-107.40399696428499, 47.38579149894447], [-107.40412570854625, 47.38579182228378], [-107.40412645474123, 47.38565562305381], [-107.40399771048, 47.38565529971367]]]}}
{"type": "Feature", "properties": { "height": -1.0, "confidence": -1.0},"geometry": {"type": "Polygon","coordinates": [[[-107.55698705883665, 47.136984393394904], [-107.55691248404031, 47.13697386975285], [-107.55688421072702, 47.137066581944225], [-107.5568430660118, 47.13706077580611], [-107.556829395774, 47.13710560239541], [-107.55686025473997, 47.13710995558682], [-107.55684351739995, 47.13716483956998], [-107.55697466617976, 47.13718334659677], [-107.5570077406217, 47.13707489104783], [-107.55696145281706, 47.137068359143434], [-107.55698705883665, 47.136984393394904]]]}}
{"type": "Feature", "properties": { "height": 2.9142098426818848, "confidence": -1.0},"geometry": {"type": "Polygon","coordinates": [[[-106.91030205242696, 47.31715409579912], [-106.91030443377194, 47.31726499310036], [-106.91042510760373, 47.317263802146066], [-106.91042272625873, 47.31715290484231], [-106.91030205242696, 47.31715409579912]]]}}
{"type": "Feature", "properties": { "height": 4.088241100311279, "confidence": -1.0},"geometry": {"type": "Polygon","coordinates": [[[-106.9165230055233, 47.326089124329854], [-106.91651229379484, 47.32608883416701], [-106.91650608664506, 47.32619411387845], [-106.91659445840493, 47.32619650771699], [-106.91660194979256, 47.32606944597586], [-106.9165242897612, 47.32606734229451], [-106.9165230055233, 47.326089124329854]]]}}
{"type": "Feature", "properties": { "height": -1.0, "confidence": -1.0},"geometry": {"type": "Polygon","coordinates": [[[-107.25986651120775, 47.278752913694596], [-107.25976734758267, 47.278754801823936], [-107.25977020587865, 47.27882389583261], [-107.2598693695037, 47.27882200770575], [-107.25986651120775, 47.278752913694596]]]}}
{"type": "Feature", "properties": { "height": -1.0, "confidence": -1.0},"geometry": {"type": "Polygon","coordinates": [[[-107.419089, 47.214039], [-107.419089, 47.214101], [-107.419164, 47.214101], [-107.419164, 47.214039], [-107.419089, 47.214039]]]}}
{"type": "Feature", "properties": { "height": -1.0, "confidence": -1.0},"geometry": {"type": "Polygon","coordinates": [[[-107.42408389914527, 47.47294480449085], [-107.42411123563167, 47.472994078541056], [-107.4242640848029, 47.47295533483609], [-107.42423674831652, 47.47290606074955], [-107.42408389914527, 47.47294480449085]]]}}
{"type": "Feature", "properties": { "height": -1.0, "confidence": -1.0},"geometry": {"type": "Polygon","coordinates": [[[-107.433629, 47.499208], [-107.433634, 47.499247], [-107.433716, 47.499242], [-107.433712, 47.499204], [-107.433629, 47.499208]]]}}
{"type": "Feature", "properties": { "height": -1.0, "confidence": -1.0},"geometry": {"type": "Polygon","coordinates": [[[-107.43939085066722, 47.4870022844429], [-107.43943202512743, 47.487076000053804], [-107.43955968551779, 47.48704344450856], [-107.43951851478909, 47.48696972186242], [-107.43939085066722, 47.4870022844429]]]}}
{"type": "Feature", "properties": { "height": -1.0, "confidence": -1.0},"geometry": {"type": "Polygon","coordinates": [[[-106.90773317249617, 47.32376188004337], [-106.90770639074258, 47.32376258521893], [-106.90770977985018, 47.32382183455392], [-106.90768203168051, 47.32382256385838], [-106.90769007986029, 47.323963010624475], [-106.90775167772634, 47.32396138873128], [-106.90775001324336, 47.32393234228638], [-106.90774293374055, 47.32393252869226], [-106.90773317249617, 47.32376188004337]]]}}
{"type": "Feature", "properties": { "height": 5.102627277374268, "confidence": -1.0},"geometry": {"type": "Polygon","coordinates": [[[-106.90893935055712, 47.32081072550062], [-106.90885357615161, 47.320812214958785], [-106.90886140363642, 47.321019359111496], [-106.90894717804194, 47.32101786965919], [-106.90893935055712, 47.32081072550062]]]}}
{"type": "Feature", "properties": { "height": 3.8876326084136963, "confidence": -1.0},"geometry": {"type": "Polygon","coordinates": [[[-106.9115324461514, 47.319810347360786], [-106.9118153341114, 47.319807958272456], [-106.91181341905624, 47.319704332133256], [-106.91153054179321, 47.319706721135944], [-106.9115324461514, 47.319810347360786]]]}}
{"type": "Feature", "properties": { "height": -1.0, "confidence": -1.0},"geometry": {"type": "Polygon","coordinates": [[[-107.095404, 47.28109], [-107.095482, 47.281093], [-107.095487, 47.281039], [-107.095409, 47.281035], [-107.095404, 47.28109]]]}}
{"type": "Feature", "properties": { "height": 4.120700359344482, "confidence": -1.0},"geometry": {"type": "Polygon","coordinates": [[[-107.33845003748519, 47.43552156197104], [-107.3382820313412, 47.435520448451435], [-107.33828028628805, 47.43564091533541], [-107.3384482798526, 47.43564203672221], [-107.33845003748519, 47.43552156197104]]]}}
{"type": "Feature", "properties": { "height": 3.571953773498535, "confidence": -1.0},"geometry": {"type": "Polygon","coordinates": [[[-107.40156651159768, 47.21732889863212], [-107.40117136093073, 47.21733960583779], [-107.40118065540125, 47.217497851043035], [-107.40157582234833, 47.217487143428166], [-107.40156651159768, 47.21732889863212]]]}}
{"type": "Feature", "properties": { "height": -1.0, "confidence": -1.0},"geometry": {"type": "Polygon","coordinates": [[[-107.48553632287988, 47.043694725711916], [-107.48553215463951, 47.043841768052395], [-107.4856648662212, 47.04384350864351], [-107.48566901918615, 47.04369647243619], [-107.48553632287988, 47.043694725711916]]]}}
{"type": "Feature", "properties": { "height": 3.840226888656616, "confidence": -1.0},"geometry": {"type": "Polygon","coordinates": [[[-106.89862466988957, 47.32187654574532], [-106.89852438521046, 47.321874138247715], [-106.89852922356324, 47.321781525441146], [-106.89839377964017, 47.32177827388254], [-106.89838765858451, 47.32189520829272], [-106.89834363177351, 47.32189414926876], [-106.89834088056011, 47.32194681123016], [-106.89862063950818, 47.32195354056424], [-106.89862466988957, 47.32187654574532]]]}}
{"type": "Feature", "properties": { "height": 2.946481227874756, "confidence": -1.0},"geometry": {"type": "Polygon","coordinates": [[[-106.9081111258836, 47.32101487434908], [-106.90793535835478, 47.32101465752885], [-106.90793484272524, 47.32120674293367], [-106.90804893948896, 47.32120687826539], [-106.90804919760949, 47.32110687548275], [-106.90811088822798, 47.32110694865497], [-106.9081111258836, 47.32101487434908]]]}}
{"type": "Feature", "properties": { "height": 3.3248374462127686, "confidence": -1.0},"geometry": {"type": "Polygon","coordinates": [[[-106.91278479620526, 47.32235010159881], [-106.9127812241661, 47.32245462355428], [-106.91293828168223, 47.32245708249836], [-106.91294143940272, 47.32236440400062], [-106.91283688902243, 47.32236276712264], [-106.91283729247036, 47.322350925989824], [-106.91278479620526, 47.32235010159881]]]}}
{"type": "Feature", "properties": { "height": 3.89372181892395, "confidence": -1.0},"geometry": {"type": "Polygon","coordinates": [[[-106.91417497411537, 47.32313214025524], [-106.91417189604886, 47.32326119643401], [-106.91440786876235, 47.32326378252095], [-106.91441007976788, 47.32317108023181], [-106.9142786858706, 47.323169640249056], [-106.91427955293157, 47.32313328636478], [-106.91417497411537, 47.32313214025524]]]}}
{"type": "Feature", "properties": { "height": -1.0, "confidence": -1.0},"geometry": {"type": "Polygon","coordinates": [[[-106.918695, 47.363835], [-106.918745, 47.363827], [-106.918732, 47.363788], [-106.918681, 47.363796], [-106.918695, 47.363835]]]}}
{"type": "Feature", "properties": { "height": -1.0, "confidence": -1.0},"geometry": {"type": "Polygon","coordinates": [[[-107.036442, 47.399511], [-107.036356, 47.399514], [-107.036362, 47.399578], [-107.036447, 47.399575], [-107.036442, 47.399511]]]}}
{"type": "Feature", "properties": { "height": 2.506162643432617, "confidence": -1.0},"geometry": {"type": "Polygon","coordinates": [[[-107.11642711109013, 47.375718857656516], [-107.11634136697279, 47.37572070266302], [-107.11634758226609, 47.37585316298814], [-107.11620556857174, 47.375856218772334], [-107.11620871878891, 47.37592335606645], [-107.11643647660057, 47.37591845528664], [-107.11642711109013, 47.375718857656516]]]}}
{"type": "Feature", "properties": { "height": -1.0, "confidence": -1.0},"geometry": {"type": "Polygon","coordinates": [[[-107.383499, 47.383643], [-107.383431, 47.383643], [-107.383431, 47.383737], [-107.383499, 47.383737], [-107.383499, 47.383643]]]}}
{"type": "Feature", "properties": { "height": -1.0, "confidence": -1.0},"geometry": {"type": "Polygon","coordinates": [[[-107.41313204340574, 47.40910227999603], [-107.41312954919806, 47.408942559069786], [-107.41296327068765, 47.40894374045439], [-107.41296395092613, 47.40898730075406], [-107.41287416014683, 47.408987938703945], [-107.41287596210435, 47.409104099410875], [-107.41313204340574, 47.40910227999603]]]}}
{"type": "Feature", "properties": { "height": 3.5253782272338867, "confidence": -1.0},"geometry": {"type": "Polygon","coordinates": [[[-107.425432, 47.473113], [-107.425428, 47.473138], [-107.425378, 47.473134], [-107.425369, 47.473181], [-107.425414, 47.473184], [-107.425409, 47.473211], [-107.425589, 47.473226], [-107.425607, 47.473128], [-107.425432, 47.473113]]]}}
{"type": "Feature", "properties": { "height": 4.5922932624816895, "confidence": -1.0},"geometry": {"type": "Polygon","coordinates": [[[-107.54454125264648, 47.47814827659091], [-107.54461809834605, 47.4781439908493], [-107.54462713901658, 47.47813986098748], [-107.54479152148443, 47.478130693253554], [-107.54477613335173, 47.47800465329278], [-107.54469010774402, 47.478009451017364], [-107.54465233173178, 47.477971675479395], [-107.54459549666969, 47.47797484522336], [-107.54456498357163, 47.47798878393084], [-107.54456855577612, 47.47801804291064], [-107.54448330555824, 47.478022797389826], [-107.5444962755558, 47.47812903105439], [-107.54447048717589, 47.47813046929189], [-107.54441903751767, 47.4780790203914], [-107.5442643813958, 47.47814966877336], [-107.54435024472237, 47.47823553069178], [-107.54454125264648, 47.47814827659091]]]}}
{"type": "Feature", "properties": { "height": 4.012076377868652, "confidence": -1.0},"geometry": {"type": "Polygon","coordinates": [[[-106.90377361156843, 47.31814760077931], [-106.90412761736845, 47.31814487972754], [-106.90412544511268, 47.318015794010705], [-106.90377143931265, 47.31801851506913], [-106.90377361156843, 47.31814760077931]]]}}
{"type": "Feature", "properties": { "height": 3.3326642513275146, "confidence": -1.0},"geometry": {"type": "Polygon","coordinates": [[[-106.90561429206961, 47.32116380264663], [-106.90569735219603, 47.3211656390374], [-106.90569595400872, 47.32119469991949], [-106.90577901413513, 47.32119653630919], [-106.90578399517737, 47.321093006847455], [-106.90561787492454, 47.32108933406076], [-106.90561429206961, 47.32116380264663]]]}}
{"type": "Feature", "properties": { "height": 6.128085136413574, "confidence": -1.0},"geometry": {"type": "Polygon","coordinates": [[[-107.0110760256085, 47.32990007983635], [-107.01127450814126, 47.3299003717126], [-107.01127535195933, 47.32963677142414], [-107.01107686942656, 47.32963647954642], [-107.0110760256085, 47.32990007983635]]]}}
{"type": "Feature", "properties": { "height": -1.0, "confidence": -1.0},"geometry": {"type": "Polygon","coordinates": [[[-107.24593927885502, 47.42025634924171], [-107.24553304457302, 47.42027283572193], [-107.24554321336785, 47.42038754579554], [-107.24594944595063, 47.420371040182886], [-107.24593927885502, 47.42025634924171]]]}}
{"type": "Feature", "properties": { "height": -1.0, "confidence": -1.0},"geometry": {"type": "Polygon","coordinates": [[[-107.266096, 47.335502], [-107.265913, 47.335502], [-107.265913, 47.335589], [-107.265986, 47.335589], [-107.265986, 47.335627], [-107.266096, 47.335627], [-107.266096, 47.335502]]]}}
{"type": "Feature", "properties": { "height": 2.6841444969177246, "confidence": -1.0},"geometry": {"type": "Polygon","coordinates": [[[-106.90753422999937, 47.32037910026308], [-106.90753082379217, 47.32047177398961], [-106.90759915011765, 47.320472931296585], [-106.90760256588688, 47.32038025773405], [-106.90753422999937, 47.32037910026308]]]}}
{"type": "Feature", "properties": { "height": -1.0, "confidence": -1.0},"geometry": {"type": "Polygon","coordinates": [[[-106.90935840358148, 47.32351119492341], [-106.90935962606476, 47.32358209331135], [-106.90946153608513, 47.32358128589024], [-106.90946031360185, 47.32351038750123], [-106.90935840358148, 47.32351119492341]]]}}
{"type": "Feature", "properties": { "height": 3.167236328125, "confidence": -1.0},"geometry": {"type": "Polygon","coordinates": [[[-106.91111708528902, 47.317728311307654], [-106.91111626405677, 47.31779194885763], [-106.91107603400067, 47.317791710255136], [-106.91107410997084, 47.3179408036442], [-106.91123881936657, 47.31794178052479], [-106.91124154266824, 47.31772904945917], [-106.91111708528902, 47.317728311307654]]]}}
{"type": "Feature", "properties": { "height": -1.0, "confidence": -1.0},"geometry": {"type": "Polygon","coordinates": [[[-106.915046, 47.324645], [-106.914953, 47.324647], [-106.914955, 47.324692], [-106.915047, 47.32469], [-106.915046, 47.324645]]]}}
{"type": "Feature", "properties": { "height": -1.0, "confidence": -1.0},"geometry": {"type": "Polygon","coordinates": [[[-106.94405284294459, 47.47724499768582], [-106.94392865232784, 47.477226568615094], [-106.9438747185336, 47.477392599492404], [-106.94399892555272, 47.47741103093891], [-106.94405284294459, 47.47724499768582]]]}}
{"type": "Feature", "properties": { "height": -1.0, "confidence": -1.0},"geometry": {"type": "Polygon","coordinates": [[[-107.01419265668534, 47.291914230236], [-107.01422825583137, 47.29186748962603], [-107.01413298155576, 47.29183410716829], [-107.0141083220355, 47.29186648440288], [-107.01413161063824, 47.29187464542882], [-107.01411629896873, 47.29189474919355], [-107.01415322686627, 47.29190768983058], [-107.0141576020968, 47.291901946063945], [-107.01419265668534, 47.291914230236]]]}}
{"type": "Feature", "properties": { "height": 3.471388101577759, "confidence": -1.0},"geometry": {"type": "Polygon","coordinates": [[[-107.29859583193175, 47.42594553528798], [-107.29860099528855, 47.42604340045191], [-107.29888913793697, 47.42603644219229], [-107.29889000018167, 47.42605275299673], [-107.29895277812513, 47.4260512369937], [-107.2989479972392, 47.4259606211209], [-107.29884352419487, 47.42596314400893], [-107.29884036881015, 47.425903337450286], [-107.29878293316452, 47.4259047244479], [-107.29878484926384, 47.425940970763804], [-107.29859583193175, 47.42594553528798]]]}}
{"type": "Feature", "properties": { "height": -1.0, "confidence": -1.0},"geometry": {"type": "Polygon","coordinates": [[[-107.311287, 47.466057], [-107.311422, 47.466061], [-107.311433, 47.46592], [-107.311297, 47.465915], [-107.311287, 47.466057]]]}}
{"type": "Feature", "properties": { "height": 3.5938808917999268, "confidence": -1.0},"geometry": {"type": "Polygon","coordinates": [[[-107.32088498430105, 47.43469059838649], [-107.32105455889905, 47.43470332291018], [-107.32108630295403, 47.43450975728367], [-107.32091672835602, 47.43449703271317], [-107.32088498430105, 47.43469059838649]]]}}
{"type": "Feature", "properties": { "height": 4.935699462890625, "confidence": -1.0},"geometry": {"type": "Polygon","coordinates": [[[-107.44446914943228, 47.43980516271079], [-107.44446507616912, 47.43986927274734], [-107.44455342591206, 47.43987184067292], [-107.44455749890999, 47.43980773481405], [-107.44446914943228, 47.43980516271079]]]}}
{"type": "Feature", "properties": { "height": 2.546175241470337, "confidence": -1.0},"geometry": {"type": "Polygon","coordinates": [[[-106.91502189757585, 47.3223722689401], [-106.91492001248197, 47.322370920314086], [-106.91491689934868, 47.32247899217657], [-106.91501878458175, 47.32248033596791], [-106.91502189757585, 47.3223722689401]]]}}
{"type": "Feature", "properties": { "height": -1.0, "confidence": -1.0},"geometry": {"type": "Polygon","coordinates": [[[-106.92335, 47.329238], [-106.923399, 47.329292], [-106.923474, 47.329261], [-106.923425, 47.329207], [-106.92335, 47.329238]]]}}
{"type": "Feature", "properties": { "height": 3.0550336837768555, "confidence": -1.0},"geometry": {"type": "Polygon","coordinates": [[[-106.94059541168981, 47.326349886206735], [-106.94059370632247, 47.326291731255026], [-106.9405815005583, 47.3262918957027], [-106.94058000310973, 47.32624101013834], [-106.94008815797774, 47.32624763675059], [-106.94009135554154, 47.326356677323574], [-106.94059541168981, 47.326349886206735]]]}}
{"type": "Feature", "properties": { "height": -1.0, "confidence": -1.0},"geometry": {"type": "Polygon","coordinates": [[[-106.948884, 47.452355], [-106.94901, 47.452355], [-106.94901, 47.452311], [-106.948884, 47.452311], [-106.948884, 47.452355]]]}}
{"type": "Feature", "properties": { "height": -1.0, "confidence": -1.0},"geometry": {"type": "Polygon","coordinates": [[[-107.011988, 47.330114], [-107.011946, 47.330114], [-107.011946, 47.330228], [-107.011988, 47.330228], [-107.011988, 47.330114]]]}}
{"type": "Feature", "properties": { "height": 16.243343353271484, "confidence": -1.0},"geometry": {"type": "Polygon","coordinates": [[[-107.406346, 47.041542], [-107.406279, 47.041502], [-107.406221, 47.041546], [-107.406288, 47.041587], [-107.406346, 47.041542]]]}}
{"type": "Feature", "properties": { "height": -1.0, "confidence": -1.0},"geometry": {"type": "Polygon","coordinates": [[[-107.497447, 47.506592], [-107.497447, 47.506548], [-107.497364, 47.506548], [-107.497364, 47.506653], [-107.497503, 47.506653], [-107.497503, 47.506592], [-107.497447, 47.506592]]]}}
{"type": "Feature", "properties": { "height": -1.0, "confidence": -1.0},"geometry": {"type": "Polygon","coordinates": [[[-106.879015, 47.206651], [-106.878839, 47.20664], [-106.878824, 47.206753], [-106.878999, 47.206764], [-106.879015, 47.206651]]]}}
{"type": "Feature", "properties": { "height": -1.0, "confidence": -1.0},"geometry": {"type": "Polygon","coordinates": [[[-106.90732990834017, 47.31843818792785], [-106.907411860113, 47.31843698642212], [-106.90741041530718, 47.3183915492955], [-106.90732845884561, 47.31839275087101], [-106.90732990834017, 47.31843818792785]]]}}
{"type": "Feature", "properties": { "height": 4.568149566650391, "confidence": -1.0},"geometry": {"type": "Polygon","coordinates": [[[-106.91086954046966, 47.32024723959713], [-106.91088744583297, 47.32048481218432], [-106.9112405756219, 47.320472581536656], [-106.91122458380886, 47.32026039838812], [-106.91114967749, 47.32026299277859], [-106.91114776393972, 47.32023760328617], [-106.91086954046966, 47.32024723959713]]]}}
{"type": "Feature", "properties": { "height": 3.7457265853881836, "confidence": -1.0},"geometry": {"type": "Polygon","coordinates": [[[-106.91273683660057, 47.31899935320068], [-106.91274092774651, 47.31912475525674], [-106.91282794511973, 47.3191234505995], [-106.91282675552952, 47.31908710226342], [-106.91288987217754, 47.31908615595067], [-106.9128885677542, 47.31904617268953], [-106.91284299249354, 47.31904685600343], [-106.91284139161034, 47.31899778559678], [-106.91273683660057, 47.31899935320068]]]}}
{"type": "Feature", "properties": { "height": -1.0, "confidence": -1.0},"geometry": {"type": "Polygon","coordinates": [[[-106.976055, 47.37793], [-106.975781, 47.377946], [-106.975802, 47.378109], [-106.976076, 47.378092], [-106.976055, 47.37793]]]}}
{"type": "Feature", "properties": { "height": 2.9797894954681396, "confidence": -1.0},"geometry": {"type": "Polygon","coordinates": [[[-107.0894548650256, 47.351754646854246], [-107.08945843453769, 47.3518236150298], [-107.08956291223275, 47.35182113306419], [-107.08955934272066, 47.3517521648854], [-107.0894548650256, 47.351754646854246]]]}}
{"type": "Feature", "properties": { "height": -1.0, "confidence": -1.0},"geometry": {"type": "Polygon","coordinates": [[[-107.13917468332404, 47.377609589687204], [-107.13920338869524, 47.37768955894864], [-107.13926817191967, 47.3776788957162], [-107.13923947539327, 47.3775989280535], [-107.13917468332404, 47.377609589687204]]]}}
{"type": "Feature", "properties": { "height": -1.0, "confidence": -1.0},"geometry": {"type": "Polygon","coordinates": [[[-107.236984, 47.269459], [-107.236931, 47.269448], [-107.236908, 47.269495], [-107.236961, 47.269507], [-107.236984, 47.269459]]]}}
{"type": "Feature", "properties": { "height": -1.0, "confidence": -1.0},"geometry": {"type": "Polygon","coordinates": [[[-107.351777, 47.14099], [-107.350963, 47.14099], [-107.350963, 47.141076], [-107.351777, 47.141076], [-107.351777, 47.14099]]]}}
{"type": "Feature", "properties": { "height": 4.299834728240967, "confidence": -1.0},"geometry": {"type": "Polygon","coordinates": [[[-107.40474625326381, 47.21378874193672], [-107.40480551637019, 47.21411722078706], [-107.40509355127224, 47.21409324370786], [-107.40503428816587, 47.21376476470898], [-107.40474625326381, 47.21378874193672]]]}}
{"type": "Feature", "properties": { "height": -1.0, "confidence": -1.0},"geometry": {"type": "Polygon","coordinates": [[[-107.48953238049064, 47.09198265109005], [-107.48947238898819, 47.09201288359054], [-107.48958573928645, 47.0921171408843], [-107.48964573570457, 47.092086903106924], [-107.48953238049064, 47.09198265109005]]]}}
{"type": "Feature", "properties": { "height": 2.821612596511841, "confidence": -1.0},"geometry": {"type": "Polygon","coordinates": [[[-106.90359517655382, 47.29762086366679], [-106.9037121713002, 47.29764450380291], [-106.90378924001676, 47.29746907619355], [-106.90367226189801, 47.29744543933884], [-106.90359517655382, 47.29762086366679]]]}}
{"type": "Feature", "properties": { "height": -1.0, "confidence": -1.0},"geometry": {"type": "Polygon","coordinates": [[[-106.90542128728259, 47.32477359224526], [-106.90537415708646, 47.32475755399164], [-106.90529349541465, 47.324866463522795], [-106.90534062561079, 47.32488250174336], [-106.90542128728259, 47.32477359224526]]]}}
{"type": "Feature", "properties": { "height": -1.0, "confidence": -1.0},"geometry": {"type": "Polygon","coordinates": [[[-106.907724, 47.307847], [-106.907802, 47.308019], [-106.907878, 47.308003], [-106.907799, 47.307831], [-106.907724, 47.307847]]]}}
{"type": "Feature", "properties": { "height": -1.0, "confidence": -1.0},"geometry": {"type": "Polygon","coordinates": [[[-106.9104641867137, 47.323719622453595], [-106.91034084107068, 47.32371819461459], [-106.91033804779242, 47.32382906930294], [-106.91046139343544, 47.32383049713896], [-106.9104641867137, 47.323719622453595]]]}}
{"type": "Feature", "properties": { "height": 3.7118091583251953, "confidence": -1.0},"geometry": {"type": "Polygon","coordinates": [[[-106.91465196405899, 47.32370218927406], [-106.91493881428305, 47.323697793620305], [-106.91493618850318, 47.323618814656605], [-106.91464933782689, 47.32362319671499], [-106.91465196405899, 47.32370218927406]]]}}
{"type": "Feature", "properties": { "height": -1.0, "confidence": -1.0},"geometry": {"type": "Polygon","coordinates": [[[-106.923772, 47.325716], [-106.923772, 47.32574], [-106.923957, 47.32574], [-106.923957, 47.325716], [-106.923772, 47.325716]]]}}
{"type": "Feature", "properties": { "height": 3.1374053955078125, "confidence": -1.0},"geometry": {"type": "Polygon","coordinates": [[[-107.01311148705989, 47.32686115653814], [-107.01312817887882, 47.32703860294593], [-107.0132724317328, 47.327032368740234], [-107.01325573991383, 47.32685492231152], [-107.01311148705989, 47.32686115653814]]]}}
{"type": "Feature", "properties": { "height": -1.0, "confidence": -1.0},"geometry": {"type": "Polygon","coordinates": [[[-107.33367901378372, 47.26813234514967], [-107.33385328754306, 47.26812997803017], [-107.33385108716607, 47.26805538531668], [-107.33367681340677, 47.2680577524395], [-107.33367901378372, 47.26813234514967]]]}}
{"type": "Feature", "properties": { "height": -1.0, "confidence": -1.0},"geometry": {"type": "Polygon","coordinates": [[[-107.39851187833173, 47.36285109174255], [-107.3984163757593, 47.36281786438768], [-107.39834442888392, 47.36291274150733], [-107.39821072528254, 47.36286622325902], [-107.39816007268668, 47.36293301933938], [-107.3983892853804, 47.363012756183956], [-107.39851187833173, 47.36285109174255]]]}}
{"type": "Feature", "properties": { "height": 5.807825088500977, "confidence": -1.0},"geometry": {"type": "Polygon","coordinates": [[[-107.44409204360294, 47.439786843859586], [-107.44416530965724, 47.43978254321092], [-107.44415930265997, 47.43973572785578], [-107.44408604141383, 47.439740028226076], [-107.44409204360294, 47.439786843859586]]]}}
{"type": "Feature", "properties": { "height": 16.3309383392334, "confidence": -1.0},"geometry": {"type": "Polygon","coordinates": [[[-107.45947611816848, 47.47251003900476], [-107.4593178698133, 47.47250966468013], [-107.45931681669147, 47.472709094313174], [-107.45947506504668, 47.47270946863639], [-107.45947611816848, 47.47251003900476]]]}}
{"type": "Feature", "properties": { "height": -1.0, "confidence": -1.0},"geometry": {"type": "Polygon","coordinates": [[[-106.91612829924472, 47.31085287269844], [-106.91619263187289, 47.310851779785224], [-106.91618484093706, 47.31064095497871], [-106.91612050830891, 47.31064204789629], [-106.91612829924472, 47.31085287269844]]]}}
{"type": "Feature", "properties": { "height": -1.0, "confidence": -1.0},"geometry": {"type": "Polygon","coordinates": [[[-107.03583471654122, 47.402512922838845], [-107.03583338520583, 47.402587344761166], [-107.03592456694462, 47.40258809201869], [-107.03592589828, 47.40251367009741], [-107.03583471654122, 47.402512922838845]]]}}
{"type": "Feature", "properties": { "height": -1.0, "confidence": -1.0},"geometry": {"type": "Polygon","coordinates": [[[-107.14078263453531, 47.203787554943716], [-107.14109718360285, 47.203780794481936], [-107.14109493547478, 47.2037324065411], [-107.14078038073173, 47.20373915217398], [-107.14078263453531, 47.203787554943716]]]}}
{"type": "Feature", "properties": { "height": -1.0, "confidence": -1.0},"geometry": {"type": "Polygon","coordinates": [[[-107.32196070989379, 47.46317048277768], [-107.32206558475941, 47.46317820420057], [-107.32207382281109, 47.46312702971207], [-107.3219689523912, 47.46311931357111], [-107.32196070989379, 47.46317048277768]]]}}
{"type": "Feature", "properties": { "height": -1.0, "confidence": -1.0},"geometry": {"type": "Polygon","coordinates": [[[-106.8906, 47.33321], [-106.890648, 47.33321], [-106.890648, 47.333144], [-106.8906, 47.333144], [-106.8906, 47.33321]]]}}
{"type": "Feature", "properties": { "height": -1.0, "confidence": -1.0},"geometry": {"type": "Polygon","coordinates": [[[-106.904287, 47.321711], [-106.904287, 47.321765], [-106.904338, 47.321765], [-106.904338, 47.321711], [-106.904287, 47.321711]]]}}
{"type": "Feature", "properties": { "height": 3.060743570327759, "confidence": -1.0},"geometry": {"type": "Polygon","coordinates": [[[-106.90796603864342, 47.32629165203843], [-106.90796170895338, 47.326191095919846], [-106.90804478683818, 47.32618945637218], [-106.90804606599184, 47.32621916446114], [-106.90796983596651, 47.32622067248136], [-106.9079707444866, 47.326241823390674], [-106.90805233671314, 47.32624021316412], [-106.90804952098415, 47.326174818423276], [-106.90798520262173, 47.32617608775086], [-106.90798335331563, 47.326133137944424], [-106.90796191390525, 47.326133562070176], [-106.90796089711628, 47.32610994731251], [-106.90793559706222, 47.32611044781178], [-106.90793676746914, 47.3261376956635], [-106.90789507217687, 47.32613852050176], [-106.9078981225437, 47.32620936470477], [-106.9077816945529, 47.326211667941514], [-106.90778372325823, 47.32625889745174], [-106.90786948107478, 47.32625720094925], [-106.90787104161737, 47.32629353131416], [-106.90796603864342, 47.32629165203843]]]}}
{"type": "Feature", "properties": { "height": 4.100310802459717, "confidence": -1.0},"geometry": {"type": "Polygon","coordinates": [[[-106.91210677245547, 47.320948831197896], [-106.9121021786824, 47.32086894974986], [-106.91219591354589, 47.32086647263931], [-106.91219038013742, 47.3207702516393], [-106.91212750211935, 47.32077191330585], [-106.91212745343913, 47.320771068316766], [-106.91209124050155, 47.32077202702793], [-106.91208742605048, 47.320705697052304], [-106.9118892437677, 47.320710934387535], [-106.91190323389475, 47.320954210057984], [-106.91210677245547, 47.320948831197896]]]}}
{"type": "Feature", "properties": { "height": -1.0, "confidence": -1.0},"geometry": {"type": "Polygon","coordinates": [[[-106.9161862154151, 47.311860377131076], [-106.91623836876124, 47.3117826854177], [-106.91611616231296, 47.311744974096946], [-106.91606401219154, 47.31182266106196], [-106.9161862154151, 47.311860377131076]]]}}
{"type": "Feature", "properties": { "height": -1.0, "confidence": -1.0},"geometry": {"type": "Polygon","coordinates": [[[-106.94115680004154, 47.061050070081286], [-106.94134224443768, 47.06116362209812], [-106.94138091644722, 47.06113431401239], [-106.94119547205106, 47.06102076193314], [-106.94115680004154, 47.061050070081286]]]}}
{"type": "Feature", "properties": { "height": -1.0, "confidence": -1.0},"geometry": {"type": "Polygon","coordinates": [[[-107.223532, 47.339672], [-107.223532, 47.33955], [-107.223494, 47.33955], [-107.223494, 47.339672], [-107.223532, 47.339672]]]}}
{"type": "Feature", "properties": { "height": 4.9988112449646, "confidence": -1.0},"geometry": {"type": "Polygon","coordinates": [[[-107.54705121591745, 47.4754221640478], [-107.54700024213096, 47.47531141663347], [-107.5466114039583, 47.47539317954734], [-107.5466623777448, 47.47550392678935], [-107.54705121591745, 47.4754221640478]]]}}
{"type": "Feature", "properties": { "height": -1.0, "confidence": -1.0},"geometry": {"type": "Polygon","coordinates": [[[-106.913000782793, 47.31803611621903], [-106.91308817024907, 47.3180355315898], [-106.91308690886176, 47.31794825937738], [-106.91299951239665, 47.31794884406784], [-106.913000782793, 47.31803611621903]]]}}
{"type": "Feature", "properties": { "height": 4.971794605255127, "confidence": -1.0},"geometry": {"type": "Polygon","coordinates": [[[-106.9164267807405, 47.36223613586987], [-106.91623677335186, 47.362213661378604], [-106.91622067095898, 47.36227612273598], [-106.91616444807354, 47.36226947524104], [-106.91612784181666, 47.36241152798784], [-106.91616062422344, 47.36241540554905], [-106.91614724804043, 47.36246729171532], [-106.9162289981651, 47.36247695737874], [-106.91624217408466, 47.36242582755048], [-106.91627340891668, 47.362429520580044], [-106.91630612154451, 47.362302577352786], [-106.91640658993155, 47.36231445619248], [-106.9164267807405, 47.36223613586987]]]}}
{"type": "Feature", "properties": { "height": -1.0, "confidence": -1.0},"geometry": {"type": "Polygon","coordinates": [[[-107.222144, 47.340932], [-107.222267, 47.340946], [-107.222296, 47.340833], [-107.222173, 47.340819], [-107.222144, 47.340932]]]}}
{"type": "Feature", "properties": { "height": 6.457035064697266, "confidence": -1.0},"geometry": {"type": "Polygon","coordinates": [[[-107.24643608081976, 47.42068647843881], [-107.24643114257515, 47.420655993107076], [-107.24646029643412, 47.42065382972923], [-107.24643810007517, 47.42051680442583], [-107.24620221706469, 47.4205342971247], [-107.24622935345621, 47.42070181874303], [-107.24643608081976, 47.42068647843881]]]}}
{"type": "Feature", "properties": { "height": 2.774747371673584, "confidence": -1.0},"geometry": {"type": "Polygon","coordinates": [[[-107.46034631445673, 47.47164627960262], [-107.4603393159811, 47.47155769290861], [-107.45997450753758, 47.47157087867105], [-107.45998151515936, 47.471659465012245], [-107.46034631445673, 47.47164627960262]]]}}
{"type": "Feature", "properties": { "height": -1.0, "confidence": -1.0},"geometry": {"type": "Polygon","coordinates": [[[-106.90826730385686, 47.32202646985901], [-106.90814395762675, 47.32202788604651], [-106.90814504761849, 47.32207151050593], [-106.90826839384864, 47.322070094319585], [-106.90826730385686, 47.32202646985901]]]}}
{"type": "Feature", "properties": { "height": 4.441545486450195, "confidence": -1.0},"geometry": {"type": "Polygon","coordinates": [[[-106.9107636825265, 47.32150200801054], [-106.91121694545663, 47.3215045240641], [-106.91121895628734, 47.32133806133149], [-106.91086078902497, 47.321336056152795], [-106.91086011195209, 47.32139163138096], [-106.9107650222271, 47.32139110353866], [-106.9107636825265, 47.32150200801054]]]}}
{"type": "Feature", "properties": { "height": -1.0, "confidence": -1.0},"geometry": {"type": "Polygon","coordinates": [[[-106.91345805956637, 47.31830667325332], [-106.91346040810576, 47.318383010106416], [-106.91353815834582, 47.31838191077796], [-106.91353580980642, 47.31830557392326], [-106.91345805956637, 47.31830667325332]]]}}
{"type": "Feature", "properties": { "height": -1.0, "confidence": -1.0},"geometry": {"type": "Polygon","coordinates": [[[-106.923346, 47.086911], [-106.923368, 47.086924], [-106.923412, 47.086889], [-106.92339, 47.086876], [-106.923346, 47.086911]]]}}
{"type": "Feature", "properties": { "height": -1.0, "confidence": -1.0},"geometry": {"type": "Polygon","coordinates": [[[-107.407049, 47.280944], [-107.407189, 47.280945], [-107.40719, 47.280888], [-107.40705, 47.280887], [-107.407049, 47.280944]]]}}
{"type": "Feature", "properties": { "height": 3.5505895614624023, "confidence": -1.0},"geometry": {"type": "Polygon","coordinates": [[[-107.4339115364202, 47.49898447908024], [-107.43377576612987, 47.498972287778884], [-107.4337539083692, 47.49908339531861], [-107.43388969121047, 47.499095581300715], [-107.4339115364202, 47.49898447908024]]]}}
{"type": "Feature", "properties": { "height": -1.0, "confidence": -1.0},"geometry": {"type": "Polygon","coordinates": [[[-107.46343702179135, 47.50399483680679], [-107.46336748730536, 47.5039802628695], [-107.46335154599403, 47.50401497234329], [-107.46342108376035, 47.50402954695852], [-107.46343702179135, 47.50399483680679]]]}}
{"type": "Feature", "properties": { "height": 3.5456483364105225, "confidence": -1.0},"geometry": {"type": "Polygon","coordinates": [[[-107.51731343675772, 47.105436370613404], [-107.51731076832596, 47.10536428475894], [-107.51710704976888, 47.10536777846965], [-107.51710971855965, 47.10543987401794], [-107.51731343675772, 47.105436370613404]]]}}
{"type": "Feature", "properties": { "height": 2.753601312637329, "confidence": -1.0},"geometry": {"type": "Polygon","coordinates": [[[-106.90359955208052, 47.30511925614758], [-106.90357980205383, 47.305051950354034], [-106.90343789693328, 47.30507109031631], [-106.9034576488609, 47.305138402563664], [-106.90359955208052, 47.30511925614758]]]}}
{"type": "Feature", "properties": { "height": -1.0, "confidence": -1.0},"geometry": {"type": "Polygon","coordinates": [[[-106.90501339969899, 47.32105022968645], [-106.90515283604134, 47.3210518041785], [-106.90515464053881, 47.32097805814834], [-106.90512372405811, 47.32097771051091], [-106.90512452804813, 47.32094499114656], [-106.90501600464745, 47.32094377086471], [-106.90501339969899, 47.32105022968645]]]}}
{"type": "Feature", "properties": { "height": 3.4668548107147217, "confidence": -1.0},"geometry": {"type": "Polygon","coordinates": [[[-106.906354362169, 47.32484949420766], [-106.90635653250175, 47.32493128267287], [-106.90646110482037, 47.32493000768661], [-106.9064594650134, 47.324868211967555], [-106.90641924489084, 47.32486870234745], [-106.90641871436506, 47.32484870959953], [-106.906354362169, 47.32484949420766]]]}}
{"type": "Feature", "properties": { "height": -1.0, "confidence": -1.0},"geometry": {"type": "Polygon","coordinates": [[[-106.913098, 47.325], [-106.913098, 47.324958], [-106.912816, 47.324958], [-106.912816, 47.325], [-106.913098, 47.325]]]}}
{"type": "Feature", "properties": { "height": 4.550724506378174, "confidence": -1.0},"geometry": {"type": "Polygon","coordinates": [[[-106.999286, 47.346886], [-106.999348, 47.346922], [-106.999415, 47.34687], [-106.999352, 47.346833], [-106.999286, 47.346886]]]}}
{"type": "Feature", "properties": { "height": -1.0, "confidence": -1.0},"geometry": {"type": "Polygon","coordinates": [[[-107.31196681789864, 47.1707495689136], [-107.3119632778522, 47.170618327500826], [-107.31188820124413, 47.17061926339515], [-107.31189041377317, 47.1707012893147], [-107.31136487751674, 47.17070784056439], [-107.31136792589005, 47.17082085383208], [-107.31169772670403, 47.170816742597495], [-107.31169600584813, 47.17075294480972], [-107.31196681789864, 47.1707495689136]]]}}
{"type": "Feature", "properties": { "height": -1.0, "confidence": -1.0},"geometry": {"type": "Polygon","coordinates": [[[-107.36975621895755, 47.18162740368798], [-107.36969891118305, 47.181628417803246], [-107.36970035509779, 47.1816660107423], [-107.36989167825902, 47.18166261599914], [-107.36988777023649, 47.181560595375124], [-107.36975375087695, 47.181562973352676], [-107.36975621895755, 47.18162740368798]]]}}
{"type": "Feature", "properties": { "height": -1.0, "confidence": -1.0},"geometry": {"type": "Polygon","coordinates": [[[-107.402617, 47.448721], [-107.40258, 47.448776], [-107.402665, 47.448802], [-107.402702, 47.448747], [-107.402617, 47.448721]]]}}
{"type": "Feature", "properties": { "height": -1.0, "confidence": -1.0},"geometry": {"type": "Polygon","coordinates": [[[-107.413282, 47.409334], [-107.413554, 47.409347], [-107.413559, 47.409301], [-107.413287, 47.409288], [-107.413282, 47.409334]]]}}
{"type": "Feature", "properties": { "height": 3.886160135269165, "confidence": -1.0},"geometry": {"type": "Polygon","coordinates": [[[-107.48894904910613, 47.10040058476404], [-107.48917080838135, 47.100331488561515], [-107.48911255869855, 47.10024486142234], [-107.48889079354956, 47.10031394900201], [-107.48894904910613, 47.10040058476404]]]}}
{"type": "Feature", "properties": { "height": -1.0, "confidence": -1.0},"geometry": {"type": "Polygon","coordinates": [[[-107.518537, 47.182629], [-107.518449, 47.182569], [-107.518356, 47.182631], [-107.518445, 47.182692], [-107.518537, 47.182629]]]}}
{"type": "Feature", "properties": { "height": -1.0, "confidence": -1.0},"geometry": {"type": "Polygon","coordinates": [[[-106.90925972620818, 47.32111304839854], [-106.90918616005048, 47.321114894777175], [-106.90918824655967, 47.321153025423655], [-106.90926180878596, 47.32115117914503], [-106.90925972620818, 47.32111304839854]]]}}
{"type": "Feature", "properties": { "height": 2.960602045059204, "confidence": -1.0},"geometry": {"type": "Polygon","coordinates": [[[-106.91293322868734, 47.32452951683559], [-106.91283804992703, 47.324533494928076], [-106.91284167872284, 47.32457334192274], [-106.91293685338444, 47.324569364004574], [-106.91293322868734, 47.32452951683559]]]}}
{"type": "Feature", "properties": { "height": 3.3537349700927734, "confidence": -1.0},"geometry": {"type": "Polygon","coordinates": [[[-106.92171326449197, 47.08830213807047], [-106.92163537217202, 47.08836548513406], [-106.92176310287131, 47.08843829517863], [-106.92184099519127, 47.088374948201626], [-106.92171326449197, 47.08830213807047]]]}}
{"type": "Feature", "properties": { "height": 2.843848705291748, "confidence": -1.0},"geometry": {"type": "Polygon","coordinates": [[[-107.24729773709471, 47.41990375891826], [-107.24732887791018, 47.419904162985915], [-107.24732788465364, 47.419939336442454], [-107.24743616394159, 47.4199407362917], [-107.2474405542534, 47.41978583267806], [-107.24733225909304, 47.41978442749106], [-107.24733061973166, 47.41984248109832], [-107.24729948529412, 47.419842077112975], [-107.24729773709471, 47.41990375891826]]]}}
{"type": "Feature", "properties": { "height": -1.0, "confidence": -1.0},"geometry": {"type": "Polygon","coordinates": [[[-106.993025, 47.383478], [-106.993026, 47.383562], [-106.993182, 47.383765], [-106.993176, 47.383765], [-106.993176, 47.383782], [-106.993091, 47.383782], [-106.993092, 47.383883], [-106.993109, 47.383883], [-106.993196, 47.383995], [-106.993254, 47.383995], [-106.993306, 47.384062], [-106.993467, 47.384061], [-106.993511, 47.384045], [-106.99351, 47.383999], [-106.993424, 47.383999], [-106.993422, 47.383889], [-106.993553, 47.383888], [-106.993552, 47.383771], [-106.993689, 47.383771], [-106.993688, 47.383721], [-106.99368, 47.38371], [-106.993678, 47.383605], [-106.993766, 47.383574], [-106.993766, 47.383545], [-106.99375, 47.383523], [-106.993749, 47.383487], [-106.993739, 47.383473], [-106.993025, 47.383478]]]}}
{"type": "Feature", "properties": { "height": -1.0, "confidence": -1.0},"geometry": {"type": "Polygon","coordinates": [[[-107.094841, 47.279612], [-107.09475, 47.279609], [-107.094746, 47.279673], [-107.094837, 47.279676], [-107.094841, 47.279612]]]}}
{"type": "Feature", "properties": { "height": -1.0, "confidence": -1.0},"geometry": {"type": "Polygon","coordinates": [[[-107.242442, 47.27722], [-107.242533, 47.277222], [-107.242535, 47.27718], [-107.242444, 47.277178], [-107.242442, 47.27722]]]}}
{"type": "Feature", "properties": { "height": -1.0, "confidence": -1.0},"geometry": {"type": "Polygon","coordinates": [[[-107.40748216384598, 47.47545187121388], [-107.40755188305678, 47.47545263308115], [-107.40755361717879, 47.47538013513231], [-107.40750803154093, 47.47537963698765], [-107.40750855177754, 47.47535788758328], [-107.40745492161537, 47.47535730153049], [-107.40745438013498, 47.47537993906869], [-107.40741415755886, 47.475379497627], [-107.40741196775161, 47.47547104626557], [-107.40748168696244, 47.47547180813255], [-107.40748216384598, 47.47545187121388]]]}}
{"type": "Feature", "properties": { "height": -1.0, "confidence": -1.0},"geometry": {"type": "Polygon","coordinates": [[[-107.488758, 47.508075], [-107.488824, 47.508064], [-107.488805, 47.508015], [-107.488739, 47.508026], [-107.488758, 47.508075]]]}}
{"type": "Feature", "properties": { "height": 3.3155906200408936, "confidence": -1.0},"geometry": {"type": "Polygon","coordinates": [[[-106.90426398286132, 47.32038383960986], [-106.90426304716325, 47.32040100436601], [-106.9041987619351, 47.320399393950304], [-106.90419435270866, 47.32048027819321], [-106.90437917226224, 47.32048491688798], [-106.90438204277385, 47.32043225933527], [-106.90436329296406, 47.3204317887426], [-106.904365767543, 47.32038639425807], [-106.90426398286132, 47.32038383960986]]]}}
{"type": "Feature", "properties": { "height": -1.0, "confidence": -1.0},"geometry": {"type": "Polygon","coordinates": [[[-106.90562489078783, 47.32134667885256], [-106.90560504597455, 47.321416828283766], [-106.9058726835956, 47.32145162050123], [-106.90588459467494, 47.321409531426276], [-106.90576817810592, 47.32139439755592], [-106.9057761188255, 47.32136633814595], [-106.90562489078783, 47.32134667885256]]]}}
{"type": "Feature", "properties": { "height": 3.525831937789917, "confidence": -1.0},"geometry": {"type": "Polygon","coordinates": [[[-106.91417615916927, 47.32274064063424], [-106.91417208440214, 47.32303515963081], [-106.91437055041293, 47.3230364213484], [-106.91437188351576, 47.32294006655107], [-106.91432360799962, 47.322939759646225], [-106.91432634966391, 47.32274159545289], [-106.91417615916927, 47.32274064063424]]]}}
{"type": "Feature", "properties": { "height": -1.0, "confidence": -1.0},"geometry": {"type": "Polygon","coordinates": [[[-107.17880013068488, 47.4146775677923], [-107.17867710590465, 47.414682048385906], [-107.17868200632084, 47.41474358044801], [-107.17880503110109, 47.414739099859645], [-107.17880013068488, 47.4146775677923]]]}}
{"type": "Feature", "properties": { "height": 3.82022762298584, "confidence": -1.0},"geometry": {"type": "Polygon","coordinates": [[[-107.19579052046414, 47.46619068152471], [-107.1957503537454, 47.46618957735989], [-107.19574872042628, 47.46621673106535], [-107.1958718983638, 47.46622011716893], [-107.19587538277793, 47.46616218925076], [-107.19579237155916, 47.46615990730889], [-107.19579052046414, 47.46619068152471]]]}}
{"type": "Feature", "properties": { "height": 2.5175018310546875, "confidence": -1.0},"geometry": {"type": "Polygon","coordinates": [[[-107.19872958991476, 47.464619489478146], [-107.19867044548309, 47.46457057713196], [-107.19860613379052, 47.46460611876915], [-107.19866527822222, 47.464655031082266], [-107.19872958991476, 47.464619489478146]]]}}
{"type": "Feature", "properties": { "height": -1.0, "confidence": -1.0},"geometry": {"type": "Polygon","coordinates": [[[-107.312183, 47.499903], [-107.312232, 47.499912], [-107.312247, 47.499873], [-107.312198, 47.499864], [-107.312183, 47.499903]]]}}
{"type": "Feature", "properties": { "height": -1.0, "confidence": -1.0},"geometry": {"type": "Polygon","coordinates": [[[-107.323372, 47.43482], [-107.323388, 47.434768], [-107.323316, 47.434758], [-107.3233, 47.43481], [-107.323372, 47.43482]]]}}
{"type": "Feature", "properties": { "height": 4.30929708480835, "confidence": -1.0},"geometry": {"type": "Polygon","coordinates": [[[-107.49231239044764, 47.095596008085835], [-107.49207974479185, 47.095519456291065], [-107.49202026660902, 47.09560323001615], [-107.49225291864464, 47.09567977270464], [-107.49231239044764, 47.095596008085835]]]}}
{"type": "Feature", "properties": { "height": -1.0, "confidence": -1.0},"geometry": {"type": "Polygon","coordinates": [[[-107.54643727596252, 47.477478327816954], [-107.54643954246299, 47.47757186420195], [-107.54653607609539, 47.47757079565928], [-107.54653380970555, 47.4774772638376], [-107.54643727596252, 47.477478327816954]]]}}
{"type": "Feature", "properties": { "height": 2.627742052078247, "confidence": -1.0},"geometry": {"type": "Polygon","coordinates": [[[-106.90914743099795, 47.32113832543593], [-106.90907114871642, 47.32113681985597], [-106.90906943623906, 47.32117678729247], [-106.90914571439761, 47.32117829278993], [-106.90914743099795, 47.32113832543593]]]}}
{"type": "Feature", "properties": { "height": 3.170931816101074, "confidence": -1.0},"geometry": {"type": "Polygon","coordinates": [[[-107.17826967835484, 47.17334838676266], [-107.1780734894458, 47.17333082929497], [-107.17806014177181, 47.17339978799156], [-107.17825632547883, 47.173417335637076], [-107.17826967835484, 47.17334838676266]]]}}
{"type": "Feature", "properties": { "height": -1.0, "confidence": -1.0},"geometry": {"type": "Polygon","coordinates": [[[-107.41723881217669, 47.474811393272994], [-107.41709290841473, 47.474814161049515], [-107.41709515934132, 47.47486850661898], [-107.41724106872613, 47.474865738738636], [-107.41723881217669, 47.474811393272994]]]}}
{"type": "Feature", "properties": { "height": 2.5888540744781494, "confidence": -1.0},"geometry": {"type": "Polygon","coordinates": [[[-107.45845692822316, 47.47178876571733], [-107.45845886719738, 47.4718286096362], [-107.45869196715267, 47.47182342659224], [-107.45869002817845, 47.471783582669445], [-107.45845692822316, 47.47178876571733]]]}}
{"type": "Feature", "properties": { "height": 3.1350464820861816, "confidence": -1.0},"geometry": {"type": "Polygon","coordinates": [[[-106.90867067779595, 47.31854555564336], [-106.90879520484043, 47.31854437986655], [-106.90879297797761, 47.318435989208645], [-106.90870984554338, 47.31843677019729], [-106.90870871099179, 47.318381546775505], [-106.90859071668399, 47.31838266087404], [-106.9085927709312, 47.31848264972319], [-106.90866937711556, 47.318481926411366], [-106.90867067779595, 47.31854555564336]]]}}
{"type": "Feature", "properties": { "height": -1.0, "confidence": -1.0},"geometry": {"type": "Polygon","coordinates": [[[-106.92147649415126, 47.087445999528086], [-106.92154669750944, 47.08748432528483], [-106.92165011121165, 47.08739650638083], [-106.92157990785348, 47.08735818056089], [-106.92147649415126, 47.087445999528086]]]}}
{"type": "Feature", "properties": { "height": 5.15830659866333, "confidence": -1.0},"geometry": {"type": "Polygon","coordinates": [[[-107.00982169226934, 47.328465568762674], [-107.0102121923662, 47.3285060819433], [-107.01023826744174, 47.328390617997364], [-107.00984776734492, 47.32835010472817], [-107.00982169226934, 47.328465568762674]]]}}
{"type": "Feature", "properties": { "height": -1.0, "confidence": -1.0},"geometry": {"type": "Polygon","coordinates": [[[-107.09713674572448, 47.284936645609946], [-107.09714369452664, 47.285096621411846], [-107.09727500903152, 47.2850940029581], [-107.09726806022935, 47.28493402714828], [-107.09713674572448, 47.284936645609946]]]}}
{"type": "Feature", "properties": { "height": 3.6662070751190186, "confidence": -1.0},"geometry": {"type": "Polygon","coordinates": [[[-106.90637081551634, 47.317935108356885], [-106.90646198968933, 47.31793604709558], [-106.90646048973875, 47.31800331051552], [-106.90651837138131, 47.31800390647011], [-106.90652175170926, 47.31785301830043], [-106.90637268031976, 47.317851483443626], [-106.90637081551634, 47.317935108356885]]]}}
{"type": "Feature", "properties": { "height": -1.0, "confidence": -1.0},"geometry": {"type": "Polygon","coordinates": [[[-106.992572, 47.338937], [-106.992679, 47.338937], [-106.992679, 47.338781], [-106.992572, 47.338781], [-106.992572, 47.338937]]]}}
{"type": "Feature", "properties": { "height": -1.0, "confidence": -1.0},"geometry": {"type": "Polygon","coordinates": [[[-107.171643, 47.515387], [-107.171595, 47.515371], [-107.171567, 47.515412], [-107.171616, 47.515427], [-107.171643, 47.515387]]]}}
{"type": "Feature", "properties": { "height": 4.94343900680542, "confidence": -1.0},"geometry": {"type": "Polygon","coordinates": [[[-107.39916796021573, 47.36098963806158], [-107.39922096105663, 47.36098064508433], [-107.39920578828351, 47.36093961471837], [-107.39903416651295, 47.36096873485227], [-107.3990613510648, 47.36104224752809], [-107.39917997199444, 47.36102212040648], [-107.39916796021573, 47.36098963806158]]]}}
{"type": "Feature", "properties": { "height": 2.8046815395355225, "confidence": -1.0},"geometry": {"type": "Polygon","coordinates": [[[-106.90854217566118, 47.31989659269614], [-106.90872309709921, 47.31989941681483], [-106.90872512795674, 47.31983944520035], [-106.90867557130096, 47.3198386716379], [-106.90867627348794, 47.31981799893134], [-106.90854491468244, 47.31981595469685], [-106.90854217566118, 47.31989659269614]]]}}
{"type": "Feature", "properties": { "height": 3.487741708755493, "confidence": -1.0},"geometry": {"type": "Polygon","coordinates": [[[-106.91174129153924, 47.324187334436225], [-106.91188334440233, 47.32418994252697], [-106.91188733719108, 47.32409001839256], [-106.911745284328, 47.32408741029686], [-106.91174129153924, 47.324187334436225]]]}}
{"type": "Feature", "properties": { "height": 4.147388935089111, "confidence": -1.0},"geometry": {"type": "Polygon","coordinates": [[[-106.91393407604174, 47.31390378533626], [-106.91393738034344, 47.3137937894817], [-106.91366122736429, 47.31378997627874], [-106.91365879713815, 47.313870875336974], [-106.9136841527262, 47.313871226657156], [-106.91368228977448, 47.313933029424376], [-106.91389409582379, 47.3139359641482], [-106.91389508209234, 47.31390324504695], [-106.91393407604174, 47.31390378533626]]]}}
{"type": "Feature", "properties": { "height": 8.886911392211914, "confidence": -1.0},"geometry": {"type": "Polygon","coordinates": [[[-107.13913918113019, 47.37822703707735], [-107.13901436977442, 47.37822902459242], [-107.13901892219896, 47.37835972358622], [-107.13914372005351, 47.37835773629108], [-107.13913918113019, 47.37822703707735]]]}}
{"type": "Feature", "properties": { "height": 3.046992301940918, "confidence": -1.0},"geometry": {"type": "Polygon","coordinates": [[[-107.197308, 47.095298], [-107.19715, 47.095358], [-107.197285, 47.095525], [-107.197444, 47.095465], [-107.197308, 47.095298]]]}}
{"type": "Feature", "properties": { "height": -1.0, "confidence": -1.0},"geometry": {"type": "Polygon","coordinates": [[[-107.381331, 47.383864], [-107.381331, 47.383961], [-107.381441, 47.383961], [-107.381441, 47.383864], [-107.381331, 47.383864]]]}}
{"type": "Feature", "properties": { "height": -1.0, "confidence": -1.0},"geometry": {"type": "Polygon","coordinates": [[[-107.383771, 47.43483], [-107.383567, 47.434824], [-107.383563, 47.434878], [-107.383518, 47.434877], [-107.383512, 47.434962], [-107.383572, 47.434964], [-107.383569, 47.435005], [-107.38361, 47.435007], [-107.383608, 47.435026], [-107.383619, 47.435026], [-107.383622, 47.434986], [-107.383761, 47.43499], [-107.383771, 47.43483]]]}}
{"type": "Feature", "properties": { "height": -1.0, "confidence": -1.0},"geometry": {"type": "Polygon","coordinates": [[[-107.395375, 47.409872], [-107.395408, 47.409852], [-107.395391, 47.409814], [-107.395392, 47.409774], [-107.395415, 47.409761], [-107.395403, 47.409736], [-107.395448, 47.409727], [-107.395428, 47.409711], [-107.395481, 47.409712], [-107.395483, 47.40967], [-107.395418, 47.409669], [-107.395406, 47.409642], [-107.395348, 47.409641], [-107.395302, 47.409669], [-107.395301, 47.409689], [-107.395144, 47.409686], [-107.395142, 47.40968], [-107.395149, 47.409496], [-107.395113, 47.409469], [-107.394952, 47.409466], [-107.394799, 47.409557], [-107.394785, 47.409557], [-107.394721, 47.409595], [-107.394718, 47.409662], [-107.394742, 47.40968], [-107.39474, 47.409723], [-107.394817, 47.409891], [-107.394938, 47.409893], [-107.395065, 47.409866], [-107.395375, 47.409872]]]}}
{"type": "Feature", "properties": { "height": -1.0, "confidence": -1.0},"geometry": {"type": "Polygon","coordinates": [[[-107.40133899623775, 47.469135836516635], [-107.40143184481195, 47.469155459190446], [-107.4014616368875, 47.46909104302493], [-107.40136878831329, 47.469071420327076], [-107.40133899623775, 47.469135836516635]]]}}
{"type": "Feature", "properties": { "height": -1.0, "confidence": -1.0},"geometry": {"type": "Polygon","coordinates": [[[-107.408566, 47.47122], [-107.408499, 47.471265], [-107.408584, 47.471322], [-107.408651, 47.471277], [-107.408566, 47.47122]]]}}
{"type": "Feature", "properties": { "height": -1.0, "confidence": -1.0},"geometry": {"type": "Polygon","coordinates": [[[-107.46395679672355, 47.48034383272794], [-107.46395988024274, 47.48039087194467], [-107.46405625061652, 47.48038798644307], [-107.4640531670973, 47.48034094722373], [-107.46395679672355, 47.48034383272794]]]}}
{"type": "Feature", "properties": { "height": -1.0, "confidence": -1.0},"geometry": {"type": "Polygon","coordinates": [[[-107.55270762231906, 47.46594106378482], [-107.55279165497406, 47.465949373531956], [-107.55281162949146, 47.4658570597219], [-107.55272759683646, 47.46584874996019], [-107.55270762231906, 47.46594106378482]]]}}
{"type": "Feature", "properties": { "height": 3.119884967803955, "confidence": -1.0},"geometry": {"type": "Polygon","coordinates": [[[-107.565393, 47.256531], [-107.56521, 47.256531], [-107.56521, 47.256615], [-107.565393, 47.256615], [-107.565393, 47.256531]]]}}
{"type": "Feature", "properties": { "height": -1.0, "confidence": -1.0},"geometry": {"type": "Polygon","coordinates": [[[-106.907964, 47.307982], [-106.907885, 47.307808], [-106.907811, 47.307823], [-106.907891, 47.307998], [-106.907964, 47.307982]]]}}
{"type": "Feature", "properties": { "height": -1.0, "confidence": -1.0},"geometry": {"type": "Polygon","coordinates": [[[-106.907987, 47.316571], [-106.907855, 47.316569], [-106.907852, 47.316707], [-106.907983, 47.316708], [-106.907987, 47.316571]]]}}
{"type": "Feature", "properties": { "height": 3.559929370880127, "confidence": -1.0},"geometry": {"type": "Polygon","coordinates": [[[-106.90938281449897, 47.321923427704974], [-106.90959619233722, 47.32192528030113], [-106.90959818451927, 47.321819841223565], [-106.90946141429579, 47.321818653750235], [-106.90946170983, 47.32180301216225], [-106.90938511478336, 47.32180234351069], [-106.90938281449897, 47.321923427704974]]]}}
{"type": "Feature", "properties": { "height": 4.40615701675415, "confidence": -1.0},"geometry": {"type": "Polygon","coordinates": [[[-106.91074118021987, 47.31930476542483], [-106.91074088136241, 47.319666606100235], [-106.9108884028062, 47.31966666909384], [-106.91088842898716, 47.31963497067144], [-106.91114195669566, 47.319635066902364], [-106.91114198298507, 47.31960677379631], [-106.91117544862887, 47.31960678808658], [-106.91117548683543, 47.31956052967231], [-106.91111916046377, 47.31956050829261], [-106.91111917998714, 47.319536870486814], [-106.9109367898313, 47.31953680125728], [-106.91093689045165, 47.319414975474885], [-106.91099195747579, 47.31941499637663], [-106.91099202263081, 47.3193448751612], [-106.91093569626386, 47.31934485110895], [-106.91093573343329, 47.319304848502206], [-106.91074118021987, 47.31930476542483]]]}}
{"type": "Feature", "properties": { "height": 4.5789995193481445, "confidence": -1.0},"geometry": {"type": "Polygon","coordinates": [[[-106.91545835811766, 47.313489472619096], [-106.91522805467046, 47.31348324352338], [-106.91522346085172, 47.313561314803465], [-106.9154537642989, 47.31356754388998], [-106.91545835811766, 47.313489472619096]]]}}
{"type": "Feature", "properties": { "height": -1.0, "confidence": -1.0},"geometry": {"type": "Polygon","coordinates": [[[-107.149964, 47.247885], [-107.149831, 47.247852], [-107.149791, 47.247925], [-107.149924, 47.247958], [-107.149964, 47.247885]]]}}
{"type": "Feature", "properties": { "height": -1.0, "confidence": -1.0},"geometry": {"type": "Polygon","coordinates": [[[-107.194286, 47.083292], [-107.194136, 47.083394], [-107.194235, 47.083462], [-107.194386, 47.083361], [-107.194286, 47.083292]]]}}
{"type": "Feature", "properties": { "height": 8.56862735748291, "confidence": -1.0},"geometry": {"type": "Polygon","coordinates": [[[-107.323674, 47.171739], [-107.323748, 47.17173], [-107.323735, 47.171681], [-107.323662, 47.171689], [-107.323674, 47.171739]]]}}
{"type": "Feature", "properties": { "height": 5.951584339141846, "confidence": -1.0},"geometry": {"type": "Polygon","coordinates": [[[-107.518742, 47.183342], [-107.518804, 47.183385], [-107.51887, 47.183341], [-107.518809, 47.183298], [-107.518742, 47.183342]]]}}
{"type": "Feature", "properties": { "height": -1.0, "confidence": -1.0},"geometry": {"type": "Polygon","coordinates": [[[-107.526611, 47.388085], [-107.526487, 47.388053], [-107.526433, 47.388148], [-107.526557, 47.38818], [-107.526611, 47.388085]]]}}
{"type": "Feature", "properties": { "height": -1.0, "confidence": -1.0},"geometry": {"type": "Polygon","coordinates": [[[-107.564902, 47.256711], [-107.564969, 47.256711], [-107.564969, 47.256607], [-107.564902, 47.256607], [-107.564902, 47.256711]]]}}
{"type": "Feature", "properties": { "height": 4.547466278076172, "confidence": -1.0},"geometry": {"type": "Polygon","coordinates": [[[-106.90308059809314, 47.30192934966949], [-106.90298416865235, 47.30182028881878], [-106.90300317686227, 47.301812559956254], [-106.90295941145263, 47.30176305580235], [-106.9028022951596, 47.30182694034102], [-106.90287505924634, 47.30190923589456], [-106.9027737058058, 47.30195044196783], [-106.9028411302747, 47.30202670718815], [-106.90308059809314, 47.30192934966949]]]}}
{"type": "Feature", "properties": { "height": 4.210687637329102, "confidence": -1.0},"geometry": {"type": "Polygon","coordinates": [[[-106.90626301471477, 47.323246647738664], [-106.90626744183224, 47.323336727264476], [-106.90654340372318, 47.32333050839427], [-106.90653977928355, 47.32325676113271], [-106.9064888738106, 47.323257910717025], [-106.90648807049001, 47.32324156536464], [-106.90626301471477, 47.323246647738664]]]}}
{"type": "Feature", "properties": { "height": 2.623368740081787, "confidence": -1.0},"geometry": {"type": "Polygon","coordinates": [[[-106.91018115211986, 47.32226871450995], [-106.9101821441328, 47.322332344307775], [-106.91055224736658, 47.32232967533907], [-106.91055125535364, 47.32226604553803], [-106.91018115211986, 47.32226871450995]]]}}
{"type": "Feature", "properties": { "height": -1.0, "confidence": -1.0},"geometry": {"type": "Polygon","coordinates": [[[-106.9106043567904, 47.310489544137155], [-106.91075600386634, 47.31049257377322], [-106.91075976909462, 47.310406137424586], [-106.91060811341656, 47.310403100415], [-106.9106043567904, 47.310489544137155]]]}}
{"type": "Feature", "properties": { "height": -1.0, "confidence": -1.0},"geometry": {"type": "Polygon","coordinates": [[[-106.91190137790335, 47.32206894140345], [-106.91198596722876, 47.32206704715589], [-106.91198091151489, 47.32196352249009], [-106.91189633286645, 47.321965416502266], [-106.91190137790335, 47.32206894140345]]]}}
{"type": "Feature", "properties": { "height": 2.635310173034668, "confidence": -1.0},"geometry": {"type": "Polygon","coordinates": [[[-106.91354233007108, 47.32273738982655], [-106.91372194993816, 47.322740082694864], [-106.9137244179153, 47.322664677943514], [-106.91362413804026, 47.322663169783844], [-106.91362354512147, 47.3226813427249], [-106.91354420353281, 47.322680149467075], [-106.91354233007108, 47.32273738982655]]]}}
{"type": "Feature", "properties": { "height": -1.0, "confidence": -1.0},"geometry": {"type": "Polygon","coordinates": [[[-107.11064461516807, 47.514369335090436], [-107.11082156059751, 47.514371886218086], [-107.11082789230049, 47.51417089195746], [-107.11065094687106, 47.51416834082004], [-107.11064461516807, 47.514369335090436]]]}}
{"type": "Feature", "properties": { "height": -1.0, "confidence": -1.0},"geometry": {"type": "Polygon","coordinates": [[[-107.16471173592129, 47.39557411544779], [-107.16469296990064, 47.395573830049514], [-107.16469437861838, 47.39553125146689], [-107.16467025083972, 47.395530885668485], [-107.16466938253471, 47.39555713024626], [-107.16464381867483, 47.39555674146463], [-107.16464110836105, 47.395638405599236], [-107.16470957442155, 47.39563944684673], [-107.16471173592129, 47.39557411544779]]]}}
{"type": "Feature", "properties": { "height": 3.452620506286621, "confidence": -1.0},"geometry": {"type": "Polygon","coordinates": [[[-107.22456860935765, 47.32955592236048], [-107.2247536418088, 47.32955776561284], [-107.22475687372818, 47.32940872579354], [-107.22457184127703, 47.32940688253597], [-107.22456860935765, 47.32955592236048]]]}}
{"type": "Feature", "properties": { "height": 5.338640213012695, "confidence": -1.0},"geometry": {"type": "Polygon","coordinates": [[[-107.23061764611366, 47.48485997860332], [-107.2307073904, 47.48485994464597], [-107.23070742874863, 47.48490622959321], [-107.23092614317416, 47.48490613649171], [-107.23092608910949, 47.48484813344145], [-107.2308053897517, 47.484848184820336], [-107.23080534751368, 47.48480286989281], [-107.23076635172377, 47.484802886492425], [-107.23076626682176, 47.484700413622456], [-107.23061749743583, 47.48470046991385], [-107.23061764611366, 47.48485997860332]]]}}
{"type": "Feature", "properties": { "height": -1.0, "confidence": -1.0},"geometry": {"type": "Polygon","coordinates": [[[-107.44142924934985, 47.48794801268726], [-107.44139122931291, 47.48799713420866], [-107.44147888900572, 47.48802812010622], [-107.44151691555724, 47.48797899677044], [-107.44142924934985, 47.48794801268726]]]}}
{"type": "Feature", "properties": { "height": -1.0, "confidence": -1.0},"geometry": {"type": "Polygon","coordinates": [[[-107.564857, 47.256601], [-107.564568, 47.256571], [-107.564559, 47.256614], [-107.564848, 47.256643], [-107.564857, 47.256601]]]}}
{"type": "Feature", "properties": { "height": -1.0, "confidence": -1.0},"geometry": {"type": "Polygon","coordinates": [[[-106.89183081976373, 47.29721285889289], [-106.89185505165914, 47.29724033792926], [-106.89192118513152, 47.297213514352485], [-106.89189694910853, 47.297186033837434], [-106.89183081976373, 47.29721285889289]]]}}
{"type": "Feature", "properties": { "height": -1.0, "confidence": -1.0},"geometry": {"type": "Polygon","coordinates": [[[-106.89415889606083, 47.32743134177777], [-106.89416597088702, 47.327514694843735], [-106.89437716638595, 47.327506459326024], [-106.89437009155976, 47.32742310624705], [-106.89415889606083, 47.32743134177777]]]}}
{"type": "Feature", "properties": { "height": 4.125272750854492, "confidence": -1.0},"geometry": {"type": "Polygon","coordinates": [[[-106.90474370859455, 47.32495528042144], [-106.90460160282734, 47.324953453430304], [-106.90459534726524, 47.32517619170882], [-106.90473745284318, 47.325178025431455], [-106.90474370859455, 47.32495528042144]]]}}
{"type": "Feature", "properties": { "height": 4.413501739501953, "confidence": -1.0},"geometry": {"type": "Polygon","coordinates": [[[-106.90553571802445, 47.307068967178814], [-106.90547020644291, 47.307016177285945], [-106.90529747877038, 47.30711474016056], [-106.90547397977615, 47.30725696606492], [-106.90559960423295, 47.307185287675615], [-106.90548860885315, 47.30709584664536], [-106.90553571802445, 47.307068967178814]]]}}
{"type": "Feature", "properties": { "height": 3.534161329269409, "confidence": -1.0},"geometry": {"type": "Polygon","coordinates": [[[-106.90450617402195, 47.320171659188894], [-106.90429433088212, 47.32017390056131], [-106.90429645578469, 47.32026660985998], [-106.90450829892453, 47.3202643684915], [-106.90450617402195, 47.320171659188894]]]}}
{"type": "Feature", "properties": { "height": 4.31504487991333, "confidence": -1.0},"geometry": {"type": "Polygon","coordinates": [[[-106.90556846204032, 47.32444817067277], [-106.90556621947486, 47.32453981358815], [-106.90566109045706, 47.32454087578315], [-106.90565703414964, 47.324707339620176], [-106.90579543409198, 47.32470889573531], [-106.9057995522216, 47.32454060790796], [-106.90589174180832, 47.32454164008149], [-106.90589393024698, 47.324451830128595], [-106.90556846204032, 47.32444817067277]]]}}
{"type": "Feature", "properties": { "height": 3.2164621353149414, "confidence": -1.0},"geometry": {"type": "Polygon","coordinates": [[[-106.90968966989742, 47.31826094277977], [-106.90949659538333, 47.31826293068257], [-106.90949952771604, 47.31839382063428], [-106.90944321431611, 47.31839440043782], [-106.90944675755144, 47.31855255869511], [-106.90969614546543, 47.31854999100138], [-106.90968966989742, 47.31826094277977]]]}}
{"type": "Feature", "properties": { "height": 18.258941650390625, "confidence": -1.0},"geometry": {"type": "Polygon","coordinates": [[[-106.9161985299685, 47.31211406727722], [-106.91619609320287, 47.312024988935114], [-106.91606471015591, 47.31202664107539], [-106.91606714692153, 47.31211571941471], [-106.9161985299685, 47.31211406727722]]]}}
{"type": "Feature", "properties": { "height": 5.452502250671387, "confidence": -1.0},"geometry": {"type": "Polygon","coordinates": [[[-107.24143807366586, 47.277362178413554], [-107.2411940183031, 47.27736387036385], [-107.2411973445413, 47.27758321366587], [-107.24144139972837, 47.27758151013517], [-107.24143807366586, 47.277362178413554]]]}}
{"type": "Feature", "properties": { "height": -1.0, "confidence": -1.0},"geometry": {"type": "Polygon","coordinates": [[[-107.24781880550808, 47.04455825867153], [-107.24781949346641, 47.04459960521917], [-107.2479952246601, 47.04459824749057], [-107.24799581731071, 47.04463364746638], [-107.24810845542989, 47.04463277183402], [-107.24810717043455, 47.04455601696133], [-107.24781880550808, 47.04455825867153]]]}}
{"type": "Feature", "properties": { "height": -1.0, "confidence": -1.0},"geometry": {"type": "Polygon","coordinates": [[[-106.90915439646034, 47.32285079308205], [-106.90942788230265, 47.32284725090511], [-106.90942672848448, 47.32280616580952], [-106.9091532422779, 47.32280969501889], [-106.90915439646034, 47.32285079308205]]]}}
{"type": "Feature", "properties": { "height": -1.0, "confidence": -1.0},"geometry": {"type": "Polygon","coordinates": [[[-106.91375075196464, 47.31726157852064], [-106.91374865576111, 47.317354293631055], [-106.9139605005038, 47.31735649493351], [-106.91396259670735, 47.317263779826966], [-106.91375075196464, 47.31726157852064]]]}}
{"type": "Feature", "properties": { "height": -1.0, "confidence": -1.0},"geometry": {"type": "Polygon","coordinates": [[[-106.91609382426108, 47.317465245876406], [-106.9160262893702, 47.31745928571282], [-106.91601030071602, 47.31754254996093], [-106.91607782654887, 47.31754851251969], [-106.91609382426108, 47.317465245876406]]]}}
{"type": "Feature", "properties": { "height": -1.0, "confidence": -1.0},"geometry": {"type": "Polygon","coordinates": [[[-106.916819, 47.36349], [-106.916666, 47.363484], [-106.916673, 47.363399], [-106.916544, 47.363394], [-106.916538, 47.363476], [-106.91638, 47.36347], [-106.916376, 47.36353], [-106.916814, 47.363546], [-106.916819, 47.36349]]]}}
{"type": "Feature", "properties": { "height": -1.0, "confidence": -1.0},"geometry": {"type": "Polygon","coordinates": [[[-107.11045683514317, 47.43958346734691], [-107.1106003380196, 47.43956722490247], [-107.11058156325471, 47.43949134104475], [-107.11043806037827, 47.43950758351259], [-107.11045683514317, 47.43958346734691]]]}}
{"type": "Feature", "properties": { "height": -1.0, "confidence": -1.0},"geometry": {"type": "Polygon","coordinates": [[[-107.195588, 47.09609], [-107.195554, 47.096041], [-107.195489, 47.096061], [-107.195523, 47.096111], [-107.195588, 47.09609]]]}}
{"type": "Feature", "properties": { "height": -1.0, "confidence": -1.0},"geometry": {"type": "Polygon","coordinates": [[[-107.391355, 47.405785], [-107.391041, 47.405788], [-107.391042, 47.405819], [-107.391023, 47.405819], [-107.391025, 47.405952], [-107.391286, 47.405949], [-107.391288, 47.406046], [-107.39136, 47.406045], [-107.391355, 47.405785]]]}}
{"type": "Feature", "properties": { "height": -1.0, "confidence": -1.0},"geometry": {"type": "Polygon","coordinates": [[[-107.425727, 47.208959], [-107.425727, 47.208897], [-107.425588, 47.208897], [-107.425588, 47.208959], [-107.425727, 47.208959]]]}}
{"type": "Feature", "properties": { "height": 6.8599042892456055, "confidence": -1.0},"geometry": {"type": "Polygon","coordinates": [[[-107.44446730595742, 47.43978362008928], [-107.44455308807102, 47.439785000744195], [-107.44455532072944, 47.439721541340234], [-107.44446953861583, 47.43972016068366], [-107.44446730595742, 47.43978362008928]]]}}
{"type": "Feature", "properties": { "height": -1.0, "confidence": -1.0},"geometry": {"type": "Polygon","coordinates": [[[-107.56565854832944, 47.25693909592768], [-107.56556046868994, 47.256936104848826], [-107.56555626556138, 47.25699969227623], [-107.56565433865694, 47.257002683151946], [-107.56565854832944, 47.25693909592768]]]}}
{"type": "Feature", "properties": { "height": -1.0, "confidence": -1.0},"geometry": {"type": "Polygon","coordinates": [[[-106.91602128629626, 47.308285028717776], [-106.91603383772369, 47.308439145814184], [-106.91610234764399, 47.308436577360425], [-106.91608978035704, 47.30828246085112], [-106.91602128629626, 47.308285028717776]]]}}
{"type": "Feature", "properties": { "height": -1.0, "confidence": -1.0},"geometry": {"type": "Polygon","coordinates": [[[-106.9180577688745, 47.31011628371905], [-106.9179594628578, 47.31012701802771], [-106.91797925148663, 47.31021033221112], [-106.91807754912065, 47.31019959883472], [-106.9180577688745, 47.31011628371905]]]}}
{"type": "Feature", "properties": { "height": -1.0, "confidence": -1.0},"geometry": {"type": "Polygon","coordinates": [[[-106.988752, 47.439182], [-106.988645, 47.439182], [-106.988645, 47.439282], [-106.988752, 47.439282], [-106.988752, 47.439182]]]}}
{"type": "Feature", "properties": { "height": -1.0, "confidence": -1.0},"geometry": {"type": "Polygon","coordinates": [[[-107.17789085965067, 47.414165812041105], [-107.1780138273066, 47.41416098405179], [-107.17799971306509, 47.4139963697852], [-107.17787674540918, 47.414001197789624], [-107.17789085965067, 47.414165812041105]]]}}
{"type": "Feature", "properties": { "height": -1.0, "confidence": -1.0},"geometry": {"type": "Polygon","coordinates": [[[-107.29710673141055, 47.42561832211686], [-107.29694867813146, 47.425622094019026], [-107.29695066647183, 47.425660153988346], [-107.29714622391886, 47.425655487061896], [-107.29714561052592, 47.425643745755686], [-107.29710810645064, 47.42564464255655], [-107.29710673141055, 47.42561832211686]]]}}
{"type": "Feature", "properties": { "height": 3.643679141998291, "confidence": -1.0},"geometry": {"type": "Polygon","coordinates": [[[-107.31063126141515, 47.17091329954692], [-107.31097317622897, 47.170910403828], [-107.31097147779383, 47.17081824059753], [-107.31062957276507, 47.17082115250624], [-107.31063126141515, 47.17091329954692]]]}}
{"type": "Feature", "properties": { "height": 2.741107225418091, "confidence": -1.0},"geometry": {"type": "Polygon","coordinates": [[[-107.40254617732646, 47.21984704832771], [-107.40244277752745, 47.219850292333376], [-107.4024478542029, 47.219924823596244], [-107.40255124633795, 47.21992157983557], [-107.40254617732646, 47.21984704832771]]]}}
{"type": "Feature", "properties": { "height": -1.0, "confidence": -1.0},"geometry": {"type": "Polygon","coordinates": [[[-107.40324267162381, 47.215400017061384], [-107.40331769298774, 47.21539834795037], [-107.4033143580715, 47.21532919086661], [-107.40323933670756, 47.21533085997982], [-107.40324267162381, 47.215400017061384]]]}}
{"type": "Feature", "properties": { "height": -1.0, "confidence": -1.0},"geometry": {"type": "Polygon","coordinates": [[[-107.51966, 47.070412], [-107.519751, 47.070493], [-107.519832, 47.070451], [-107.519741, 47.07037], [-107.51966, 47.070412]]]}}
{"type": "Feature", "properties": { "height": 4.594980239868164, "confidence": -1.0},"geometry": {"type": "Polygon","coordinates": [[[-107.549105, 47.283575], [-107.549077, 47.283428], [-107.548935, 47.28344], [-107.548963, 47.283587], [-107.549105, 47.283575]]]}}
{"type": "Feature", "properties": { "height": -1.0, "confidence": -1.0},"geometry": {"type": "Polygon","coordinates": [[[-107.56554462819615, 47.45779950489369], [-107.56554585356395, 47.457707022195436], [-107.56540907188173, 47.4577061936823], [-107.56540784651392, 47.457798676382], [-107.56554462819615, 47.45779950489369]]]}}
{"type": "Feature", "properties": { "height": 2.518181324005127, "confidence": -1.0},"geometry": {"type": "Polygon","coordinates": [[[-106.90319298495677, 47.31883565131054], [-106.90319183044072, 47.31886654287557], [-106.90321863532455, 47.3188670032678], [-106.90321978984059, 47.31883611170304], [-106.90319298495677, 47.31883565131054]]]}}
{"type": "Feature", "properties": { "height": -1.0, "confidence": -1.0},"geometry": {"type": "Polygon","coordinates": [[[-106.90482520534704, 47.32475616222891], [-106.90482311335286, 47.32470893381809], [-106.90491958590621, 47.32470697037401], [-106.90491741345072, 47.32465792543933], [-106.90460387765239, 47.32466430663826], [-106.90460613056919, 47.32471516804498], [-106.9046624062253, 47.324714022702736], [-106.90466441775816, 47.32475943463263], [-106.90482520534704, 47.32475616222891]]]}}
{"type": "Feature", "properties": { "height": -1.0, "confidence": -1.0},"geometry": {"type": "Polygon","coordinates": [[[-106.90542599051054, 47.30689742869967], [-106.9054290838793, 47.30698208802858], [-106.90555122183981, 47.30698003612434], [-106.90554811952586, 47.306895371146474], [-106.90542599051054, 47.30689742869967]]]}}
{"type": "Feature", "properties": { "height": -1.0, "confidence": -1.0},"geometry": {"type": "Polygon","coordinates": [[[-106.910223, 47.327709], [-106.910427, 47.327711], [-106.910429, 47.327598], [-106.910225, 47.327596], [-106.910223, 47.327709]]]}}
{"type": "Feature", "properties": { "height": 2.9799742698669434, "confidence": -1.0},"geometry": {"type": "Polygon","coordinates": [[[-106.91566593252259, 47.320772603688226], [-106.91566160389952, 47.320629021616455], [-106.91554363597334, 47.3206306559391], [-106.91554697832787, 47.320741523139326], [-106.9156086433802, 47.3207406688361], [-106.91560962964874, 47.32077338370373], [-106.91566593252259, 47.320772603688226]]]}}
{"type": "Feature", "properties": { "height": 4.329238414764404, "confidence": -1.0},"geometry": {"type": "Polygon","coordinates": [[[-107.09498525621576, 47.28112892032708], [-107.0949652387171, 47.28074546107064], [-107.09478196481741, 47.28074986428413], [-107.09480194280528, 47.28113332445791], [-107.09498525621576, 47.28112892032708]]]}}
{"type": "Feature", "properties": { "height": -1.0, "confidence": -1.0},"geometry": {"type": "Polygon","coordinates": [[[-107.3270266682572, 47.26293933974567], [-107.32681641162954, 47.2629416366466], [-107.32681762551633, 47.26299259009664], [-107.32685625998405, 47.26299216804353], [-107.32685703696255, 47.2630249238441], [-107.32702865386892, 47.26302304905701], [-107.3270266682572, 47.26293933974567]]]}}
{"type": "Feature", "properties": { "height": -1.0, "confidence": -1.0},"geometry": {"type": "Polygon","coordinates": [[[-107.332647, 47.140143], [-107.332647, 47.14003], [-107.332537, 47.14003], [-107.332537, 47.140105], [-107.332582, 47.140105], [-107.332582, 47.140143], [-107.332647, 47.140143]]]}}
{"type": "Feature", "properties": { "height": -1.0, "confidence": -1.0},"geometry": {"type": "Polygon","coordinates": [[[-107.444199, 47.439653], [-107.444132, 47.439637], [-107.444107, 47.439686], [-107.444174, 47.439702], [-107.444199, 47.439653]]]}}
{"type": "Feature", "properties": { "height": 4.0067033767700195, "confidence": -1.0},"geometry": {"type": "Polygon","coordinates": [[[-107.505207, 47.391532], [-107.505192, 47.391732], [-107.505396, 47.391738], [-107.50541, 47.391539], [-107.505207, 47.391532]]]}}
{"type": "Feature", "properties": { "height": 3.8688392639160156, "confidence": -1.0},"geometry": {"type": "Polygon","coordinates": [[[-107.54764817785939, 47.47554213667461], [-107.54766550668185, 47.47558502495419], [-107.54760310544037, 47.475596543409075], [-107.5476201469888, 47.47563872065135], [-107.54780852436093, 47.47560394866686], [-107.54777414355203, 47.47551887906594], [-107.54764817785939, 47.47554213667461]]]}}
{"type": "Feature", "properties": { "height": -1.0, "confidence": -1.0},"geometry": {"type": "Polygon","coordinates": [[[-106.90894043546288, 47.32190105606578], [-106.90902621199936, 47.32189959508835], [-106.90902207772235, 47.32178805550338], [-106.90893630133664, 47.32178952055092], [-106.90894043546288, 47.32190105606578]]]}}
{"type": "Feature", "properties": { "height": 4.488536834716797, "confidence": -1.0},"geometry": {"type": "Polygon","coordinates": [[[-106.90962985024625, 47.32219326642196], [-106.90951456456988, 47.32219164742804], [-106.9095114646855, 47.32229342312983], [-106.90948846035604, 47.322293100073225], [-106.90948731598559, 47.32233054517193], [-106.90962561005563, 47.32233248071387], [-106.90962985024625, 47.32219326642196]]]}}
{"type": "Feature", "properties": { "height": -1.0, "confidence": -1.0},"geometry": {"type": "Polygon","coordinates": [[[-106.969211, 47.411712], [-106.969346, 47.411758], [-106.969401, 47.411684], [-106.969266, 47.411638], [-106.969211, 47.411712]]]}}
{"type": "Feature", "properties": { "height": -1.0, "confidence": -1.0},"geometry": {"type": "Polygon","coordinates": [[[-107.30015, 47.425348], [-107.30015, 47.425317], [-107.299975, 47.425317], [-107.299976, 47.425349], [-107.30015, 47.425348]]]}}
{"type": "Feature", "properties": { "height": -1.0, "confidence": -1.0},"geometry": {"type": "Polygon","coordinates": [[[-107.38006, 47.383214], [-107.38006, 47.383281], [-107.380366, 47.383281], [-107.380366, 47.383214], [-107.38006, 47.383214]]]}}
{"type": "Feature", "properties": { "height": -1.0, "confidence": -1.0},"geometry": {"type": "Polygon","coordinates": [[[-107.43737667804554, 47.46780151314984], [-107.43743296948868, 47.46780056501416], [-107.43743143335335, 47.46775888761159], [-107.4373751419102, 47.46775983574799], [-107.43737667804554, 47.46780151314984]]]}}
{"type": "Feature", "properties": { "height": 3.895284414291382, "confidence": -1.0},"geometry": {"type": "Polygon","coordinates": [[[-107.44369605256124, 47.474475223344385], [-107.4437735898316, 47.47448540947629], [-107.44378363653742, 47.47445047021641], [-107.44384456537418, 47.47445847448933], [-107.44386466575807, 47.47438859682647], [-107.44372619267878, 47.47437040547474], [-107.44369605256124, 47.474475223344385]]]}}
{"type": "Feature", "properties": { "height": 3.367812156677246, "confidence": -1.0},"geometry": {"type": "Polygon","coordinates": [[[-106.90648925025063, 47.322270203991714], [-106.90652679367285, 47.3222698441904], [-106.90652603541703, 47.32223348745123], [-106.90649117366786, 47.322233821552665], [-106.90649068080157, 47.32221018965892], [-106.90642095730323, 47.32221085786212], [-106.90642391450086, 47.32235264906418], [-106.90638100773265, 47.32235306026502], [-106.90638176598844, 47.32238941692191], [-106.90642199108366, 47.32238903142138], [-106.90642274933946, 47.32242538805351], [-106.90649247283784, 47.32242471985303], [-106.90648925025063, 47.322270203991714]]]}}
{"type": "Feature", "properties": { "height": 2.667757272720337, "confidence": -1.0},"geometry": {"type": "Polygon","coordinates": [[[-106.90760237860897, 47.32095678521703], [-106.90760606892945, 47.320887782561876], [-106.90756588860594, 47.32088679507333], [-106.90756753953877, 47.32085592543468], [-106.90750988096606, 47.32085450839245], [-106.90749995627131, 47.32103972548937], [-106.90756692330751, 47.32104137129469], [-106.90757149645117, 47.32095602624511], [-106.90760237860897, 47.32095678521703]]]}}
{"type": "Feature", "properties": { "height": -1.0, "confidence": -1.0},"geometry": {"type": "Polygon","coordinates": [[[-107.19573460495181, 47.46609908758544], [-107.19580507908955, 47.466124919428026], [-107.19583496094029, 47.466087667147136], [-107.19586605155976, 47.46609906468911], [-107.19589077898902, 47.46606823816685], [-107.19585842053431, 47.466056375840864], [-107.1958471819148, 47.4660703883128], [-107.19579950823338, 47.46605291155865], [-107.19578377416607, 47.46607252901963], [-107.19576224092134, 47.46606463512171], [-107.19573460495181, 47.46609908758544]]]}}
{"type": "Feature", "properties": { "height": -1.0, "confidence": -1.0},"geometry": {"type": "Polygon","coordinates": [[[-106.91613678812107, 47.31385718956062], [-106.91640952126825, 47.31387419468776], [-106.91641500588857, 47.313833761240026], [-106.91614227862232, 47.31381674352535], [-106.91613678812107, 47.31385718956062]]]}}
{"type": "Feature", "properties": { "height": -1.0, "confidence": -1.0},"geometry": {"type": "Polygon","coordinates": [[[-106.98312, 47.141595], [-106.98328, 47.141645], [-106.983339, 47.141557], [-106.983179, 47.141508], [-106.98312, 47.141595]]]}}
{"type": "Feature", "properties": { "height": -1.0, "confidence": -1.0},"geometry": {"type": "Polygon","coordinates": [[[-107.004105, 47.145189], [-107.004031, 47.145154], [-107.003977, 47.145207], [-107.004051, 47.145242], [-107.004105, 47.145189]]]}}
{"type": "Feature", "properties": { "height": 3.071336269378662, "confidence": -1.0},"geometry": {"type": "Polygon","coordinates": [[[-107.13828760560374, 47.376983447750426], [-107.1382527868055, 47.37698434051786], [-107.13825045429243, 47.376942625044904], [-107.13814331952861, 47.37694537202372], [-107.13814991141335, 47.377063263486434], [-107.13829186497543, 47.3770596237476], [-107.13828760560374, 47.376983447750426]]]}}
{"type": "Feature", "properties": { "height": 4.138566017150879, "confidence": -1.0},"geometry": {"type": "Polygon","coordinates": [[[-107.18002158332071, 47.41180295723805], [-107.18017972091194, 47.41180009609985], [-107.18017540253965, 47.411690504111625], [-107.1800172646535, 47.41169335777119], [-107.18002158332071, 47.41180295723805]]]}}
{"type": "Feature", "properties": { "height": 3.072125196456909, "confidence": -1.0},"geometry": {"type": "Polygon","coordinates": [[[-107.19638491642334, 47.464794387916896], [-107.19639100590402, 47.4648975810511], [-107.19624104086864, 47.4649016255707], [-107.19624435269147, 47.464957748063085], [-107.1964103854092, 47.464953270206856], [-107.19640888974729, 47.4649279245704], [-107.19677041260042, 47.464918174393546], [-107.19676250695883, 47.46478420437293], [-107.19638491642334, 47.464794387916896]]]}}
{"type": "Feature", "properties": { "height": -1.0, "confidence": -1.0},"geometry": {"type": "Polygon","coordinates": [[[-107.386069, 47.434724], [-107.386065, 47.434723], [-107.385953, 47.434719], [-107.385922, 47.434708], [-107.385906, 47.434713], [-107.38587, 47.434712], [-107.385614, 47.434622], [-107.385566, 47.434684], [-107.385562, 47.434742], [-107.385513, 47.434758], [-107.385519, 47.435101], [-107.385655, 47.435148], [-107.385781, 47.435153], [-107.385867, 47.435126], [-107.385877, 47.434985], [-107.385824, 47.434966], [-107.385797, 47.434965], [-107.385786, 47.434949], [-107.385804, 47.434925], [-107.385937, 47.434883], [-107.38595, 47.434883], [-107.386013, 47.434905], [-107.386079, 47.434885], [-107.386081, 47.434855], [-107.386055, 47.434816], [-107.386113, 47.434798], [-107.38606, 47.43478], [-107.386085, 47.434748], [-107.386069, 47.434724]]]}}
{"type": "Feature", "properties": { "height": 3.1620261669158936, "confidence": -1.0},"geometry": {"type": "Polygon","coordinates": [[[-107.39637865414477, 47.05040192966948], [-107.39637983145896, 47.050491471663435], [-107.39662389289192, 47.050489981924244], [-107.39662271557776, 47.0504004399278], [-107.39637865414477, 47.05040192966948]]]}}
{"type": "Feature", "properties": { "height": 4.315666198730469, "confidence": -1.0},"geometry": {"type": "Polygon","coordinates": [[[-107.39900711554938, 47.36323584886775], [-107.39882744072956, 47.36317274040802], [-107.39876825047533, 47.363250057267116], [-107.39894792529515, 47.363313165634366], [-107.39900711554938, 47.36323584886775]]]}}
{"type": "Feature", "properties": { "height": 5.213135242462158, "confidence": -1.0},"geometry": {"type": "Polygon","coordinates": [[[-107.519441, 47.185775], [-107.519084, 47.185733], [-107.519063, 47.185819], [-107.51942, 47.185861], [-107.519441, 47.185775]]]}}
{"type": "Feature", "properties": { "height": -1.0, "confidence": -1.0},"geometry": {"type": "Polygon","coordinates": [[[-106.91073644158351, 47.322909723716506], [-106.91073697639514, 47.322976994267705], [-106.91084052435963, 47.32297661108325], [-106.91083998260258, 47.32290934055725], [-106.91073644158351, 47.322909723716506]]]}}
{"type": "Feature", "properties": { "height": 2.5630059242248535, "confidence": -1.0},"geometry": {"type": "Polygon","coordinates": [[[-106.91082141710665, 47.32268330207328], [-106.91084823065614, 47.32268362646413], [-106.91084904418312, 47.32265272714479], [-106.91072838321045, 47.32265126738506], [-106.91072579906587, 47.3227494181044], [-106.91081964648907, 47.322750553470975], [-106.91082141710665, 47.32268330207328]]]}}
{"type": "Feature", "properties": { "height": -1.0, "confidence": -1.0},"geometry": {"type": "Polygon","coordinates": [[[-106.91351963354847, 47.31475379404093], [-106.91357320946867, 47.31475249752123], [-106.91357158396742, 47.3147216230564], [-106.91361444470357, 47.31472058584002], [-106.91360765584552, 47.31459163934817], [-106.91351121918923, 47.3145939730907], [-106.91351963354847, 47.31475379404093]]]}}
{"type": "Feature", "properties": { "height": -1.0, "confidence": -1.0},"geometry": {"type": "Polygon","coordinates": [[[-106.91756253973502, 47.32277491408219], [-106.9175516268411, 47.322712149542], [-106.91744580843037, 47.322720603832515], [-106.91745672132427, 47.32278336836265], [-106.91756253973502, 47.32277491408219]]]}}
{"type": "Feature", "properties": { "height": -1.0, "confidence": -1.0},"geometry": {"type": "Polygon","coordinates": [[[-107.40440750099593, 47.2137338210159], [-107.40406620059224, 47.21376103159665], [-107.40408192233912, 47.21385196410882], [-107.40442321997566, 47.21382473756976], [-107.40440750099593, 47.2137338210159]]]}}
{"type": "Feature", "properties": { "height": -1.0, "confidence": -1.0},"geometry": {"type": "Polygon","coordinates": [[[-107.46822442268945, 47.49468616750765], [-107.46821491657808, 47.49465297755454], [-107.46806074175143, 47.49467313635342], [-107.46807024454883, 47.49470632672709], [-107.46822442268945, 47.49468616750765]]]}}
{"type": "Feature", "properties": { "height": 3.3650805950164795, "confidence": -1.0},"geometry": {"type": "Polygon","coordinates": [[[-106.90700276582626, 47.32399213417505], [-106.90719854579325, 47.32399075023306], [-106.9071975109801, 47.323923486308665], [-106.90709119017254, 47.32392423787696], [-106.90709093677208, 47.32390787638106], [-106.90707925490513, 47.32390795895873], [-106.90707953458437, 47.32392613841153], [-106.90704466965875, 47.323926384867256], [-106.9070442781078, 47.323900933631684], [-106.90700136743011, 47.32390123696195], [-106.90700276582626, 47.32399213417505]]]}}
{"type": "Feature", "properties": { "height": -1.0, "confidence": -1.0},"geometry": {"type": "Polygon","coordinates": [[[-106.91213767031017, 47.318993904140335], [-106.91213540909865, 47.31906478512547], [-106.91223460443784, 47.31906623942414], [-106.91223686564933, 47.31899535844095], [-106.91213767031017, 47.318993904140335]]]}}
{"type": "Feature", "properties": { "height": 3.0959348678588867, "confidence": -1.0},"geometry": {"type": "Polygon","coordinates": [[[-106.91307006746356, 47.32324512576386], [-106.91307270152724, 47.32331780849475], [-106.91314507749235, 47.32331660326349], [-106.91314244342865, 47.32324392053093], [-106.91307006746356, 47.32324512576386]]]}}
{"type": "Feature", "properties": { "height": -1.0, "confidence": -1.0},"geometry": {"type": "Polygon","coordinates": [[[-107.07205666014067, 47.308068337769], [-107.07218539671048, 47.30806908922105], [-107.07218874021521, 47.30780357957092], [-107.07206000364539, 47.3078028281151], [-107.07205666014067, 47.308068337769]]]}}
{"type": "Feature", "properties": { "height": 3.098076581954956, "confidence": -1.0},"geometry": {"type": "Polygon","coordinates": [[[-107.24373164502508, 47.411562977367176], [-107.24393280962812, 47.41156266294887], [-107.24393186181169, 47.41128494967239], [-107.24373069720865, 47.41128526409237], [-107.24373164502508, 47.411562977367176]]]}}
{"type": "Feature", "properties": { "height": -1.0, "confidence": -1.0},"geometry": {"type": "Polygon","coordinates": [[[-107.33144404442623, 47.42386489318916], [-107.33149228618979, 47.423863977161886], [-107.33148954181435, 47.42379781904058], [-107.33144129995613, 47.42379873278643], [-107.33144404442623, 47.42386489318916]]]}}
{"type": "Feature", "properties": { "height": -1.0, "confidence": -1.0},"geometry": {"type": "Polygon","coordinates": [[[-107.383908, 47.434717], [-107.383914, 47.434774], [-107.383957, 47.434788], [-107.384001, 47.434786], [-107.384004, 47.434817], [-107.384044, 47.434829], [-107.384156, 47.434824], [-107.384223, 47.434727], [-107.384213, 47.434639], [-107.38416, 47.434622], [-107.384073, 47.434626], [-107.384049, 47.434618], [-107.383974, 47.434622], [-107.383908, 47.434717]]]}}
{"type": "Feature", "properties": { "height": -1.0, "confidence": -1.0},"geometry": {"type": "Polygon","coordinates": [[[-107.44193120822024, 47.44112276014031], [-107.44222892080785, 47.4411214495149], [-107.44222755911132, 47.44097995510206], [-107.44192984652373, 47.44098126573101], [-107.44193120822024, 47.44112276014031]]]}}
{"type": "Feature", "properties": { "height": -1.0, "confidence": -1.0},"geometry": {"type": "Polygon","coordinates": [[[-107.46416757885561, 47.108156625068794], [-107.46414631829192, 47.10812488549327], [-107.46404638925978, 47.10815589327148], [-107.46406764982345, 47.1081876328285], [-107.46416757885561, 47.108156625068794]]]}}
{"type": "Feature", "properties": { "height": -1.0, "confidence": -1.0},"geometry": {"type": "Polygon","coordinates": [[[-106.90162667870518, 47.296861772518895], [-106.90160448091072, 47.29680188960554], [-106.9015464573026, 47.29681178260088], [-106.90156865509707, 47.29687166550302], [-106.90162667870518, 47.296861772518895]]]}}
{"type": "Feature", "properties": { "height": 3.070338010787964, "confidence": -1.0},"geometry": {"type": "Polygon","coordinates": [[[-106.91113967488747, 47.323108966466286], [-106.91113677215998, 47.322974450438345], [-106.9110117903143, 47.3229756897055], [-106.91101467915611, 47.323110205867984], [-106.91113967488747, 47.323108966466286]]]}}
{"type": "Feature", "properties": { "height": 3.6404781341552734, "confidence": -1.0},"geometry": {"type": "Polygon","coordinates": [[[-106.91151428507811, 47.3204682496908], [-106.91175243495458, 47.32046037423864], [-106.9117429060155, 47.32032795606591], [-106.91168536276112, 47.32032985898653], [-106.9116786438803, 47.320236356226914], [-106.91149802701239, 47.32024232055815], [-106.91151428507811, 47.3204682496908]]]}}
{"type": "Feature", "properties": { "height": 2.992798328399658, "confidence": -1.0},"geometry": {"type": "Polygon","coordinates": [[[-106.91275657866352, 47.31742693987417], [-106.91275424586917, 47.317503278552955], [-106.91287595537378, 47.31750498213558], [-106.91287667499084, 47.31748135347531], [-106.91291152885032, 47.317481841329204], [-106.91291313414992, 47.31742913120335], [-106.91275657866352, 47.31742693987417]]]}}
{"type": "Feature", "properties": { "height": -1.0, "confidence": -1.0},"geometry": {"type": "Polygon","coordinates": [[[-106.91626630076966, 47.317176763568604], [-106.91626191936587, 47.31723662251442], [-106.91632613426275, 47.31723878274895], [-106.91633051566654, 47.31717892380559], [-106.91626630076966, 47.317176763568604]]]}}
{"type": "Feature", "properties": { "height": -1.0, "confidence": -1.0},"geometry": {"type": "Polygon","coordinates": [[[-106.943154, 47.431274], [-106.943067, 47.431268], [-106.943056, 47.431334], [-106.943144, 47.431341], [-106.943154, 47.431274]]]}}
{"type": "Feature", "properties": { "height": 4.601451396942139, "confidence": -1.0},"geometry": {"type": "Polygon","coordinates": [[[-107.1393909968025, 47.37791650763584], [-107.13939863151566, 47.377956938824894], [-107.13944877319076, 47.37795259477971], [-107.13944113891912, 47.37791216592549], [-107.1393909968025, 47.37791650763584]]]}}
{"type": "Feature", "properties": { "height": -1.0, "confidence": -1.0},"geometry": {"type": "Polygon","coordinates": [[[-107.298304, 47.426182], [-107.298304, 47.426129], [-107.298072, 47.426129], [-107.298072, 47.426182], [-107.298304, 47.426182]]]}}
{"type": "Feature", "properties": { "height": 3.626713752746582, "confidence": -1.0},"geometry": {"type": "Polygon","coordinates": [[[-107.314856, 47.326653], [-107.314856, 47.326505], [-107.314321, 47.326505], [-107.314321, 47.326653], [-107.314856, 47.326653]]]}}
{"type": "Feature", "properties": { "height": -1.0, "confidence": -1.0},"geometry": {"type": "Polygon","coordinates": [[[-107.31981471024761, 47.42725427159726], [-107.31986023635937, 47.42725305151283], [-107.31985758421821, 47.42720775798224], [-107.31976653199469, 47.42721019815317], [-107.31977051069305, 47.42727814674123], [-107.31981603667876, 47.427276924505115], [-107.31981471024761, 47.42725427159726]]]}}
{"type": "Feature", "properties": { "height": -1.0, "confidence": -1.0},"geometry": {"type": "Polygon","coordinates": [[[-107.519263, 47.18385], [-107.519326, 47.183844], [-107.519317, 47.183796], [-107.519254, 47.183801], [-107.519263, 47.18385]]]}}
{"type": "Feature", "properties": { "height": -1.0, "confidence": -1.0},"geometry": {"type": "Polygon","coordinates": [[[-106.892249, 47.33247], [-106.892142, 47.33247], [-106.892142, 47.332582], [-106.892249, 47.332582], [-106.892249, 47.33247]]]}}
{"type": "Feature", "properties": { "height": -1.0, "confidence": -1.0},"geometry": {"type": "Polygon","coordinates": [[[-106.90538715504601, 47.321327861411234], [-106.9053889009257, 47.321456944881184], [-106.90534867117228, 47.32145719491738], [-106.90534918755922, 47.32149537447462], [-106.9053867353291, 47.32149514110769], [-106.90538735007547, 47.32154059292578], [-106.90545439966454, 47.321540176199456], [-106.9054515226515, 47.32132746135238], [-106.90538715504601, 47.321327861411234]]]}}
{"type": "Feature", "properties": { "height": 3.851184606552124, "confidence": -1.0},"geometry": {"type": "Polygon","coordinates": [[[-106.90703887476026, 47.30478066425871], [-106.90686158506196, 47.304859444887924], [-106.90693857477012, 47.30493912082678], [-106.90711587591036, 47.30486034364653], [-106.90703887476026, 47.30478066425871]]]}}
{"type": "Feature", "properties": { "height": -1.0, "confidence": -1.0},"geometry": {"type": "Polygon","coordinates": [[[-106.9104427324951, 47.31727052575668], [-106.91053390991475, 47.31726966484425], [-106.9105314448181, 47.31714967544805], [-106.91044026739844, 47.317150536362455], [-106.9104427324951, 47.31727052575668]]]}}
{"type": "Feature", "properties": { "height": 16.001235961914062, "confidence": -1.0},"geometry": {"type": "Polygon","coordinates": [[[-106.91603576914727, 47.31243294901715], [-106.91604026004916, 47.31252013243968], [-106.9161661702983, 47.31251715104623], [-106.91616167939642, 47.31242996761878], [-106.91603576914727, 47.31243294901715]]]}}
{"type": "Feature", "properties": { "height": 6.245223045349121, "confidence": -1.0},"geometry": {"type": "Polygon","coordinates": [[[-107.138532, 47.47053], [-107.13861, 47.470558], [-107.138658, 47.470497], [-107.13858, 47.470469], [-107.138532, 47.47053]]]}}
{"type": "Feature", "properties": { "height": -1.0, "confidence": -1.0},"geometry": {"type": "Polygon","coordinates": [[[-107.266785, 47.370291], [-107.266696, 47.370291], [-107.266696, 47.370489], [-107.266785, 47.370489], [-107.266785, 47.370291]]]}}
{"type": "Feature", "properties": { "height": 7.041983604431152, "confidence": -1.0},"geometry": {"type": "Polygon","coordinates": [[[-107.39065, 47.413051], [-107.390607, 47.413121], [-107.390538, 47.413102], [-107.390539, 47.413167], [-107.390582, 47.413167], [-107.390582, 47.413222], [-107.391006, 47.41322], [-107.390976, 47.413184], [-107.390955, 47.413184], [-107.390954, 47.413137], [-107.391362, 47.413136], [-107.391352, 47.411962], [-107.391068, 47.412071], [-107.391232, 47.412116], [-107.391232, 47.412201], [-107.389919, 47.412207], [-107.389896, 47.412216], [-107.389799, 47.412374], [-107.38973, 47.4124], [-107.389733, 47.412671], [-107.389882, 47.412713], [-107.389883, 47.412766], [-107.389717, 47.41283], [-107.389718, 47.412915], [-107.389782, 47.412992], [-107.389946, 47.412929], [-107.390148, 47.412985], [-107.390221, 47.413072], [-107.390372, 47.413014], [-107.390509, 47.413052], [-107.39065, 47.413051]]]}}
{"type": "Feature", "properties": { "height": 3.4493000507354736, "confidence": -1.0},"geometry": {"type": "Polygon","coordinates": [[[-106.90437516837588, 47.320558365330704], [-106.90450641738335, 47.32056165325283], [-106.90451067367015, 47.32048357470554], [-106.90437942466268, 47.32048028677857], [-106.90437516837588, 47.320558365330704]]]}}
{"type": "Feature", "properties": { "height": -1.0, "confidence": -1.0},"geometry": {"type": "Polygon","coordinates": [[[-106.90763384192084, 47.32638829376934], [-106.90762890076634, 47.32648635441545], [-106.90775213862008, 47.32648920744841], [-106.9077570797746, 47.326391146807595], [-106.90763384192084, 47.32638829376934]]]}}
{"type": "Feature", "properties": { "height": 4.1892008781433105, "confidence": -1.0},"geometry": {"type": "Polygon","coordinates": [[[-106.90921699652829, 47.32274006174167], [-106.90959245295164, 47.32274308992454], [-106.90959388039633, 47.32266128312159], [-106.90952524037681, 47.32266072951581], [-106.9095257190068, 47.322633460575766], [-106.90943612814706, 47.32263273799373], [-106.90943553798408, 47.322666560247065], [-106.90921830944504, 47.32266481852904], [-106.90921699652829, 47.32274006174167]]]}}
{"type": "Feature", "properties": { "height": 3.2095553874969482, "confidence": -1.0},"geometry": {"type": "Polygon","coordinates": [[[-106.91375257235728, 47.31227829174463], [-106.91375139671786, 47.312225565950556], [-106.91368703834195, 47.31222622255467], [-106.91368519355773, 47.31214348644077], [-106.91355915853822, 47.31214477827185], [-106.91356037471564, 47.31219932222153], [-106.91350942438862, 47.312199844450554], [-106.91351195815488, 47.31231348033459], [-106.9136943068866, 47.31231161995928], [-106.91369357717937, 47.312278893631145], [-106.91375257235728, 47.31227829174463]]]}}
{"type": "Feature", "properties": { "height": -1.0, "confidence": -1.0},"geometry": {"type": "Polygon","coordinates": [[[-106.91656, 47.452982], [-106.916616, 47.452996], [-106.91664, 47.452953], [-106.916584, 47.452939], [-106.91656, 47.452982]]]}}
{"type": "Feature", "properties": { "height": 5.31307315826416, "confidence": -1.0},"geometry": {"type": "Polygon","coordinates": [[[-106.965933, 47.251839], [-106.965998, 47.251857], [-106.966031, 47.2518], [-106.965966, 47.251783], [-106.965933, 47.251839]]]}}
{"type": "Feature", "properties": { "height": -1.0, "confidence": -1.0},"geometry": {"type": "Polygon","coordinates": [[[-107.01137379052402, 47.3293381798455], [-107.01124244799561, 47.32933590570313], [-107.01123779170982, 47.32945944597718], [-107.01136913423825, 47.32946172011423], [-107.01137379052402, 47.3293381798455]]]}}
{"type": "Feature", "properties": { "height": 4.380360126495361, "confidence": -1.0},"geometry": {"type": "Polygon","coordinates": [[[-107.13905084468944, 47.37728995943665], [-107.13866225686316, 47.37725809837777], [-107.13865201458664, 47.37731538036585], [-107.13871281404245, 47.37732036542534], [-107.138695850272, 47.37741523857221], [-107.13902363864246, 47.37744211448866], [-107.13905084468944, 47.37728995943665]]]}}
{"type": "Feature", "properties": { "height": -1.0, "confidence": -1.0},"geometry": {"type": "Polygon","coordinates": [[[-107.242692, 47.411617], [-107.242735, 47.411658], [-107.242797, 47.411628], [-107.242754, 47.411587], [-107.242692, 47.411617]]]}}
{"type": "Feature", "properties": { "height": -1.0, "confidence": -1.0},"geometry": {"type": "Polygon","coordinates": [[[-107.31673717591076, 47.45992484684678], [-107.31673512803039, 47.45996832579874], [-107.3170096164308, 47.45997422268347], [-107.31701165981487, 47.45993074363979], [-107.31673717591076, 47.45992484684678]]]}}
{"type": "Feature", "properties": { "height": -1.0, "confidence": -1.0},"geometry": {"type": "Polygon","coordinates": [[[-107.374874, 47.406645], [-107.374876, 47.406669], [-107.374836, 47.40667], [-107.37484, 47.406724], [-107.375094, 47.406716], [-107.37509, 47.406663], [-107.374991, 47.406667], [-107.374989, 47.406641], [-107.374874, 47.406645]]]}}
{"type": "Feature", "properties": { "height": -1.0, "confidence": -1.0},"geometry": {"type": "Polygon","coordinates": [[[-107.523, 47.422194], [-107.52315, 47.422229], [-107.523182, 47.422165], [-107.523032, 47.422131], [-107.523, 47.422194]]]}}
{"type": "Feature", "properties": { "height": 3.412797212600708, "confidence": -1.0},"geometry": {"type": "Polygon","coordinates": [[[-107.52344816391391, 47.42060702351695], [-107.52356795966351, 47.420639875573926], [-107.52365479632887, 47.42049491145799], [-107.52353500057929, 47.42046205931055], [-107.52344816391391, 47.42060702351695]]]}}
{"type": "Feature", "properties": { "height": -1.0, "confidence": -1.0},"geometry": {"type": "Polygon","coordinates": [[[-107.53205, 47.402153], [-107.531983, 47.402153], [-107.531983, 47.402213], [-107.53205, 47.402213], [-107.53205, 47.402153]]]}}
{"type": "Feature", "properties": { "height": -1.0, "confidence": -1.0},"geometry": {"type": "Polygon","coordinates": [[[-106.892702, 47.333778], [-106.892706, 47.33392], [-106.893071, 47.333915], [-106.893067, 47.333773], [-106.892702, 47.333778]]]}}
{"type": "Feature", "properties": { "height": -1.0, "confidence": -1.0},"geometry": {"type": "Polygon","coordinates": [[[-106.905735, 47.330394], [-106.905861, 47.330394], [-106.905861, 47.330266], [-106.905735, 47.330266], [-106.905735, 47.330394]]]}}
{"type": "Feature", "properties": { "height": 4.166846752166748, "confidence": -1.0},"geometry": {"type": "Polygon","coordinates": [[[-106.91715858687924, 47.30860831247689], [-106.91764939592915, 47.30860549417351], [-106.9176479195811, 47.30848728897542], [-106.91715711053118, 47.308490107285095], [-106.91715858687924, 47.30860831247689]]]}}
{"type": "Feature", "properties": { "height": -1.0, "confidence": -1.0},"geometry": {"type": "Polygon","coordinates": [[[-107.136562, 47.237353], [-107.136516, 47.237344], [-107.136455, 47.2375], [-107.136501, 47.237509], [-107.136562, 47.237353]]]}}
{"type": "Feature", "properties": { "height": -1.0, "confidence": -1.0},"geometry": {"type": "Polygon","coordinates": [[[-107.26097637883261, 47.28366909703571], [-107.26124839881241, 47.28369855621156], [-107.26125983584863, 47.28364993608166], [-107.2613043011373, 47.28365474946805], [-107.26131139666207, 47.28362458557281], [-107.2613192434777, 47.28362543499438], [-107.26132926068918, 47.28358285064311], [-107.26111739666673, 47.283559916237586], [-107.26111572713148, 47.28356701363492], [-107.26100325610723, 47.283554838577736], [-107.26097637883261, 47.28366909703571]]]}}
{"type": "Feature", "properties": { "height": -1.0, "confidence": -1.0},"geometry": {"type": "Polygon","coordinates": [[[-107.293794, 47.119039], [-107.293993, 47.11902], [-107.294, 47.119054], [-107.294074, 47.119047], [-107.294057, 47.118967], [-107.293785, 47.118994], [-107.293794, 47.119039]]]}}
{"type": "Feature", "properties": { "height": -1.0, "confidence": -1.0},"geometry": {"type": "Polygon","coordinates": [[[-107.32031405498614, 47.43451423497086], [-107.32031761856479, 47.434489963286445], [-107.32026981001988, 47.4344867538044], [-107.32026624677027, 47.434511023249016], [-107.32031405498614, 47.43451423497086]]]}}
{"type": "Feature", "properties": { "height": -1.0, "confidence": -1.0},"geometry": {"type": "Polygon","coordinates": [[[-107.323276, 47.434963], [-107.323349, 47.434983], [-107.323378, 47.434936], [-107.323305, 47.434916], [-107.323276, 47.434963]]]}}
{"type": "Feature", "properties": { "height": -1.0, "confidence": -1.0},"geometry": {"type": "Polygon","coordinates": [[[-107.52311560280614, 47.420486680706084], [-107.52310999018577, 47.420514549052925], [-107.52322585478517, 47.42052523734132], [-107.52326089308694, 47.42035126143744], [-107.52312493216908, 47.420338725698784], [-107.52312134199424, 47.42035654289643], [-107.52294754509515, 47.42034051864185], [-107.52292169583633, 47.42046880232598], [-107.52311560280614, 47.420486680706084]]]}}
{"type": "Feature", "properties": { "height": -1.0, "confidence": -1.0},"geometry": {"type": "Polygon","coordinates": [[[-107.539502, 47.477816], [-107.539285, 47.477818], [-107.539289, 47.477997], [-107.539506, 47.477995], [-107.539502, 47.477816]]]}}
{"type": "Feature", "properties": { "height": -1.0, "confidence": -1.0},"geometry": {"type": "Polygon","coordinates": [[[-107.568791, 47.455427], [-107.568842, 47.455427], [-107.568842, 47.455389], [-107.568791, 47.455389], [-107.568791, 47.455427]]]}}
{"type": "Feature", "properties": { "height": -1.0, "confidence": -1.0},"geometry": {"type": "Polygon","coordinates": [[[-106.9052132588077, 47.30208397832964], [-106.90491750339208, 47.30202140108663], [-106.90488285166029, 47.302096714332706], [-106.90498551260784, 47.30211843089645], [-106.9049977149889, 47.302091909851825], [-106.90497907966869, 47.30208796779533], [-106.9049725486044, 47.3021021658066], [-106.90496765998785, 47.30210113145238], [-106.90499129679783, 47.3020497468995], [-106.90504171071717, 47.30206041369975], [-106.90501959434162, 47.30210848215541], [-106.90504648119759, 47.30211417098937], [-106.90503699944342, 47.30213477892911], [-106.90517632501509, 47.3021642513851], [-106.9052132588077, 47.30208397832964]]]}}
{"type": "Feature", "properties": { "height": -1.0, "confidence": -1.0},"geometry": {"type": "Polygon","coordinates": [[[-106.907425, 47.317896], [-106.907026, 47.317896], [-106.907026, 47.317989], [-106.907425, 47.317989], [-106.907425, 47.317896]]]}}
{"type": "Feature", "properties": { "height": -1.0, "confidence": -1.0},"geometry": {"type": "Polygon","coordinates": [[[-106.9089441459197, 47.31616585297622], [-106.90894200838339, 47.316203984493725], [-106.90895540008685, 47.31620432952862], [-106.90895454683927, 47.31621955060733], [-106.90901347017801, 47.31622107155226], [-106.90901646111841, 47.31616771616601], [-106.9089441459197, 47.31616585297622]]]}}
{"type": "Feature", "properties": { "height": -1.0, "confidence": -1.0},"geometry": {"type": "Polygon","coordinates": [[[-106.912192, 47.3245], [-106.912192, 47.324618], [-106.912385, 47.324618], [-106.912385, 47.324574], [-106.912449, 47.324574], [-106.912449, 47.3245], [-106.912192, 47.3245]]]}}
{"type": "Feature", "properties": { "height": -1.0, "confidence": -1.0},"geometry": {"type": "Polygon","coordinates": [[[-106.94152925347096, 47.06124202726542], [-106.94146160571077, 47.06131541446162], [-106.94181365110033, 47.0614659891112], [-106.94188129886052, 47.06139260212226], [-106.94152925347096, 47.06124202726542]]]}}
{"type": "Feature", "properties": { "height": 3.5899741649627686, "confidence": -1.0},"geometry": {"type": "Polygon","coordinates": [[[-107.24654993101353, 47.420186908718655], [-107.2467452119871, 47.42018008395658], [-107.24673839501921, 47.42009066321565], [-107.24654311334251, 47.42009747876619], [-107.24654993101353, 47.420186908718655]]]}}
{"type": "Feature", "properties": { "height": -1.0, "confidence": -1.0},"geometry": {"type": "Polygon","coordinates": [[[-107.32488, 47.267229], [-107.324937, 47.267213], [-107.324914, 47.267176], [-107.324857, 47.267193], [-107.32488, 47.267229]]]}}
{"type": "Feature", "properties": { "height": -1.0, "confidence": -1.0},"geometry": {"type": "Polygon","coordinates": [[[-107.380929, 47.38385], [-107.381047, 47.38385], [-107.381047, 47.383795], [-107.380929, 47.383795], [-107.380929, 47.38385]]]}}
{"type": "Feature", "properties": { "height": -1.0, "confidence": -1.0},"geometry": {"type": "Polygon","coordinates": [[[-107.40397241798756, 47.385866526657956], [-107.40397364167276, 47.38596276789926], [-107.40409969607882, 47.3859620272151], [-107.40409847239363, 47.385865785972435], [-107.40397241798756, 47.385866526657956]]]}}
{"type": "Feature", "properties": { "height": -1.0, "confidence": -1.0},"geometry": {"type": "Polygon","coordinates": [[[-107.423802, 47.208385], [-107.423723, 47.208392], [-107.423735, 47.208449], [-107.423814, 47.208442], [-107.423802, 47.208385]]]}}
{"type": "Feature", "properties": { "height": -1.0, "confidence": -1.0},"geometry": {"type": "Polygon","coordinates": [[[-107.55872791709761, 47.13524435184197], [-107.55870854588426, 47.13528779491957], [-107.55878223227175, 47.13530299989479], [-107.55880160348511, 47.13525955682962], [-107.55872791709761, 47.13524435184197]]]}}
{"type": "Feature", "properties": { "height": 3.909888505935669, "confidence": -1.0},"geometry": {"type": "Polygon","coordinates": [[[-106.90642339655406, 47.322700054340615], [-106.90620092239597, 47.3226961490326], [-106.90619786828763, 47.32277609550046], [-106.90642034244573, 47.32278000080256], [-106.90642339655406, 47.322700054340615]]]}}
{"type": "Feature", "properties": { "height": 3.2044198513031006, "confidence": -1.0},"geometry": {"type": "Polygon","coordinates": [[[-106.9094569610306, 47.320960074702576], [-106.90932822168813, 47.32096070382736], [-106.90932947085162, 47.32107816997687], [-106.9094582101291, 47.32107753474582], [-106.9094569610306, 47.320960074702576]]]}}
{"type": "Feature", "properties": { "height": -1.0, "confidence": -1.0},"geometry": {"type": "Polygon","coordinates": [[[-106.910644, 47.321425], [-106.910432, 47.321425], [-106.910432, 47.321523], [-106.910644, 47.321523], [-106.910644, 47.321425]]]}}
{"type": "Feature", "properties": { "height": 2.933664321899414, "confidence": -1.0},"geometry": {"type": "Polygon","coordinates": [[[-106.91562107314202, 47.31932743884188], [-106.9157846053508, 47.31932494820709], [-106.91578249732896, 47.319261339738645], [-106.9156189651202, 47.31926383037643], [-106.91562107314202, 47.31932743884188]]]}}
{"type": "Feature", "properties": { "height": -1.0, "confidence": -1.0},"geometry": {"type": "Polygon","coordinates": [[[-106.995383, 47.38432], [-106.995484, 47.384328], [-106.995495, 47.384257], [-106.995394, 47.38425], [-106.995383, 47.38432]]]}}
{"type": "Feature", "properties": { "height": 3.294694423675537, "confidence": -1.0},"geometry": {"type": "Polygon","coordinates": [[[-107.12289792863511, 47.45884134000071], [-107.12285173881835, 47.45871965674036], [-107.12277274141519, 47.45873336482559], [-107.12277403277497, 47.45873676773725], [-107.12273125234366, 47.45874419124258], [-107.12274385239266, 47.45877739409879], [-107.12257776086102, 47.458806207364375], [-107.12261004539916, 47.45889128140531], [-107.12289792863511, 47.45884134000071]]]}}
{"type": "Feature", "properties": { "height": 8.270125389099121, "confidence": -1.0},"geometry": {"type": "Polygon","coordinates": [[[-107.138489, 47.470482], [-107.138433, 47.470474], [-107.138418, 47.47052], [-107.138475, 47.470528], [-107.138489, 47.470482]]]}}
{"type": "Feature", "properties": { "height": -1.0, "confidence": -1.0},"geometry": {"type": "Polygon","coordinates": [[[-107.149842, 47.247486], [-107.149892, 47.247483], [-107.149886, 47.247447], [-107.149836, 47.24745], [-107.149842, 47.247486]]]}}
{"type": "Feature", "properties": { "height": 5.132546424865723, "confidence": -1.0},"geometry": {"type": "Polygon","coordinates": [[[-107.44409962178639, 47.43997832201731], [-107.44361047338805, 47.43997042609387], [-107.44360683735037, 47.44007377356593], [-107.44409597506059, 47.44008166930131], [-107.44409962178639, 47.43997832201731]]]}}
{"type": "Feature", "properties": { "height": -1.0, "confidence": -1.0},"geometry": {"type": "Polygon","coordinates": [[[-107.46181768914597, 47.49963488425823], [-107.46181402466576, 47.49974717893591], [-107.46193880081432, 47.499749037408314], [-107.46194245366691, 47.49963674256142], [-107.46181768914597, 47.49963488425823]]]}}
{"type": "Feature", "properties": { "height": 4.683562278747559, "confidence": -1.0},"geometry": {"type": "Polygon","coordinates": [[[-106.90237308197645, 47.30277470920306], [-106.90248347924847, 47.30293301046603], [-106.90258739492411, 47.302899685359606], [-106.90247698148966, 47.30274138424886], [-106.90237308197645, 47.30277470920306]]]}}
{"type": "Feature", "properties": { "height": 3.6085426807403564, "confidence": -1.0},"geometry": {"type": "Polygon","coordinates": [[[-106.90384098728076, 47.30540029233745], [-106.90385796069376, 47.30547490564952], [-106.903988954193, 47.30546120387138], [-106.90397198078003, 47.30538659053999], [-106.90384098728076, 47.30540029233745]]]}}
{"type": "Feature", "properties": { "height": 3.0135653018951416, "confidence": -1.0},"geometry": {"type": "Polygon","coordinates": [[[-106.91391160108203, 47.31893299937805], [-106.9137387516591, 47.31893169540081], [-106.91373725004946, 47.319022599722345], [-106.91391010885629, 47.319023903768134], [-106.91391160108203, 47.31893299937805]]]}}
{"type": "Feature", "properties": { "height": -1.0, "confidence": -1.0},"geometry": {"type": "Polygon","coordinates": [[[-106.91482821690316, 47.32071809118916], [-106.91493804726548, 47.3207154284195], [-106.91493350913117, 47.32062924163099], [-106.91482367849483, 47.32063189920071], [-106.91482821690316, 47.32071809118916]]]}}
{"type": "Feature", "properties": { "height": 3.9579052925109863, "confidence": -1.0},"geometry": {"type": "Polygon","coordinates": [[[-106.91537370825509, 47.32150016279506], [-106.91538675532655, 47.32164508091367], [-106.91561122480468, 47.321635794319405], [-106.91560861539037, 47.32160681072238], [-106.91564602697007, 47.32160526295565], [-106.91564276520221, 47.321569033435956], [-106.91560922175032, 47.32157042117406], [-106.91560482339472, 47.32152151107621], [-106.91555819414481, 47.32152344019324], [-106.91555542164214, 47.32149264505541], [-106.91537370825509, 47.32150016279506]]]}}
{"type": "Feature", "properties": { "height": -1.0, "confidence": -1.0},"geometry": {"type": "Polygon","coordinates": [[[-107.00963823566715, 47.3288205519665], [-107.0096377994099, 47.328871453502245], [-107.01023322971822, 47.32887379790518], [-107.01023366597548, 47.32882289637171], [-107.00963823566715, 47.3288205519665]]]}}
{"type": "Feature", "properties": { "height": 3.7368388175964355, "confidence": -1.0},"geometry": {"type": "Polygon","coordinates": [[[-107.09391290417568, 47.278802244881994], [-107.09350666649716, 47.278818756455955], [-107.09351419202203, 47.27890397615648], [-107.09392042970056, 47.27888746460911], [-107.09391290417568, 47.278802244881994]]]}}
{"type": "Feature", "properties": { "height": -1.0, "confidence": -1.0},"geometry": {"type": "Polygon","coordinates": [[[-107.12330149273329, 47.51030088865347], [-107.12329807463514, 47.51034787988035], [-107.123351589632, 47.510349655863756], [-107.12335500773011, 47.51030266463845], [-107.12330149273329, 47.51030088865347]]]}}
{"type": "Feature", "properties": { "height": 4.001471519470215, "confidence": -1.0},"geometry": {"type": "Polygon","coordinates": [[[-107.39659882055008, 47.05011662606053], [-107.3964300095763, 47.05012025668528], [-107.39643774769144, 47.05028729072359], [-107.39660655903778, 47.050283668152346], [-107.39659882055008, 47.05011662606053]]]}}
{"type": "Feature", "properties": { "height": 4.774234294891357, "confidence": -1.0},"geometry": {"type": "Polygon","coordinates": [[[-107.54687686335009, 47.476862003261274], [-107.54671213034442, 47.476777258382604], [-107.54661208055893, 47.4768660952842], [-107.54677680800803, 47.47695084495342], [-107.54687686335009, 47.476862003261274]]]}}
{"type": "Feature", "properties": { "height": 4.6946306228637695, "confidence": -1.0},"geometry": {"type": "Polygon","coordinates": [[[-106.90629442225996, 47.32306655100039], [-106.90629271836052, 47.323159263314885], [-106.90647075265106, 47.32316076678175], [-106.90647246612147, 47.32306805455071], [-106.90629442225996, 47.32306655100039]]]}}
{"type": "Feature", "properties": { "height": 2.5206680297851562, "confidence": -1.0},"geometry": {"type": "Polygon","coordinates": [[[-106.91238845447907, 47.32179912353792], [-106.91238643845736, 47.32185459589074], [-106.91232327487243, 47.32185354104156], [-106.91232112446659, 47.32191254339105], [-106.91239501634055, 47.321913780909945], [-106.91239541257374, 47.32190287827324], [-106.9124903979126, 47.32190446905942], [-106.91249417281503, 47.3218008940806], [-106.91238845447907, 47.32179912353792]]]}}
{"type": "Feature", "properties": { "height": -1.0, "confidence": -1.0},"geometry": {"type": "Polygon","coordinates": [[[-106.920954, 47.40168], [-106.920942, 47.401656], [-106.920863, 47.401675], [-106.920874, 47.401698], [-106.920954, 47.40168]]]}}
{"type": "Feature", "properties": { "height": 3.856292963027954, "confidence": -1.0},"geometry": {"type": "Polygon","coordinates": [[[-106.92493032323706, 47.32694416903548], [-106.92492513642263, 47.32661150404319], [-106.92468108266043, 47.326613252296134], [-106.92468626947488, 47.32694591727743], [-106.92493032323706, 47.32694416903548]]]}}
{"type": "Feature", "properties": { "height": 3.5801920890808105, "confidence": -1.0},"geometry": {"type": "Polygon","coordinates": [[[-107.3098525248014, 47.17134093819771], [-107.3094652436409, 47.1713478481108], [-107.30946961685616, 47.1714608199894], [-107.30985688639376, 47.17145391029838], [-107.3098525248014, 47.17134093819771]]]}}
{"type": "Feature", "properties": { "height": -1.0, "confidence": -1.0},"geometry": {"type": "Polygon","coordinates": [[[-107.323289, 47.434851], [-107.323305, 47.434902], [-107.323377, 47.434891], [-107.323361, 47.434841], [-107.323289, 47.434851]]]}}
{"type": "Feature", "properties": { "height": -1.0, "confidence": -1.0},"geometry": {"type": "Polygon","coordinates": [[[-107.396418, 47.411304], [-107.396429, 47.411339], [-107.396503, 47.411328], [-107.396492, 47.411293], [-107.396418, 47.411304]]]}}
{"type": "Feature", "properties": { "height": -1.0, "confidence": -1.0},"geometry": {"type": "Polygon","coordinates": [[[-107.462747, 47.499404], [-107.462852, 47.499404], [-107.462852, 47.49932], [-107.462747, 47.49932], [-107.462747, 47.499404]]]}}
{"type": "Feature", "properties": { "height": 4.840432167053223, "confidence": -1.0},"geometry": {"type": "Polygon","coordinates": [[[-107.49363275369473, 47.09581793668239], [-107.49358631034625, 47.095898678351126], [-107.49353049727252, 47.09588379691713], [-107.49350682027132, 47.09592495930086], [-107.49354755023475, 47.09593581911876], [-107.49351061034933, 47.096000027427635], [-107.49363267714155, 47.09603256819115], [-107.49369874932756, 47.09591770207957], [-107.49368134270114, 47.09591306095469], [-107.49372232847648, 47.09584182002457], [-107.49363275369473, 47.09581793668239]]]}}
{"type": "Feature", "properties": { "height": -1.0, "confidence": -1.0},"geometry": {"type": "Polygon","coordinates": [[[-106.90605288033527, 47.317772829644724], [-106.90605113987714, 47.31766118331335], [-106.9060017872704, 47.31766153456368], [-106.90600351623986, 47.31777318331829], [-106.90605288033527, 47.317772829644724]]]}}
{"type": "Feature", "properties": { "height": -1.0, "confidence": -1.0},"geometry": {"type": "Polygon","coordinates": [[[-106.90895537505125, 47.322364453789255], [-106.90903582065694, 47.322365327795524], [-106.9090376687063, 47.32228716537124], [-106.90895722310061, 47.32228629136368], [-106.90895537505125, 47.322364453789255]]]}}
{"type": "Feature", "properties": { "height": 3.4570493698120117, "confidence": -1.0},"geometry": {"type": "Polygon","coordinates": [[[-106.91097590287785, 47.3224778864217], [-106.9111742886918, 47.32248087005653], [-106.91117836656096, 47.322356277182806], [-106.91108565435948, 47.32235487843047], [-106.911084964505, 47.32237588958855], [-106.91097929320472, 47.322374300335824], [-106.91097590287785, 47.3224778864217]]]}}
{"type": "Feature", "properties": { "height": 3.8137714862823486, "confidence": -1.0},"geometry": {"type": "Polygon","coordinates": [[[-106.9149627667326, 47.323197561291515], [-106.91495869083333, 47.32310127759572], [-106.91468265060364, 47.32310664700979], [-106.91468672650288, 47.323202930695814], [-106.9149627667326, 47.323197561291515]]]}}
{"type": "Feature", "properties": { "height": 4.681467533111572, "confidence": -1.0},"geometry": {"type": "Polygon","coordinates": [[[-106.92377069856934, 47.326740719607876], [-106.92422778278538, 47.326732436365255], [-106.92422348321098, 47.3266234314043], [-106.92376638774758, 47.32663171486782], [-106.92377069856934, 47.326740719607876]]]}}
{"type": "Feature", "properties": { "height": 15.6929931640625, "confidence": -1.0},"geometry": {"type": "Polygon","coordinates": [[[-107.036762, 47.371212], [-107.036784, 47.371157], [-107.036719, 47.371145], [-107.036697, 47.3712], [-107.036762, 47.371212]]]}}
{"type": "Feature", "properties": { "height": 3.477306604385376, "confidence": -1.0},"geometry": {"type": "Polygon","coordinates": [[[-107.19459500913845, 47.4646934250771], [-107.19460083862518, 47.464785734654406], [-107.194728348581, 47.46478205440745], [-107.19472761744395, 47.4647704958521], [-107.19489729169875, 47.4647655906114], [-107.19489219266072, 47.464684847623545], [-107.19459500913845, 47.4646934250771]]]}}
{"type": "Feature", "properties": { "height": -1.0, "confidence": -1.0},"geometry": {"type": "Polygon","coordinates": [[[-107.366037, 47.248904], [-107.36622, 47.248904], [-107.36622, 47.24885], [-107.366037, 47.24885], [-107.366037, 47.248904]]]}}
{"type": "Feature", "properties": { "height": -1.0, "confidence": -1.0},"geometry": {"type": "Polygon","coordinates": [[[-107.57111005633037, 47.455499238034534], [-107.57098539408484, 47.45550817576531], [-107.57099242510411, 47.45555301188353], [-107.57111708734963, 47.45554407416039], [-107.57111005633037, 47.455499238034534]]]}}
{"type": "Feature", "properties": { "height": 2.6288974285125732, "confidence": -1.0},"geometry": {"type": "Polygon","coordinates": [[[-106.90703419891845, 47.324623067846325], [-106.9070337317112, 47.324588526483645], [-106.90697204608927, 47.324588909849744], [-106.90697248870667, 47.32462163324628], [-106.90691348506832, 47.32462199994404], [-106.90691427194366, 47.32468017482079], [-106.90709932880942, 47.32467902472451], [-106.9070999927355, 47.32472810972798], [-106.90722068199581, 47.32472735966586], [-106.90721996889002, 47.32467463873362], [-106.9071931490544, 47.32467480541427], [-106.9071924359486, 47.32462208442959], [-106.90703419891845, 47.324623067846325]]]}}
{"type": "Feature", "properties": { "height": 4.285325527191162, "confidence": -1.0},"geometry": {"type": "Polygon","coordinates": [[[-106.90804734376545, 47.320371735886084], [-106.90796158130527, 47.320370096069], [-106.90796022063354, 47.32040279881323], [-106.90792001948033, 47.32040203014942], [-106.90791669339386, 47.320481970106805], [-106.90804265700726, 47.320484378583004], [-106.90804734376545, 47.320371735886084]]]}}
{"type": "Feature", "properties": { "height": -1.0, "confidence": -1.0},"geometry": {"type": "Polygon","coordinates": [[[-107.122058, 47.458666], [-107.121954, 47.458666], [-107.121954, 47.458713], [-107.122058, 47.458713], [-107.122058, 47.458666]]]}}
{"type": "Feature", "properties": { "height": 3.7238352298736572, "confidence": -1.0},"geometry": {"type": "Polygon","coordinates": [[[-107.17828138054941, 47.414552483159326], [-107.17802533052432, 47.41458583156272], [-107.17804847441539, 47.41466717185451], [-107.17830452111339, 47.41463381180944], [-107.17828138054941, 47.414552483159326]]]}}
{"type": "Feature", "properties": { "height": 4.185254096984863, "confidence": -1.0},"geometry": {"type": "Polygon","coordinates": [[[-107.196833, 47.171528], [-107.196674, 47.171516], [-107.196667, 47.171562], [-107.19657, 47.171554], [-107.196534, 47.17178], [-107.19679, 47.171799], [-107.196833, 47.171528]]]}}
{"type": "Feature", "properties": { "height": 5.027285575866699, "confidence": -1.0},"geometry": {"type": "Polygon","coordinates": [[[-107.311883, 47.464348], [-107.311664, 47.46435], [-107.311668, 47.464476], [-107.311886, 47.464473], [-107.311883, 47.464348]]]}}
{"type": "Feature", "properties": { "height": -1.0, "confidence": -1.0},"geometry": {"type": "Polygon","coordinates": [[[-107.391827, 47.411489], [-107.391752, 47.411412], [-107.391752, 47.411409], [-107.391696, 47.411353], [-107.391645, 47.411353], [-107.391594, 47.4113], [-107.391441, 47.4113], [-107.391441, 47.411334], [-107.39139, 47.411357], [-107.39136, 47.411326], [-107.39136, 47.411492], [-107.391384, 47.411481], [-107.391416, 47.411514], [-107.391439, 47.411514], [-107.391493, 47.411569], [-107.391613, 47.411569], [-107.39164, 47.411596], [-107.39168, 47.411596], [-107.391696, 47.411612], [-107.391724, 47.4116], [-107.391736, 47.411611], [-107.391736, 47.41153], [-107.391827, 47.411489]]]}}
{"type": "Feature", "properties": { "height": -1.0, "confidence": -1.0},"geometry": {"type": "Polygon","coordinates": [[[-107.4012003333978, 47.2176855346928], [-107.40159167489881, 47.21767867004921], [-107.40158952894846, 47.21762223197756], [-107.40119818744746, 47.21762909662846], [-107.4012003333978, 47.2176855346928]]]}}
{"type": "Feature", "properties": { "height": -1.0, "confidence": -1.0},"geometry": {"type": "Polygon","coordinates": [[[-107.44896316686336, 47.48728441128701], [-107.44897685684315, 47.4873323369682], [-107.44904667595307, 47.48732323306189], [-107.44903298506391, 47.48727530418891], [-107.44896316686336, 47.48728441128701]]]}}
{"type": "Feature", "properties": { "height": 4.337384223937988, "confidence": -1.0},"geometry": {"type": "Polygon","coordinates": [[[-106.90279824312951, 47.3211707466393], [-106.90251808737293, 47.32117288663041], [-106.90252023298035, 47.321301964940695], [-106.90280037541184, 47.321299825056585], [-106.90279824312951, 47.3211707466393]]]}}
{"type": "Feature", "properties": { "height": -1.0, "confidence": -1.0},"geometry": {"type": "Polygon","coordinates": [[[-106.90715613471721, 47.32290646941709], [-106.9071588662058, 47.322976642881606], [-106.90724463717973, 47.32297510878255], [-106.90724190553286, 47.322904931249596], [-106.90715613471721, 47.32290646941709]]]}}
{"type": "Feature", "properties": { "height": 4.233377933502197, "confidence": -1.0},"geometry": {"type": "Polygon","coordinates": [[[-106.90769490738728, 47.32044165470411], [-106.90766005692424, 47.32044111401347], [-106.9076587684943, 47.32047927752506], [-106.90783438960142, 47.320482002212486], [-106.9078364080886, 47.32042203087469], [-106.90778947180276, 47.3204213026772], [-106.90779018589556, 47.320400151108096], [-106.90769635757557, 47.320398699850756], [-106.90769490738728, 47.32044165470411]]]}}
{"type": "Feature", "properties": { "height": -1.0, "confidence": -1.0},"geometry": {"type": "Polygon","coordinates": [[[-106.909406, 47.315974], [-106.909335, 47.315982], [-106.909346, 47.316031], [-106.909417, 47.316024], [-106.909406, 47.315974]]]}}
{"type": "Feature", "properties": { "height": -1.0, "confidence": -1.0},"geometry": {"type": "Polygon","coordinates": [[[-106.90970307831795, 47.31743282246062], [-106.90952780172923, 47.31743595778533], [-106.90952980477091, 47.31748755925482], [-106.90970508700664, 47.31748443214894], [-106.90970307831795, 47.31743282246062]]]}}
{"type": "Feature", "properties": { "height": -1.0, "confidence": -1.0},"geometry": {"type": "Polygon","coordinates": [[[-106.93455684671424, 47.32655672685772], [-106.93455425063158, 47.32660210991227], [-106.93472442321809, 47.32660658231853], [-106.93472702397976, 47.32656119939079], [-106.93455684671424, 47.32655672685772]]]}}
{"type": "Feature", "properties": { "height": -1.0, "confidence": -1.0},"geometry": {"type": "Polygon","coordinates": [[[-106.94322545121848, 47.431972810401255], [-106.94349143056137, 47.431997290773765], [-106.94350555639392, 47.43192705882539], [-106.94323957456422, 47.43190259078425], [-106.94322545121848, 47.431972810401255]]]}}
{"type": "Feature", "properties": { "height": 3.8140175342559814, "confidence": -1.0},"geometry": {"type": "Polygon","coordinates": [[[-107.19551697709943, 47.46591765111772], [-107.195385720048, 47.46591444657531], [-107.19537672325409, 47.466082858930505], [-107.19550798030552, 47.46608606346264], [-107.19551697709943, 47.46591765111772]]]}}
{"type": "Feature", "properties": { "height": 3.1220948696136475, "confidence": -1.0},"geometry": {"type": "Polygon","coordinates": [[[-107.297121, 47.371784], [-107.296972, 47.371786], [-107.296975, 47.371886], [-107.297124, 47.371884], [-107.297121, 47.371784]]]}}
{"type": "Feature", "properties": { "height": -1.0, "confidence": -1.0},"geometry": {"type": "Polygon","coordinates": [[[-107.310475, 47.465653], [-107.310298, 47.465653], [-107.310298, 47.465693], [-107.310475, 47.465693], [-107.310475, 47.465653]]]}}
{"type": "Feature", "properties": { "height": -1.0, "confidence": -1.0},"geometry": {"type": "Polygon","coordinates": [[[-107.31080353178795, 47.17019652817868], [-107.31081717609985, 47.17026269459816], [-107.31088293891781, 47.17025642723038], [-107.31086929460594, 47.17019026080309], [-107.31080353178795, 47.17019652817868]]]}}
{"type": "Feature", "properties": { "height": -1.0, "confidence": -1.0},"geometry": {"type": "Polygon","coordinates": [[[-107.32083295583854, 47.434501900380646], [-107.32076060669047, 47.43450037273942], [-107.32075383155328, 47.43464719050377], [-107.32082618070137, 47.43464871814073], [-107.32083295583854, 47.434501900380646]]]}}
{"type": "Feature", "properties": { "height": 4.1302337646484375, "confidence": -1.0},"geometry": {"type": "Polygon","coordinates": [[[-107.38791244252175, 47.05420529608331], [-107.38784470781941, 47.054296167507225], [-107.38809926661122, 47.05438425515093], [-107.3881631605386, 47.05429854838588], [-107.38805571865625, 47.05426136910452], [-107.38807629241283, 47.05423376779233], [-107.38797181311541, 47.054197613642856], [-107.38795508833789, 47.05422005126332], [-107.38791244252175, 47.05420529608331]]]}}
{"type": "Feature", "properties": { "height": 15.811299324035645, "confidence": -1.0},"geometry": {"type": "Polygon","coordinates": [[[-107.406183, 47.041292], [-107.406251, 47.041305], [-107.406275, 47.041245], [-107.406207, 47.041233], [-107.406183, 47.041292]]]}}
{"type": "Feature", "properties": { "height": -1.0, "confidence": -1.0},"geometry": {"type": "Polygon","coordinates": [[[-107.431, 47.471526], [-107.431, 47.471615], [-107.431105, 47.471615], [-107.431105, 47.471526], [-107.431, 47.471526]]]}}
{"type": "Feature", "properties": { "height": 3.439624786376953, "confidence": -1.0},"geometry": {"type": "Polygon","coordinates": [[[-107.44449003121711, 47.474554711544094], [-107.44414580642967, 47.4745379877448], [-107.4441391660947, 47.4746003701236], [-107.44448338915767, 47.474617110103274], [-107.44449003121711, 47.474554711544094]]]}}
{"type": "Feature", "properties": { "height": 4.3926568031311035, "confidence": -1.0},"geometry": {"type": "Polygon","coordinates": [[[-106.90621841647783, 47.32409997346797], [-106.90599802411295, 47.32420134275987], [-106.9060747834627, 47.32427802374421], [-106.9062951829946, 47.324176661759175], [-106.90621841647783, 47.32409997346797]]]}}
{"type": "Feature", "properties": { "height": 3.1334688663482666, "confidence": -1.0},"geometry": {"type": "Polygon","coordinates": [[[-107.09397317629366, 47.27919269010386], [-107.09394928172031, 47.27893097346303], [-107.09383537016595, 47.27893575484614], [-107.09385923833423, 47.27919747798168], [-107.09397317629366, 47.27919269010386]]]}}
{"type": "Feature", "properties": { "height": 3.255789279937744, "confidence": -1.0},"geometry": {"type": "Polygon","coordinates": [[[-107.19408836411782, 47.42344301322397], [-107.19397569595341, 47.42349149892403], [-107.1940910863562, 47.423614239365534], [-107.19420375452059, 47.42356575377851], [-107.19408836411782, 47.42344301322397]]]}}
{"type": "Feature", "properties": { "height": -1.0, "confidence": -1.0},"geometry": {"type": "Polygon","coordinates": [[[-107.1988873220046, 47.464532426767995], [-107.1986459981033, 47.464672187860614], [-107.19868973013513, 47.46470669944778], [-107.19884442494364, 47.46461710910535], [-107.19887755527077, 47.464643254276616], [-107.19891932286907, 47.464619064870014], [-107.19888751775503, 47.4645939654943], [-107.19893237924948, 47.464567984255005], [-107.1988873220046, 47.464532426767995]]]}}
{"type": "Feature", "properties": { "height": 5.853793144226074, "confidence": -1.0},"geometry": {"type": "Polygon","coordinates": [[[-107.25834080219589, 47.277456284776385], [-107.25819922268678, 47.27747397901327], [-107.25822244339416, 47.277559533464036], [-107.25836403320497, 47.277541844691456], [-107.25837454658934, 47.277580565489835], [-107.25851313127443, 47.27756325215367], [-107.25848972370505, 47.27747700923353], [-107.25835113041505, 47.27749432367292], [-107.25834080219589, 47.277456284776385]]]}}
{"type": "Feature", "properties": { "height": -1.0, "confidence": -1.0},"geometry": {"type": "Polygon","coordinates": [[[-107.376617, 47.414691], [-107.376565, 47.414685], [-107.376538, 47.414791], [-107.376705, 47.41481], [-107.376722, 47.414741], [-107.376607, 47.414728], [-107.376617, 47.414691]]]}}
{"type": "Feature", "properties": { "height": -1.0, "confidence": -1.0},"geometry": {"type": "Polygon","coordinates": [[[-107.382123, 47.383686], [-107.382294, 47.383686], [-107.382294, 47.383601], [-107.382123, 47.383601], [-107.382123, 47.383686]]]}}
{"type": "Feature", "properties": { "height": -1.0, "confidence": -1.0},"geometry": {"type": "Polygon","coordinates": [[[-107.422734, 47.422403], [-107.422839, 47.422419], [-107.422857, 47.422362], [-107.422753, 47.422346], [-107.422734, 47.422403]]]}}
{"type": "Feature", "properties": { "height": -1.0, "confidence": -1.0},"geometry": {"type": "Polygon","coordinates": [[[-107.557989, 47.1356], [-107.557837, 47.13558], [-107.557823, 47.13563], [-107.557976, 47.13565], [-107.557989, 47.1356]]]}}
{"type": "Feature", "properties": { "height": 2.7032158374786377, "confidence": -1.0},"geometry": {"type": "Polygon","coordinates": [[[-106.90700443926227, 47.32206341159315], [-106.90712754490151, 47.32206735983584], [-106.9071362156098, 47.321943312203146], [-106.90710142500079, 47.32194219474592], [-106.90710916009738, 47.32183153220951], [-106.90699943586893, 47.321828007913815], [-106.90699525130849, 47.32188787456465], [-106.90697116550223, 47.32188710093962], [-106.90696647372233, 47.32195422407451], [-106.90701196913413, 47.321955685364365], [-106.90700443926227, 47.32206341159315]]]}}
{"type": "Feature", "properties": { "height": 4.571650981903076, "confidence": -1.0},"geometry": {"type": "Polygon","coordinates": [[[-106.91063862425199, 47.32597141767417], [-106.91063715351926, 47.32611244451472], [-106.91079539594392, 47.326113202725985], [-106.91079562345477, 47.326091387002826], [-106.91082512627969, 47.3260915283643], [-106.91082549728428, 47.32605595319245], [-106.9107799020319, 47.32605573256163], [-106.91078011874113, 47.32603495256995], [-106.9108015753411, 47.3260350553784], [-106.9108020872405, 47.325985969916005], [-106.91082890799044, 47.3259860984267], [-106.9108290514824, 47.325972339133784], [-106.91063862425199, 47.32597141767417]]]}}
{"type": "Feature", "properties": { "height": -1.0, "confidence": -1.0},"geometry": {"type": "Polygon","coordinates": [[[-106.91177014999498, 47.31036763994854], [-106.91201681230936, 47.31036425715105], [-106.91201420925876, 47.31027699952776], [-106.91176754694436, 47.310280382330824], [-106.91177014999498, 47.31036763994854]]]}}
{"type": "Feature", "properties": { "height": 3.0837388038635254, "confidence": -1.0},"geometry": {"type": "Polygon","coordinates": [[[-107.41773476152494, 47.48455701952329], [-107.4176392633445, 47.48453708670439], [-107.41757156531246, 47.48468524384566], [-107.41766706537713, 47.4847051724847], [-107.41773476152494, 47.48455701952329]]]}}
{"type": "Feature", "properties": { "height": 3.240211009979248, "confidence": -1.0},"geometry": {"type": "Polygon","coordinates": [[[-106.90511437981957, 47.300241559327034], [-106.90507716451273, 47.30013474708756], [-106.90477844260516, 47.300182613262706], [-106.90480964668636, 47.300272199058256], [-106.90462824527299, 47.300301266128926], [-106.90466185909852, 47.30039774140563], [-106.90487017037034, 47.30036436246143], [-106.90484255901367, 47.30028511487558], [-106.90511437981957, 47.300241559327034]]]}}
{"type": "Feature", "properties": { "height": 2.9104740619659424, "confidence": -1.0},"geometry": {"type": "Polygon","coordinates": [[[-106.91061079935908, 47.32264751238225], [-106.91061253352318, 47.32272385806713], [-106.91070907016042, 47.32272285046602], [-106.91070733599628, 47.322646504779684], [-106.91061079935908, 47.32264751238225]]]}}
{"type": "Feature", "properties": { "height": 3.9117181301116943, "confidence": -1.0},"geometry": {"type": "Polygon","coordinates": [[[-106.91082942589968, 47.32029752376345], [-106.91067671269683, 47.320301001618986], [-106.91068627321057, 47.32049351988724], [-106.91083898641341, 47.320490042044376], [-106.91082942589968, 47.32029752376345]]]}}
{"type": "Feature", "properties": { "height": -1.0, "confidence": -1.0},"geometry": {"type": "Polygon","coordinates": [[[-107.242753, 47.360635], [-107.242493, 47.36058], [-107.242475, 47.36062], [-107.242735, 47.360674], [-107.242753, 47.360635]]]}}
{"type": "Feature", "properties": { "height": 9.165618896484375, "confidence": -1.0},"geometry": {"type": "Polygon","coordinates": [[[-107.390153, 47.41322], [-107.390362, 47.41322], [-107.390362, 47.413191], [-107.390314, 47.413191], [-107.390314, 47.413171], [-107.390153, 47.413171], [-107.390153, 47.41322]]]}}
{"type": "Feature", "properties": { "height": -1.0, "confidence": -1.0},"geometry": {"type": "Polygon","coordinates": [[[-107.41695770384835, 47.474938981625534], [-107.41694762248463, 47.47498325635052], [-107.41702098657186, 47.474990888159084], [-107.41703106793558, 47.47494661344054], [-107.41695770384835, 47.474938981625534]]]}}
{"type": "Feature", "properties": { "height": -1.0, "confidence": -1.0},"geometry": {"type": "Polygon","coordinates": [[[-106.90652809633296, 47.317228712497965], [-106.90638869248576, 47.31722658264514], [-106.90638411067471, 47.317363985559155], [-106.90652351430147, 47.31736612201749], [-106.90652809633296, 47.317228712497965]]]}}
{"type": "Feature", "properties": { "height": 3.581390619277954, "confidence": -1.0},"geometry": {"type": "Polygon","coordinates": [[[-106.90709195288376, 47.314485428505705], [-106.90710842122259, 47.31461836749875], [-106.907230938631, 47.31461139128973], [-106.90721446957707, 47.31447844650637], [-106.90709195288376, 47.314485428505705]]]}}
{"type": "Feature", "properties": { "height": 2.9372994899749756, "confidence": -1.0},"geometry": {"type": "Polygon","coordinates": [[[-106.90859643759792, 47.31873648180277], [-106.90902288794193, 47.318738505171446], [-106.90902373987788, 47.318655985647894], [-106.90875284990403, 47.31865471321365], [-106.90875319947932, 47.31862085289893], [-106.90859763897649, 47.31862011481312], [-106.90859643759792, 47.31873648180277]]]}}
{"type": "Feature", "properties": { "height": 3.4413418769836426, "confidence": -1.0},"geometry": {"type": "Polygon","coordinates": [[[-106.91028248723356, 47.321810978368056], [-106.91028720471925, 47.321957425060866], [-106.91037835636165, 47.32195607578988], [-106.91037363901519, 47.321809633415874], [-106.91028248723356, 47.321810978368056]]]}}
{"type": "Feature", "properties": { "height": -1.0, "confidence": -1.0},"geometry": {"type": "Polygon","coordinates": [[[-106.914278, 47.319989], [-106.914112, 47.319989], [-106.914112, 47.320025], [-106.914056, 47.320025], [-106.914056, 47.320065], [-106.914278, 47.320065], [-106.914278, 47.319989]]]}}
{"type": "Feature", "properties": { "height": -1.0, "confidence": -1.0},"geometry": {"type": "Polygon","coordinates": [[[-106.92290462526812, 47.32720823485981], [-106.92290111404733, 47.32728997667397], [-106.92298556928145, 47.32729164737546], [-106.92298908893551, 47.32720990573072], [-106.92290462526812, 47.32720823485981]]]}}
{"type": "Feature", "properties": { "height": -1.0, "confidence": -1.0},"geometry": {"type": "Polygon","coordinates": [[[-106.92351506523025, 47.306322892825435], [-106.92351334867656, 47.30636833170101], [-106.92361252533293, 47.306370054357714], [-106.92361424188661, 47.30632461548364], [-106.92351506523025, 47.306322892825435]]]}}
{"type": "Feature", "properties": { "height": -1.0, "confidence": -1.0},"geometry": {"type": "Polygon","coordinates": [[[-106.969994, 47.411113], [-106.970042, 47.411106], [-106.969997, 47.410971], [-106.969948, 47.410979], [-106.969994, 47.411113]]]}}
{"type": "Feature", "properties": { "height": 4.814457893371582, "confidence": -1.0},"geometry": {"type": "Polygon","coordinates": [[[-107.03628963619633, 47.403783841203875], [-107.03623777776369, 47.403508745887066], [-107.03608587187942, 47.403521856761124], [-107.03613770232046, 47.40379695442538], [-107.03628963619633, 47.403783841203875]]]}}
{"type": "Feature", "properties": { "height": -1.0, "confidence": -1.0},"geometry": {"type": "Polygon","coordinates": [[[-107.2245398134137, 47.33206546532692], [-107.22459250051598, 47.332329682360694], [-107.22475844862777, 47.33231448215534], [-107.22470576152551, 47.332050265045524], [-107.2245398134137, 47.33206546532692]]]}}
{"type": "Feature", "properties": { "height": 2.75494647026062, "confidence": -1.0},"geometry": {"type": "Polygon","coordinates": [[[-107.2313165922956, 47.4861192695823], [-107.23106723070454, 47.48612235957559], [-107.2310695415682, 47.486207520865555], [-107.23131890315923, 47.48620443087728], [-107.2313165922956, 47.4861192695823]]]}}
{"type": "Feature", "properties": { "height": -1.0, "confidence": -1.0},"geometry": {"type": "Polygon","coordinates": [[[-107.311761, 47.464295], [-107.311758, 47.464247], [-107.311694, 47.464249], [-107.311697, 47.464296], [-107.311761, 47.464295]]]}}
{"type": "Feature", "properties": { "height": 2.5753633975982666, "confidence": -1.0},"geometry": {"type": "Polygon","coordinates": [[[-107.32179072857822, 47.43262620868912], [-107.3217932432148, 47.43268966687327], [-107.32188580427092, 47.43268798409239], [-107.32188328307343, 47.432624526025485], [-107.32179072857822, 47.43262620868912]]]}}
{"type": "Feature", "properties": { "height": 2.844219446182251, "confidence": -1.0},"geometry": {"type": "Polygon","coordinates": [[[-107.403629289161, 47.385990727492846], [-107.40362327733645, 47.385874645450805], [-107.40343454901192, 47.38587911703211], [-107.4034405488515, 47.38599519934828], [-107.403629289161, 47.385990727492846]]]}}
{"type": "Feature", "properties": { "height": 2.6703386306762695, "confidence": -1.0},"geometry": {"type": "Polygon","coordinates": [[[-106.89753694412411, 47.327846242415774], [-106.89752817533802, 47.32798233325079], [-106.8976539991739, 47.32798605783712], [-106.89766276795997, 47.3278499670117], [-106.89753694412411, 47.327846242415774]]]}}
{"type": "Feature", "properties": { "height": 2.7901759147644043, "confidence": -1.0},"geometry": {"type": "Polygon","coordinates": [[[-106.90280045862389, 47.30093074887225], [-106.90284225323785, 47.30102399393821], [-106.90305095822596, 47.30098097348901], [-106.90300916361201, 47.300887728347185], [-106.90280045862389, 47.30093074887225]]]}}
{"type": "Feature", "properties": { "height": 3.267774820327759, "confidence": -1.0},"geometry": {"type": "Polygon","coordinates": [[[-106.90882417759339, 47.32149083655208], [-106.90859353056, 47.32149239044158], [-106.90859513105775, 47.32160079445804], [-106.90882577792958, 47.321599229629975], [-106.90882417759339, 47.32149083655208]]]}}
{"type": "Feature", "properties": { "height": 3.942227363586426, "confidence": -1.0},"geometry": {"type": "Polygon","coordinates": [[[-106.91367878135993, 47.31364752763902], [-106.91408647335177, 47.31364835949666], [-106.91408731158516, 47.31346381364229], [-106.91392638057042, 47.313463477639935], [-106.91392679356062, 47.31337255328726], [-106.91388119643979, 47.31337245808643], [-106.91388193982215, 47.313208793857086], [-106.9136566364015, 47.313208323451505], [-106.91365653728387, 47.31323014537824], [-106.91358282588382, 47.31322999147805], [-106.91358255950509, 47.31329000174319], [-106.91352751989857, 47.3132898868275], [-106.91352731340348, 47.313335349094515], [-106.91358900362576, 47.31333547789574], [-106.91358883016989, 47.3133736661697], [-106.9136397916579, 47.31337377257063], [-106.91363951082454, 47.313435601146054], [-106.91383262804224, 47.313436004349086], [-106.91383251240498, 47.31346146315303], [-106.91367962794098, 47.31346114395078], [-106.91367878135993, 47.31364752763902]]]}}
{"type": "Feature", "properties": { "height": -1.0, "confidence": -1.0},"geometry": {"type": "Polygon","coordinates": [[[-106.94093192611291, 47.32658182847398], [-106.94092966260001, 47.326472766761405], [-106.94089480074773, 47.32647309752936], [-106.9408970642606, 47.32658215924124], [-106.94093192611291, 47.32658182847398]]]}}
{"type": "Feature", "properties": { "height": -1.0, "confidence": -1.0},"geometry": {"type": "Polygon","coordinates": [[[-106.997755, 47.382783], [-106.997752, 47.382786], [-106.997087, 47.382889], [-106.996938, 47.382951], [-106.997031, 47.383226], [-106.997157, 47.383366], [-106.997234, 47.383334], [-106.997334, 47.383387], [-106.99734, 47.383402], [-106.997217, 47.383453], [-106.997237, 47.383511], [-106.997754, 47.383431], [-106.99772, 47.383329], [-106.997731, 47.383324], [-106.997694, 47.383284], [-106.997756, 47.383274], [-106.997766, 47.383304], [-106.997884, 47.383256], [-106.997876, 47.383232], [-106.998048, 47.383161], [-106.997898, 47.382995], [-106.997901, 47.382932], [-106.99782, 47.382841], [-106.997929, 47.382824], [-106.997891, 47.382713], [-106.997819, 47.382675], [-106.997934, 47.382627], [-106.997914, 47.382571], [-106.997545, 47.382628], [-106.997542, 47.382619], [-106.997465, 47.382631], [-106.997755, 47.382783]]]}}
{"type": "Feature", "properties": { "height": -1.0, "confidence": -1.0},"geometry": {"type": "Polygon","coordinates": [[[-107.198032, 47.095139], [-107.197771, 47.095198], [-107.197871, 47.095402], [-107.198132, 47.095343], [-107.198032, 47.095139]]]}}
{"type": "Feature", "properties": { "height": -1.0, "confidence": -1.0},"geometry": {"type": "Polygon","coordinates": [[[-107.419882, 47.447257], [-107.419687, 47.447273], [-107.419701, 47.44735], [-107.419834, 47.447339], [-107.419837, 47.447354], [-107.419899, 47.447349], [-107.419882, 47.447257]]]}}
{"type": "Feature", "properties": { "height": -1.0, "confidence": -1.0},"geometry": {"type": "Polygon","coordinates": [[[-107.423898, 47.209277], [-107.423898, 47.209185], [-107.423846, 47.209185], [-107.423845, 47.209161], [-107.423745, 47.209161], [-107.423745, 47.209277], [-107.423898, 47.209277]]]}}
{"type": "Feature", "properties": { "height": 4.374284267425537, "confidence": -1.0},"geometry": {"type": "Polygon","coordinates": [[[-107.44236101903678, 47.44062312848811], [-107.44235817183795, 47.44075734588944], [-107.44276460121206, 47.44076127068184], [-107.44276743452497, 47.44062705315643], [-107.44236101903678, 47.44062312848811]]]}}
{"type": "Feature", "properties": { "height": 5.849641799926758, "confidence": -1.0},"geometry": {"type": "Polygon","coordinates": [[[-106.90539051108271, 47.31997203090451], [-106.9057711709672, 47.320015773794815], [-106.90585473666276, 47.31968172114594], [-106.90582730741757, 47.319678569141644], [-106.90583084317082, 47.31966442913648], [-106.9057904850885, 47.31965979142621], [-106.90581719628838, 47.31955301330469], [-106.90559942450048, 47.319527977878835], [-106.90557227953607, 47.31963653482803], [-106.90554099206146, 47.319632939456056], [-106.90553057044171, 47.31967461708353], [-106.90546674673797, 47.319667279816976], [-106.90539051108271, 47.31997203090451]]]}}
{"type": "Feature", "properties": { "height": -1.0, "confidence": -1.0},"geometry": {"type": "Polygon","coordinates": [[[-106.90749869684653, 47.31752670321873], [-106.90749692877316, 47.317572130644926], [-106.90763201451561, 47.317574547034674], [-106.90763377790236, 47.31752911952673], [-106.90749869684653, 47.31752670321873]]]}}
{"type": "Feature", "properties": { "height": 3.7710351943969727, "confidence": -1.0},"geometry": {"type": "Polygon","coordinates": [[[-106.91339198784216, 47.32318267547028], [-106.91338994626689, 47.32327174413737], [-106.91346771155466, 47.3232725631829], [-106.91346685741024, 47.323309827257376], [-106.91355905079539, 47.32331080263679], [-106.91355999259194, 47.32326989878189], [-106.9137118169942, 47.32327149783851], [-106.91371377523986, 47.32318606462976], [-106.91339198784216, 47.32318267547028]]]}}
{"type": "Feature", "properties": { "height": 3.668621301651001, "confidence": -1.0},"geometry": {"type": "Polygon","coordinates": [[[-107.00890531541222, 47.32879016044231], [-107.00897229122211, 47.3287885972695], [-107.00896159009271, 47.32857796147082], [-107.00889461428285, 47.32857952464987], [-107.00890531541222, 47.32879016044231]]]}}
{"type": "Feature", "properties": { "height": -1.0, "confidence": -1.0},"geometry": {"type": "Polygon","coordinates": [[[-107.171312, 47.513931], [-107.171312, 47.513866], [-107.171172, 47.513866], [-107.171172, 47.513931], [-107.171312, 47.513931]]]}}
{"type": "Feature", "properties": { "height": 13.938547134399414, "confidence": -1.0},"geometry": {"type": "Polygon","coordinates": [[[-107.29772340124171, 47.426368476749474], [-107.2976560157654, 47.42629675544474], [-107.29755476688491, 47.426340295837], [-107.297622149153, 47.42641201366776], [-107.29772340124171, 47.426368476749474]]]}}
{"type": "Feature", "properties": { "height": -1.0, "confidence": -1.0},"geometry": {"type": "Polygon","coordinates": [[[-107.297888, 47.370811], [-107.297888, 47.370673], [-107.297713, 47.370673], [-107.297713, 47.370811], [-107.297888, 47.370811]]]}}
{"type": "Feature", "properties": { "height": 2.7845113277435303, "confidence": -1.0},"geometry": {"type": "Polygon","coordinates": [[[-107.32331358421969, 47.4346509312829], [-107.32354292065709, 47.43465642511533], [-107.32354808974692, 47.434557497440785], [-107.32331876296485, 47.434552014686275], [-107.32331358421969, 47.4346509312829]]]}}
{"type": "Feature", "properties": { "height": 3.355719804763794, "confidence": -1.0},"geometry": {"type": "Polygon","coordinates": [[[-106.91349174426216, 47.32216645109265], [-106.91367139185999, 47.32216421802909], [-106.91366888432711, 47.32207152074821], [-106.9135616320299, 47.32207285392284], [-106.91356082062983, 47.32204285843792], [-106.91349110672607, 47.32204372830827], [-106.9134923113752, 47.32208826124641], [-106.9134509453412, 47.32208877543706], [-106.91345220389134, 47.322135124020605], [-106.9134908837845, 47.322134641384686], [-106.91349174426216, 47.32216645109265]]]}}
{"type": "Feature", "properties": { "height": -1.0, "confidence": -1.0},"geometry": {"type": "Polygon","coordinates": [[[-106.994709, 47.382276], [-106.994505, 47.382188], [-106.994429, 47.382173], [-106.994406, 47.382107], [-106.994191, 47.38219], [-106.994232, 47.382307], [-106.993907, 47.382165], [-106.992694, 47.38236], [-106.992619, 47.382438], [-106.992642, 47.382459], [-106.992669, 47.382491], [-106.992613, 47.382549], [-106.992777, 47.38262], [-106.992558, 47.382656], [-106.992478, 47.38274], [-106.99254, 47.382918], [-106.992506, 47.382953], [-106.992682, 47.382986], [-106.992871, 47.382786], [-106.992924, 47.382849], [-106.992984, 47.382803], [-106.993052, 47.382833], [-106.993101, 47.382782], [-106.993205, 47.382906], [-106.993949, 47.383044], [-106.99399, 47.382942], [-106.994145, 47.382971], [-106.99437, 47.382418], [-106.994671, 47.38237], [-106.994709, 47.382276]]]}}
{"type": "Feature", "properties": { "height": 2.7295444011688232, "confidence": -1.0},"geometry": {"type": "Polygon","coordinates": [[[-107.24715206565999, 47.41998785672299], [-107.2471483894295, 47.41992079991806], [-107.24703053409226, 47.41992375233918], [-107.24703421032274, 47.419990809140366], [-107.24715206565999, 47.41998785672299]]]}}
{"type": "Feature", "properties": { "height": 4.351083755493164, "confidence": -1.0},"geometry": {"type": "Polygon","coordinates": [[[-107.45850124996775, 47.47211434616482], [-107.45871847109036, 47.47211628842011], [-107.45871928267027, 47.47207459582482], [-107.45850206154763, 47.472072653568006], [-107.45850124996775, 47.47211434616482]]]}}
{"type": "Feature", "properties": { "height": 3.848205327987671, "confidence": -1.0},"geometry": {"type": "Polygon","coordinates": [[[-107.461668, 47.498821], [-107.461124, 47.498795], [-107.461108, 47.498938], [-107.461653, 47.498965], [-107.461668, 47.498821]]]}}
{"type": "Feature", "properties": { "height": 4.406373500823975, "confidence": -1.0},"geometry": {"type": "Polygon","coordinates": [[[-107.518042, 47.182329], [-107.517947, 47.182264], [-107.517803, 47.182362], [-107.517899, 47.182426], [-107.518042, 47.182329]]]}}
{"type": "Feature", "properties": { "height": 3.850511074066162, "confidence": -1.0},"geometry": {"type": "Polygon","coordinates": [[[-106.89843621737668, 47.302168858353056], [-106.89820070409877, 47.30206215453332], [-106.89813256061164, 47.302131319966406], [-106.89823640898616, 47.302178370434575], [-106.89820915159132, 47.30220603655785], [-106.8983408164947, 47.3022656897386], [-106.89843621737668, 47.302168858353056]]]}}
{"type": "Feature", "properties": { "height": 3.3875396251678467, "confidence": -1.0},"geometry": {"type": "Polygon","coordinates": [[[-106.90314001400354, 47.31952872696566], [-106.90314177095472, 47.319615111509755], [-106.9031538997092, 47.3196149987195], [-106.9031564748061, 47.31974225499232], [-106.90330794299729, 47.31974084643083], [-106.90330550266367, 47.319620862065264], [-106.90325723203122, 47.31962131095362], [-106.90325532706979, 47.319527649149215], [-106.90314001400354, 47.31952872696566]]]}}
{"type": "Feature", "properties": { "height": 3.5880420207977295, "confidence": -1.0},"geometry": {"type": "Polygon","coordinates": [[[-106.90930082986804, 47.327224973611486], [-106.90913721685087, 47.32722461657512], [-106.90913716931797, 47.32723441093188], [-106.90910498315807, 47.32723433916836], [-106.90910471305689, 47.32728999465404], [-106.9093005122414, 47.32729042192655], [-106.90930082986804, 47.327224973611486]]]}}
{"type": "Feature", "properties": { "height": 3.618978500366211, "confidence": -1.0},"geometry": {"type": "Polygon","coordinates": [[[-106.91023492888415, 47.32515342767792], [-106.91023319800217, 47.32517882688208], [-106.91018769753586, 47.32517740221499], [-106.91018480266756, 47.32521988189122], [-106.9103148627825, 47.32522396037596], [-106.91031949594677, 47.32515607556206], [-106.91023492888415, 47.32515342767792]]]}}
{"type": "Feature", "properties": { "height": 3.7474746704101562, "confidence": -1.0},"geometry": {"type": "Polygon","coordinates": [[[-106.966002, 47.251921], [-106.965913, 47.251921], [-106.965913, 47.251987], [-106.966002, 47.251987], [-106.966002, 47.251921]]]}}
{"type": "Feature", "properties": { "height": 3.850006341934204, "confidence": -1.0},"geometry": {"type": "Polygon","coordinates": [[[-106.980957, 47.208723], [-106.980828, 47.208766], [-106.981007, 47.20901], [-106.981136, 47.208967], [-106.980957, 47.208723]]]}}
{"type": "Feature", "properties": { "height": -1.0, "confidence": -1.0},"geometry": {"type": "Polygon","coordinates": [[[-107.195292, 47.096067], [-107.195272, 47.096114], [-107.195342, 47.096128], [-107.195362, 47.096081], [-107.195292, 47.096067]]]}}
{"type": "Feature", "properties": { "height": -1.0, "confidence": -1.0},"geometry": {"type": "Polygon","coordinates": [[[-107.32640270244418, 47.263020046337914], [-107.32640221306093, 47.263080112339956], [-107.32650681605516, 47.26308049986727], [-107.32650730543841, 47.26302043386567], [-107.32640270244418, 47.263020046337914]]]}}
{"type": "Feature", "properties": { "height": -1.0, "confidence": -1.0},"geometry": {"type": "Polygon","coordinates": [[[-107.34281184277079, 47.27510139429862], [-107.34291100833008, 47.27509952954695], [-107.34290944841061, 47.27506134259447], [-107.34281028285132, 47.27506320734752], [-107.34281184277079, 47.27510139429862]]]}}
{"type": "Feature", "properties": { "height": -1.0, "confidence": -1.0},"geometry": {"type": "Polygon","coordinates": [[[-107.48739432868037, 47.100780149311746], [-107.48749764205822, 47.100916212188636], [-107.487588661135, 47.100884188363445], [-107.48748535035568, 47.100748128826936], [-107.48739432868037, 47.100780149311746]]]}}
{"type": "Feature", "properties": { "height": -1.0, "confidence": -1.0},"geometry": {"type": "Polygon","coordinates": [[[-107.52491, 47.388178], [-107.524863, 47.38829], [-107.525199, 47.388354], [-107.525246, 47.388242], [-107.52491, 47.388178]]]}}
{"type": "Feature", "properties": { "height": 2.949219226837158, "confidence": -1.0},"geometry": {"type": "Polygon","coordinates": [[[-106.90761564481252, 47.31732924451585], [-106.90761531028781, 47.31750926252421], [-106.9077209788808, 47.317509352771694], [-106.90772118834947, 47.31739000065017], [-106.90774159570357, 47.31739001711105], [-106.9077416509925, 47.31736026440911], [-106.90771751114968, 47.317360243792145], [-106.90771756859331, 47.317329331565325], [-106.90761564481252, 47.31732924451585]]]}}
{"type": "Feature", "properties": { "height": 4.685688495635986, "confidence": -1.0},"geometry": {"type": "Polygon","coordinates": [[[-106.90864426155815, 47.32455963906504], [-106.90858069722157, 47.324551346193495], [-106.90832667984333, 47.32461154077987], [-106.90840675133028, 47.324766825908306], [-106.90843225279649, 47.32477015292377], [-106.9084908603318, 47.32475626472356], [-106.90851416181486, 47.32480144489177], [-106.908523508562, 47.32476852734037], [-106.90858564536906, 47.32475380280972], [-106.90854010534365, 47.32474786148783], [-106.90854698213576, 47.32472364264834], [-106.90852646553878, 47.3247285034868], [-106.90850892142298, 47.32469447965101], [-106.90849072296747, 47.324698791272574], [-106.90846582317907, 47.3246505119916], [-106.9084741793606, 47.32462108294981], [-106.90852073451532, 47.32462715672384], [-106.9085227257228, 47.32462014403018], [-106.90854606018904, 47.32462318833928], [-106.90859584977737, 47.324611389691235], [-106.90862640594189, 47.32467063640319], [-106.90863270651212, 47.324648446882804], [-106.90867076035252, 47.324722245886036], [-106.90867742777549, 47.32469876439618], [-106.90866531973536, 47.32467528289591], [-106.90867901983532, 47.32462703350169], [-106.90864426155815, 47.32455963906504]]]}}
{"type": "Feature", "properties": { "height": 2.902317762374878, "confidence": -1.0},"geometry": {"type": "Polygon","coordinates": [[[-106.9089731931807, 47.31976773890987], [-106.90907906434913, 47.319768964557454], [-106.90908097971004, 47.31969261867478], [-106.90897511642146, 47.319691393116656], [-106.9089731931807, 47.31976773890987]]]}}
{"type": "Feature", "properties": { "height": -1.0, "confidence": -1.0},"geometry": {"type": "Polygon","coordinates": [[[-107.141585, 47.377646], [-107.141575, 47.377675], [-107.14163, 47.377684], [-107.141641, 47.377655], [-107.141585, 47.377646]]]}}
{"type": "Feature", "properties": { "height": -1.0, "confidence": -1.0},"geometry": {"type": "Polygon","coordinates": [[[-107.44231414703495, 47.470517269322116], [-107.4423125445971, 47.47056801273661], [-107.44250289469906, 47.47057075941734], [-107.44250449713691, 47.470520016005494], [-107.44231414703495, 47.470517269322116]]]}}
{"type": "Feature", "properties": { "height": -1.0, "confidence": -1.0},"geometry": {"type": "Polygon","coordinates": [[[-106.913375, 47.314879], [-106.913289, 47.314887], [-106.913297, 47.314927], [-106.913382, 47.31492], [-106.913375, 47.314879]]]}}
{"type": "Feature", "properties": { "height": 2.93868088722229, "confidence": -1.0},"geometry": {"type": "Polygon","coordinates": [[[-106.9163614162437, 47.32072130787034], [-106.9162877347238, 47.32072036749528], [-106.91628702800347, 47.3207458140115], [-106.91624144660679, 47.32074523227013], [-106.91624038652631, 47.320783402021895], [-106.91644416218205, 47.320786002746146], [-106.91644330402164, 47.32081690204729], [-106.91650765422872, 47.32081772332811], [-106.91650962294963, 47.32074683667033], [-106.9163607575647, 47.32074493674713], [-106.9163614162437, 47.32072130787034]]]}}
{"type": "Feature", "properties": { "height": -1.0, "confidence": -1.0},"geometry": {"type": "Polygon","coordinates": [[[-107.06209914747545, 47.43979702267488], [-107.06227305953217, 47.439853901946485], [-107.0623382336475, 47.43976274030868], [-107.0621643215908, 47.439705860938524], [-107.06209914747545, 47.43979702267488]]]}}
{"type": "Feature", "properties": { "height": 3.0093207359313965, "confidence": -1.0},"geometry": {"type": "Polygon","coordinates": [[[-107.264107, 47.467154], [-107.26414, 47.467383], [-107.264289, 47.467373], [-107.264256, 47.467144], [-107.264107, 47.467154]]]}}
{"type": "Feature", "properties": { "height": -1.0, "confidence": -1.0},"geometry": {"type": "Polygon","coordinates": [[[-107.56853121462419, 47.45624408936233], [-107.56842888429074, 47.45627546935519], [-107.56854049318403, 47.456441838311484], [-107.56864282082316, 47.45641045440166], [-107.56853121462419, 47.45624408936233]]]}}
{"type": "Feature", "properties": { "height": 3.263768434524536, "confidence": -1.0},"geometry": {"type": "Polygon","coordinates": [[[-106.90929026754627, 47.32103218895844], [-106.90928677905316, 47.320975210068625], [-106.90926000316304, 47.320975964671625], [-106.90925655816594, 47.320919696158846], [-106.90911338103658, 47.320923731206754], [-106.90911794499327, 47.320998150618045], [-106.90913936564317, 47.320997546937654], [-106.90914174641733, 47.32103636755658], [-106.90929026754627, 47.32103218895844]]]}}
{"type": "Feature", "properties": { "height": 3.2120184898376465, "confidence": -1.0},"geometry": {"type": "Polygon","coordinates": [[[-106.91088063156086, 47.32367098555396], [-106.91088503089456, 47.32387196844962], [-106.91114418488011, 47.32386934965252], [-106.91114176389458, 47.32375926664289], [-106.91106936026638, 47.32375999486097], [-106.91106736144158, 47.32366910746704], [-106.91088063156086, 47.32367098555396]]]}}
{"type": "Feature", "properties": { "height": 2.552664041519165, "confidence": -1.0},"geometry": {"type": "Polygon","coordinates": [[[-106.9164196483079, 47.30771245082879], [-106.91636493609928, 47.30775344532875], [-106.9164652086862, 47.30781497396813], [-106.91651802598436, 47.30777539932414], [-106.91663835393638, 47.307849228462], [-106.91670429517039, 47.30779981659613], [-106.91654208386679, 47.30770028144337], [-106.91647803327295, 47.3077482766834], [-106.9164196483079, 47.30771245082879]]]}}
{"type": "Feature", "properties": { "height": -1.0, "confidence": -1.0},"geometry": {"type": "Polygon","coordinates": [[[-107.224562, 47.329709], [-107.22456, 47.329776], [-107.224762, 47.329778], [-107.224763, 47.32971], [-107.224562, 47.329709]]]}}
{"type": "Feature", "properties": { "height": -1.0, "confidence": -1.0},"geometry": {"type": "Polygon","coordinates": [[[-107.248487208885, 47.42197690608861], [-107.24855421795174, 47.42197809601819], [-107.24855625805138, 47.421925504024415], [-107.24854017587538, 47.42192521844104], [-107.24853996483057, 47.42193065899458], [-107.24848903793989, 47.4219297546473], [-107.248487208885, 47.42197690608861]]]}}
{"type": "Feature", "properties": { "height": 3.7177467346191406, "confidence": -1.0},"geometry": {"type": "Polygon","coordinates": [[[-107.41632434419016, 47.47545603631763], [-107.41631664360608, 47.47558272644372], [-107.41657512113937, 47.47558991619544], [-107.41658283481979, 47.47546322645098], [-107.41632434419016, 47.47545603631763]]]}}
{"type": "Feature", "properties": { "height": 3.712754964828491, "confidence": -1.0},"geometry": {"type": "Polygon","coordinates": [[[-107.44487822055817, 47.43986784703518], [-107.4449747800827, 47.43986784703518], [-107.4449747800827, 47.4397970951932], [-107.44487822055817, 47.4397970951932], [-107.44487822055817, 47.43986784703518]]]}}
{"type": "Feature", "properties": { "height": -1.0, "confidence": -1.0},"geometry": {"type": "Polygon","coordinates": [[[-107.519304, 47.183941], [-107.519269, 47.183947], [-107.519284, 47.183988], [-107.519319, 47.183982], [-107.519304, 47.183941]]]}}
{"type": "Feature", "properties": { "height": -1.0, "confidence": -1.0},"geometry": {"type": "Polygon","coordinates": [[[-107.52355905787496, 47.420120436798435], [-107.52361023430038, 47.420138019234], [-107.52364773640136, 47.42008805341488], [-107.523596561422, 47.42007046903601], [-107.52355905787496, 47.420120436798435]]]}}
{"type": "Feature", "properties": { "height": 3.734921455383301, "confidence": -1.0},"geometry": {"type": "Polygon","coordinates": [[[-107.564283, 47.256332], [-107.56432, 47.256141], [-107.564088, 47.25612], [-107.564052, 47.256312], [-107.564283, 47.256332]]]}}
{"type": "Feature", "properties": { "height": 3.4838225841522217, "confidence": -1.0},"geometry": {"type": "Polygon","coordinates": [[[-106.90595768350529, 47.317987388216444], [-106.90606960693901, 47.318031762565234], [-106.90612804960145, 47.317964016032], [-106.90601612616773, 47.31791964162631], [-106.90595768350529, 47.317987388216444]]]}}
{"type": "Feature", "properties": { "height": -1.0, "confidence": -1.0},"geometry": {"type": "Polygon","coordinates": [[[-106.90906396279448, 47.316508086244866], [-106.9090538471142, 47.316700592250236], [-106.90912179556008, 47.3167022300716], [-106.90913189139184, 47.31650972359376], [-106.90906396279448, 47.316508086244866]]]}}
{"type": "Feature", "properties": { "height": 3.9468541145324707, "confidence": -1.0},"geometry": {"type": "Polygon","coordinates": [[[-106.9161482600292, 47.31859641505981], [-106.91614615053197, 47.318677177364826], [-106.91637406711887, 47.31867990247151], [-106.91637617633376, 47.318599150981214], [-106.9161482600292, 47.31859641505981]]]}}
{"type": "Feature", "properties": { "height": 4.5749006271362305, "confidence": -1.0},"geometry": {"type": "Polygon","coordinates": [[[-107.08781147935593, 47.35191319457133], [-107.08819529352527, 47.35194318701074], [-107.08821819165598, 47.351808687806276], [-107.08783437748669, 47.351778695290434], [-107.08781147935593, 47.35191319457133]]]}}
{"type": "Feature", "properties": { "height": 4.54212760925293, "confidence": -1.0},"geometry": {"type": "Polygon","coordinates": [[[-107.22352432818508, 47.33140987668222], [-107.22351654663251, 47.33152780284383], [-107.22396796203614, 47.3315415071701], [-107.22397575574203, 47.33142358140806], [-107.22352432818508, 47.33140987668222]]]}}
{"type": "Feature", "properties": { "height": -1.0, "confidence": -1.0},"geometry": {"type": "Polygon","coordinates": [[[-107.32072192881776, 47.435604378517574], [-107.32039666402754, 47.435598311471644], [-107.3203951080382, 47.43563638264612], [-107.32072037676465, 47.43564244976108], [-107.32072192881776, 47.435604378517574]]]}}
{"type": "Feature", "properties": { "height": -1.0, "confidence": -1.0},"geometry": {"type": "Polygon","coordinates": [[[-107.389048, 47.40655], [-107.389059, 47.406553], [-107.389175, 47.406547], [-107.389203, 47.406499], [-107.389177, 47.406486], [-107.389172, 47.40644], [-107.389102, 47.406466], [-107.389089, 47.406488], [-107.389025, 47.406491], [-107.388985, 47.406471], [-107.388983, 47.406451], [-107.388938, 47.406427], [-107.388984, 47.406425], [-107.388885, 47.406372], [-107.388822, 47.406376], [-107.388803, 47.406407], [-107.388767, 47.406439], [-107.38877, 47.406469], [-107.388736, 47.406499], [-107.388742, 47.406547], [-107.388669, 47.40661], [-107.388672, 47.406634], [-107.388647, 47.406656], [-107.388754, 47.406721], [-107.388867, 47.406714], [-107.388919, 47.406628], [-107.388961, 47.406626], [-107.389048, 47.40655]]]}}
{"type": "Feature", "properties": { "height": 4.6398444175720215, "confidence": -1.0},"geometry": {"type": "Polygon","coordinates": [[[-107.420765, 47.447706], [-107.420492, 47.447706], [-107.420492, 47.447802], [-107.420765, 47.447802], [-107.420765, 47.447706]]]}}
{"type": "Feature", "properties": { "height": -1.0, "confidence": -1.0},"geometry": {"type": "Polygon","coordinates": [[[-107.517955, 47.399054], [-107.518065, 47.399054], [-107.518065, 47.399008], [-107.517955, 47.399008], [-107.517955, 47.399054]]]}}
{"type": "Feature", "properties": { "height": 3.273165225982666, "confidence": -1.0},"geometry": {"type": "Polygon","coordinates": [[[-106.91334645307539, 47.322386853684264], [-106.91334795816158, 47.32247683770977], [-106.91353458191166, 47.322475403351156], [-106.91353395464574, 47.322438131329605], [-106.91374425048545, 47.32243650505296], [-106.913742988807, 47.32236107350602], [-106.9135203940743, 47.32236278433524], [-106.91352077411328, 47.32238550560954], [-106.91334645307539, 47.322386853684264]]]}}
{"type": "Feature", "properties": { "height": -1.0, "confidence": -1.0},"geometry": {"type": "Polygon","coordinates": [[[-106.939334, 47.327453], [-106.939259, 47.327397], [-106.939226, 47.327417], [-106.9393, 47.327473], [-106.939334, 47.327453]]]}}
{"type": "Feature", "properties": { "height": -1.0, "confidence": -1.0},"geometry": {"type": "Polygon","coordinates": [[[-107.06266347555515, 47.421174918732575], [-107.06252476244516, 47.42126274240589], [-107.06260823454815, 47.421323097634854], [-107.06274695250184, 47.42123527756447], [-107.06266347555515, 47.421174918732575]]]}}
{"type": "Feature", "properties": { "height": 4.069492816925049, "confidence": -1.0},"geometry": {"type": "Polygon","coordinates": [[[-107.11530435862214, 47.376553052432854], [-107.11531054968975, 47.37664367522673], [-107.11570131713975, 47.37663145181417], [-107.11569512607214, 47.376540828999296], [-107.11530435862214, 47.376553052432854]]]}}
{"type": "Feature", "properties": { "height": -1.0, "confidence": -1.0},"geometry": {"type": "Polygon","coordinates": [[[-107.223896, 47.340342], [-107.22373, 47.340339], [-107.223726, 47.340424], [-107.223641, 47.340422], [-107.223635, 47.340562], [-107.223886, 47.340567], [-107.223896, 47.340342]]]}}
{"type": "Feature", "properties": { "height": -1.0, "confidence": -1.0},"geometry": {"type": "Polygon","coordinates": [[[-107.399989, 47.410693], [-107.399769, 47.410653], [-107.399748, 47.410705], [-107.399901, 47.410733], [-107.399871, 47.410809], [-107.399985, 47.41083], [-107.399999, 47.410794], [-107.39999, 47.410793], [-107.400013, 47.410735], [-107.399975, 47.410728], [-107.399989, 47.410693]]]}}
{"type": "Feature", "properties": { "height": -1.0, "confidence": -1.0},"geometry": {"type": "Polygon","coordinates": [[[-106.9121435961238, 47.31858183987204], [-106.91224281303404, 47.31858290377487], [-106.91224442480961, 47.31851382460345], [-106.91214520789939, 47.31851276069923], [-106.9121435961238, 47.31858183987204]]]}}
{"type": "Feature", "properties": { "height": -1.0, "confidence": -1.0},"geometry": {"type": "Polygon","coordinates": [[[-106.91294610152741, 47.31968672560848], [-106.91295374123625, 47.319744446121035], [-106.91302824329559, 47.319739914489425], [-106.91302060358673, 47.31968219397193], [-106.91294610152741, 47.31968672560848]]]}}
{"type": "Feature", "properties": { "height": -1.0, "confidence": -1.0},"geometry": {"type": "Polygon","coordinates": [[[-106.94380488271396, 47.43166722086099], [-106.94366828300893, 47.43166374789495], [-106.94365942440875, 47.43182319239581], [-106.94377727513464, 47.431826188671174], [-106.94377818112784, 47.43180988187032], [-106.94383978491638, 47.43181144810559], [-106.94384491887787, 47.43171904280811], [-106.94380206406845, 47.43171795325123], [-106.94380488271396, 47.43166722086099]]]}}
{"type": "Feature", "properties": { "height": -1.0, "confidence": -1.0},"geometry": {"type": "Polygon","coordinates": [[[-107.08531790555837, 47.33934840482233], [-107.08531288398741, 47.33948536384527], [-107.08541742542117, 47.33948712896592], [-107.0854224471738, 47.33935016499238], [-107.08531790555837, 47.33934840482233]]]}}
{"type": "Feature", "properties": { "height": -1.0, "confidence": -1.0},"geometry": {"type": "Polygon","coordinates": [[[-107.224925, 47.340754], [-107.224866, 47.340756], [-107.224869, 47.340798], [-107.224928, 47.340796], [-107.224925, 47.340754]]]}}
{"type": "Feature", "properties": { "height": 3.196202516555786, "confidence": -1.0},"geometry": {"type": "Polygon","coordinates": [[[-106.879373, 47.209246], [-106.879368, 47.20931], [-106.879453, 47.209313], [-106.879457, 47.209249], [-106.879373, 47.209246]]]}}
{"type": "Feature", "properties": { "height": -1.0, "confidence": -1.0},"geometry": {"type": "Polygon","coordinates": [[[-106.9137720489204, 47.32471870855012], [-106.91377030723768, 47.324648715880556], [-106.91357291119198, 47.324650982151155], [-106.91357465986562, 47.32472096537305], [-106.9137720489204, 47.32471870855012]]]}}
{"type": "Feature", "properties": { "height": -1.0, "confidence": -1.0},"geometry": {"type": "Polygon","coordinates": [[[-106.916928, 47.362474], [-106.916893, 47.362474], [-106.916893, 47.362579], [-106.916928, 47.362579], [-106.916928, 47.362474]]]}}
{"type": "Feature", "properties": { "height": -1.0, "confidence": -1.0},"geometry": {"type": "Polygon","coordinates": [[[-107.170797, 47.515289], [-107.170677, 47.515294], [-107.170685, 47.515381], [-107.170805, 47.515376], [-107.170797, 47.515289]]]}}
{"type": "Feature", "properties": { "height": 2.5346572399139404, "confidence": -1.0},"geometry": {"type": "Polygon","coordinates": [[[-107.24414326035172, 47.27532288306229], [-107.24389516709854, 47.27532104524349], [-107.24389449362296, 47.275362895979804], [-107.24397630554925, 47.27536350202361], [-107.24397596593498, 47.275384471708186], [-107.24414224281739, 47.27538571134408], [-107.24414326035172, 47.27532288306229]]]}}
{"type": "Feature", "properties": { "height": -1.0, "confidence": -1.0},"geometry": {"type": "Polygon","coordinates": [[[-107.31914909940706, 47.4271318268995], [-107.31907401503378, 47.427131051866915], [-107.31907254211403, 47.42719636178026], [-107.31914762648732, 47.42719713681187], [-107.31914909940706, 47.4271318268995]]]}}
{"type": "Feature", "properties": { "height": -1.0, "confidence": -1.0},"geometry": {"type": "Polygon","coordinates": [[[-107.32066186135934, 47.46338156664281], [-107.32066482410889, 47.46342499434461], [-107.32071453601344, 47.4634234442433], [-107.32071156877763, 47.46338001668012], [-107.32066186135934, 47.46338156664281]]]}}
{"type": "Feature", "properties": { "height": 4.6086578369140625, "confidence": -1.0},"geometry": {"type": "Polygon","coordinates": [[[-107.4050842780873, 47.21440516420251], [-107.40505304263544, 47.214210714216215], [-107.40456383920288, 47.21424699512005], [-107.40459509445428, 47.21444144350491], [-107.4050842780873, 47.21440516420251]]]}}
{"type": "Feature", "properties": { "height": 3.380855083465576, "confidence": -1.0},"geometry": {"type": "Polygon","coordinates": [[[-107.4373435543016, 47.46896895562941], [-107.4372216613651, 47.468971844876656], [-107.4372277549373, 47.46908955471987], [-107.43746217448681, 47.469083998249126], [-107.43745804136756, 47.46900431795557], [-107.43734552692672, 47.46900698490108], [-107.4373435543016, 47.46896895562941]]]}}
{"type": "Feature", "properties": { "height": -1.0, "confidence": -1.0},"geometry": {"type": "Polygon","coordinates": [[[-107.45572, 47.102188], [-107.45572, 47.102243], [-107.455934, 47.102243], [-107.455934, 47.102188], [-107.45572, 47.102188]]]}}
{"type": "Feature", "properties": { "height": -1.0, "confidence": -1.0},"geometry": {"type": "Polygon","coordinates": [[[-107.493194, 47.095118], [-107.493171, 47.09516], [-107.493262, 47.095184], [-107.493286, 47.095142], [-107.493194, 47.095118]]]}}
{"type": "Feature", "properties": { "height": -1.0, "confidence": -1.0},"geometry": {"type": "Polygon","coordinates": [[[-107.54630409064636, 47.47736653468509], [-107.5464086251737, 47.47736468528693], [-107.54640574857572, 47.47729040906125], [-107.54630121404838, 47.47729225846203], [-107.54630409064636, 47.47736653468509]]]}}
{"type": "Feature", "properties": { "height": 3.3934264183044434, "confidence": -1.0},"geometry": {"type": "Polygon","coordinates": [[[-106.89904758426317, 47.2995611182256], [-106.89875920114382, 47.29962090654439], [-106.89879594606127, 47.299702418408586], [-106.89908433687376, 47.29964262858703], [-106.89904758426317, 47.2995611182256]]]}}
{"type": "Feature", "properties": { "height": -1.0, "confidence": -1.0},"geometry": {"type": "Polygon","coordinates": [[[-106.94034657833626, 47.32568343696162], [-106.94035504900302, 47.32582319321763], [-106.94052642112989, 47.325818420930005], [-106.9405179504631, 47.32567866466135], [-106.94034657833626, 47.32568343696162]]]}}
{"type": "Feature", "properties": { "height": -1.0, "confidence": -1.0},"geometry": {"type": "Polygon","coordinates": [[[-106.904092, 47.305399], [-106.90404, 47.305188], [-106.903975, 47.305196], [-106.904026, 47.305406], [-106.904092, 47.305399]]]}}
{"type": "Feature", "properties": { "height": -1.0, "confidence": -1.0},"geometry": {"type": "Polygon","coordinates": [[[-106.90433, 47.321527], [-106.904274, 47.321527], [-106.904274, 47.321676], [-106.90433, 47.321676], [-106.90433, 47.321527]]]}}
{"type": "Feature", "properties": { "height": -1.0, "confidence": -1.0},"geometry": {"type": "Polygon","coordinates": [[[-106.904869, 47.318567], [-106.904708, 47.318567], [-106.904708, 47.318636], [-106.904869, 47.318636], [-106.904869, 47.318567]]]}}
{"type": "Feature", "properties": { "height": 5.037209510803223, "confidence": -1.0},"geometry": {"type": "Polygon","coordinates": [[[-106.91660782634646, 47.36253777319481], [-106.91635847094363, 47.36254097676552], [-106.91636237183101, 47.362679774713925], [-106.91661172690172, 47.36267655933465], [-106.91660782634646, 47.36253777319481]]]}}
{"type": "Feature", "properties": { "height": 2.815802574157715, "confidence": -1.0},"geometry": {"type": "Polygon","coordinates": [[[-107.22325609421875, 47.33216548881919], [-107.22322636357084, 47.33221554985566], [-107.22334267656417, 47.33224727964667], [-107.22337240276306, 47.332197217426604], [-107.22325609421875, 47.33216548881919]]]}}
{"type": "Feature", "properties": { "height": -1.0, "confidence": -1.0},"geometry": {"type": "Polygon","coordinates": [[[-107.250139, 47.432777], [-107.250204, 47.432792], [-107.250233, 47.432736], [-107.250168, 47.43272], [-107.250139, 47.432777]]]}}
{"type": "Feature", "properties": { "height": 3.9913272857666016, "confidence": -1.0},"geometry": {"type": "Polygon","coordinates": [[[-107.40235054583653, 47.21767266240408], [-107.40233800106246, 47.217329725219734], [-107.40221856227406, 47.21733173517898], [-107.40223107193948, 47.21767467862061], [-107.40235054583653, 47.21767266240408]]]}}
{"type": "Feature", "properties": { "height": -1.0, "confidence": -1.0},"geometry": {"type": "Polygon","coordinates": [[[-107.565009, 47.279689], [-107.564875, 47.279715], [-107.564888, 47.279745], [-107.56493, 47.279737], [-107.564936, 47.279752], [-107.565028, 47.279734], [-107.565009, 47.279689]]]}}
{"type": "Feature", "properties": { "height": 3.243116855621338, "confidence": -1.0},"geometry": {"type": "Polygon","coordinates": [[[-106.91156625074325, 47.32331835934867], [-106.91175124747905, 47.323320895824885], [-106.91175352514833, 47.32324456413164], [-106.91167041067283, 47.32324342455373], [-106.91167100720527, 47.32322343290114], [-106.91160397940244, 47.323222513886336], [-106.91160332863979, 47.3232443229619], [-106.91156847418232, 47.32324384507439], [-106.91156625074325, 47.32331835934867]]]}}
{"type": "Feature", "properties": { "height": 2.79259991645813, "confidence": -1.0},"geometry": {"type": "Polygon","coordinates": [[[-106.91559933777998, 47.31743945487802], [-106.91549851221093, 47.317438043608625], [-106.91549504956272, 47.31755173982307], [-106.91559586325288, 47.31755315570655], [-106.91559933777998, 47.31743945487802]]]}}
{"type": "Feature", "properties": { "height": -1.0, "confidence": -1.0},"geometry": {"type": "Polygon","coordinates": [[[-106.915745, 47.313799], [-106.915931, 47.313799], [-106.915931, 47.313743], [-106.915745, 47.313743], [-106.915745, 47.313799]]]}}
{"type": "Feature", "properties": { "height": 11.923600196838379, "confidence": -1.0},"geometry": {"type": "Polygon","coordinates": [[[-106.9165527848744, 47.31234516010191], [-106.91642310253138, 47.31234051401951], [-106.91641631833508, 47.312427560878945], [-106.91654600963881, 47.31243220727473], [-106.9165527848744, 47.31234516010191]]]}}
{"type": "Feature", "properties": { "height": 3.7160239219665527, "confidence": -1.0},"geometry": {"type": "Polygon","coordinates": [[[-107.03629103155131, 47.40339180566182], [-107.03631643413759, 47.40350724621855], [-107.03645550631865, 47.40349322710061], [-107.03643010373239, 47.40337778651315], [-107.03629103155131, 47.40339180566182]]]}}
{"type": "Feature", "properties": { "height": 4.810539722442627, "confidence": -1.0},"geometry": {"type": "Polygon","coordinates": [[[-107.19540746189774, 47.46404895919902], [-107.19565416367732, 47.46405159729028], [-107.19565713692725, 47.463923953001185], [-107.19541043487582, 47.46392132657363], [-107.19540746189774, 47.46404895919902]]]}}
{"type": "Feature", "properties": { "height": -1.0, "confidence": -1.0},"geometry": {"type": "Polygon","coordinates": [[[-107.403504, 47.449225], [-107.40337, 47.449188], [-107.403346, 47.449229], [-107.40348, 47.449265], [-107.403504, 47.449225]]]}}
{"type": "Feature", "properties": { "height": 4.570425033569336, "confidence": -1.0},"geometry": {"type": "Polygon","coordinates": [[[-107.48562442708344, 47.50563400280316], [-107.48571125125426, 47.50565956010196], [-107.48570142862515, 47.50567478752924], [-107.48582875909848, 47.50571226810666], [-107.4858361531364, 47.50570080374451], [-107.48591170248858, 47.50572303862253], [-107.4859652058165, 47.50564009567499], [-107.48580849834171, 47.505593967713274], [-107.48582080263782, 47.50557489001362], [-107.48578365068138, 47.50556395581711], [-107.4857693811505, 47.505586077045805], [-107.48567353359925, 47.50555786361198], [-107.48562442708344, 47.50563400280316]]]}}
{"type": "Feature", "properties": { "height": -1.0, "confidence": -1.0},"geometry": {"type": "Polygon","coordinates": [[[-107.52359264521559, 47.419772063851354], [-107.5237263119235, 47.419794857869796], [-107.52374601621192, 47.41974195793169], [-107.52361234950403, 47.41971916389034], [-107.52359264521559, 47.419772063851354]]]}}
{"type": "Feature", "properties": { "height": 3.561188220977783, "confidence": -1.0},"geometry": {"type": "Polygon","coordinates": [[[-106.90547728882503, 47.31894843539707], [-106.90560209181326, 47.318950123017046], [-106.90560535410737, 47.318839249865], [-106.905480539677, 47.31883756208677], [-106.90547728882503, 47.31894843539707]]]}}
{"type": "Feature", "properties": { "height": -1.0, "confidence": -1.0},"geometry": {"type": "Polygon","coordinates": [[[-106.917708, 47.365539], [-106.917714, 47.36523], [-106.917481, 47.365227], [-106.917474, 47.365537], [-106.917708, 47.365539]]]}}
{"type": "Feature", "properties": { "height": -1.0, "confidence": -1.0},"geometry": {"type": "Polygon","coordinates": [[[-106.923082, 47.329245], [-106.923107, 47.329307], [-106.923198, 47.32929], [-106.923174, 47.329228], [-106.923082, 47.329245]]]}}
{"type": "Feature", "properties": { "height": -1.0, "confidence": -1.0},"geometry": {"type": "Polygon","coordinates": [[[-106.99498760723267, 47.06395333717837], [-106.99501387269007, 47.06395073258588], [-106.99501081377902, 47.06393641934621], [-106.99492939086109, 47.06394449358462], [-106.99493742050261, 47.0639820658249], [-106.99499257796312, 47.0639765961835], [-106.99498760723267, 47.06395333717837]]]}}
{"type": "Feature", "properties": { "height": -1.0, "confidence": -1.0},"geometry": {"type": "Polygon","coordinates": [[[-107.32529020328387, 47.263281145612055], [-107.32543224903344, 47.263278446939545], [-107.32542909773005, 47.26320205713815], [-107.32528705198051, 47.263204755814556], [-107.32529020328387, 47.263281145612055]]]}}
{"type": "Feature", "properties": { "height": -1.0, "confidence": -1.0},"geometry": {"type": "Polygon","coordinates": [[[-107.401981, 47.219864], [-107.401995, 47.219937], [-107.402087, 47.219928], [-107.402073, 47.219856], [-107.401981, 47.219864]]]}}
{"type": "Feature", "properties": { "height": 3.582242727279663, "confidence": -1.0},"geometry": {"type": "Polygon","coordinates": [[[-107.48725218245082, 47.50779766603071], [-107.48774978926028, 47.50786953553108], [-107.48779036009057, 47.507741321641475], [-107.48729275328111, 47.50766945196556], [-107.48725218245082, 47.50779766603071]]]}}
{"type": "Feature", "properties": { "height": -1.0, "confidence": -1.0},"geometry": {"type": "Polygon","coordinates": [[[-107.48779413240824, 47.09623326182624], [-107.48776587983545, 47.096320308923914], [-107.48783748475965, 47.09633108306375], [-107.48786573733247, 47.09624403598368], [-107.48779413240824, 47.09623326182624]]]}}
{"type": "Feature", "properties": { "height": -1.0, "confidence": -1.0},"geometry": {"type": "Polygon","coordinates": [[[-106.892358, 47.333154], [-106.891847, 47.333164], [-106.89185, 47.333251], [-106.892362, 47.333241], [-106.892358, 47.333154]]]}}
{"type": "Feature", "properties": { "height": 3.8905444145202637, "confidence": -1.0},"geometry": {"type": "Polygon","coordinates": [[[-106.90781280794803, 47.32239957567326], [-106.90771096027686, 47.322401464987955], [-106.90770905329673, 47.32235422726831], [-106.90752947977128, 47.32235755843123], [-106.90753324736053, 47.32245088516973], [-106.9075868512954, 47.32244988825327], [-106.90758809816464, 47.322480774344314], [-106.90781591488782, 47.3224765374516], [-106.90781280794803, 47.32239957567326]]]}}
{"type": "Feature", "properties": { "height": -1.0, "confidence": -1.0},"geometry": {"type": "Polygon","coordinates": [[[-106.90814572820676, 47.321517867904376], [-106.90794190783353, 47.32151626266653], [-106.90794050572008, 47.32159807171295], [-106.90814432609329, 47.321599676948274], [-106.90814572820676, 47.321517867904376]]]}}
{"type": "Feature", "properties": { "height": 2.9117255210876465, "confidence": -1.0},"geometry": {"type": "Polygon","coordinates": [[[-106.9116851343778, 47.3172439380383], [-106.91167259322106, 47.31732754324986], [-106.91154516589954, 47.31731875211103], [-106.9115249181503, 47.317453732812645], [-106.91174260649126, 47.31746875096891], [-106.91177539603305, 47.31725016086507], [-106.9116851343778, 47.3172439380383]]]}}
{"type": "Feature", "properties": { "height": -1.0, "confidence": -1.0},"geometry": {"type": "Polygon","coordinates": [[[-106.91198282307688, 47.319842624854346], [-106.91217720734564, 47.319840780312184], [-106.91217790651648, 47.319874472364816], [-106.91229727563103, 47.3198733339901], [-106.91229560407825, 47.319792381440145], [-106.9119818471002, 47.31979535873098], [-106.91198282307688, 47.319842624854346]]]}}
{"type": "Feature", "properties": { "height": 18.36942481994629, "confidence": -1.0},"geometry": {"type": "Polygon","coordinates": [[[-106.91605630000333, 47.311908715225336], [-106.91610082891233, 47.311988171362124], [-106.91622270738236, 47.31195677285587], [-106.91617817847336, 47.31187731667187], [-106.91605630000333, 47.311908715225336]]]}}
{"type": "Feature", "properties": { "height": -1.0, "confidence": -1.0},"geometry": {"type": "Polygon","coordinates": [[[-106.92106177116449, 47.35774189758551], [-106.92081881808127, 47.35775838102025], [-106.92082105368753, 47.35777350214515], [-106.92086885430552, 47.35777026132423], [-106.9208714057562, 47.35778751874377], [-106.9209563840429, 47.35778175329677], [-106.92095824580517, 47.35779434582189], [-106.92106841571506, 47.357786871221855], [-106.92106177116449, 47.35774189758551]]]}}
{"type": "Feature", "properties": { "height": -1.0, "confidence": -1.0},"geometry": {"type": "Polygon","coordinates": [[[-107.0924005424378, 47.27848184156134], [-107.09240990367415, 47.27857786584944], [-107.09321373230155, 47.278541797037036], [-107.0932043710652, 47.27844577268348], [-107.0924005424378, 47.27848184156134]]]}}
{"type": "Feature", "properties": { "height": 3.288256883621216, "confidence": -1.0},"geometry": {"type": "Polygon","coordinates": [[[-107.11060131994321, 47.43915398664341], [-107.11060914044522, 47.43923345813306], [-107.11084680416229, 47.43922275878108], [-107.11086137873419, 47.43937086444887], [-107.11103495335904, 47.439363050336006], [-107.11101255828515, 47.43913547312861], [-107.11060131994321, 47.43915398664341]]]}}
{"type": "Feature", "properties": { "height": 3.05745530128479, "confidence": -1.0},"geometry": {"type": "Polygon","coordinates": [[[-107.24157282046586, 47.2764239044046], [-107.24174002017638, 47.276412201675576], [-107.24170771270109, 47.27619972880513], [-107.24154051299057, 47.27621143158114], [-107.24157282046586, 47.2764239044046]]]}}
{"type": "Feature", "properties": { "height": -1.0, "confidence": -1.0},"geometry": {"type": "Polygon","coordinates": [[[-107.43117910472448, 47.47160113175954], [-107.43118044465129, 47.47165188108496], [-107.43129574291406, 47.47165049014228], [-107.43129440298723, 47.47159974081553], [-107.43117910472448, 47.47160113175954]]]}}
{"type": "Feature", "properties": { "height": -1.0, "confidence": -1.0},"geometry": {"type": "Polygon","coordinates": [[[-107.518028, 47.182486], [-107.518138, 47.182548], [-107.51822, 47.182482], [-107.51811, 47.182419], [-107.518028, 47.182486]]]}}
{"type": "Feature", "properties": { "height": 2.5634994506835938, "confidence": -1.0},"geometry": {"type": "Polygon","coordinates": [[[-106.90788906290135, 47.321371502842], [-106.90813574755657, 47.32136851837191], [-106.9081334505392, 47.32128127101658], [-106.90794039298291, 47.321283606692695], [-106.90794139792803, 47.3213217774267], [-106.90788777082906, 47.321322426225116], [-106.90788906290135, 47.321371502842]]]}}
{"type": "Feature", "properties": { "height": 2.5831820964813232, "confidence": -1.0},"geometry": {"type": "Polygon","coordinates": [[[-107.09455231067807, 47.280759975887975], [-107.09445050695743, 47.280762349248086], [-107.09445606428645, 47.28087205907662], [-107.0945578677625, 47.280869680893424], [-107.09455231067807, 47.280759975887975]]]}}
{"type": "Feature", "properties": { "height": -1.0, "confidence": -1.0},"geometry": {"type": "Polygon","coordinates": [[[-107.270671, 47.37024], [-107.27084, 47.37024], [-107.27084, 47.370142], [-107.270671, 47.370142], [-107.270671, 47.37024]]]}}
{"type": "Feature", "properties": { "height": -1.0, "confidence": -1.0},"geometry": {"type": "Polygon","coordinates": [[[-107.39636315459441, 47.05005364057546], [-107.39636178157588, 47.05011027907361], [-107.39648244806095, 47.05011163708331], [-107.3964838210795, 47.050054998586624], [-107.39636315459441, 47.05005364057546]]]}}
{"type": "Feature", "properties": { "height": -1.0, "confidence": -1.0},"geometry": {"type": "Polygon","coordinates": [[[-107.42363751886171, 47.42332074709911], [-107.42362949486531, 47.42321463570726], [-107.42354802007519, 47.42321745595222], [-107.42355603283285, 47.42332356386884], [-107.42363751886171, 47.42332074709911]]]}}
{"type": "Feature", "properties": { "height": -1.0, "confidence": -1.0},"geometry": {"type": "Polygon","coordinates": [[[-107.468556, 47.493864], [-107.468522, 47.493832], [-107.468395, 47.493893], [-107.468429, 47.493925], [-107.468556, 47.493864]]]}}
{"type": "Feature", "properties": { "height": 3.8175911903381348, "confidence": -1.0},"geometry": {"type": "Polygon","coordinates": [[[-107.54788039643157, 47.47461735371809], [-107.5477571327774, 47.47461993110176], [-107.54776434463739, 47.47477750671433], [-107.54772950925687, 47.47477823510315], [-107.54773357110905, 47.47486698437684], [-107.54799885592995, 47.47486143742487], [-107.54799616760454, 47.47480269897838], [-107.54791309879988, 47.47480443983068], [-107.54791097903897, 47.47475812416467], [-107.54799136837863, 47.47475644326671], [-107.54798863284553, 47.474696673238455], [-107.54788412670398, 47.47469885840827], [-107.54788039643157, 47.47461735371809]]]}}
{"type": "Feature", "properties": { "height": 4.932271957397461, "confidence": -1.0},"geometry": {"type": "Polygon","coordinates": [[[-106.90378386778646, 47.32080613129752], [-106.90378136542594, 47.32087518308206], [-106.90392879794746, 47.32087763829622], [-106.90393130030796, 47.320808586514886], [-106.90378386778646, 47.32080613129752]]]}}
{"type": "Feature", "properties": { "height": -1.0, "confidence": -1.0},"geometry": {"type": "Polygon","coordinates": [[[-106.910558, 47.326114], [-106.910427, 47.326114], [-106.910427, 47.326209], [-106.910558, 47.326209], [-106.910558, 47.326114]]]}}
{"type": "Feature", "properties": { "height": 4.128195762634277, "confidence": -1.0},"geometry": {"type": "Polygon","coordinates": [[[-106.9124928981066, 47.322351369531546], [-106.91241246206822, 47.32235242661016], [-106.91241131850434, 47.322312441293256], [-106.91228954131898, 47.322314041672314], [-106.91229053250642, 47.3223485743999], [-106.91220853483037, 47.32234965200138], [-106.91221097789864, 47.322435075081486], [-106.91249518523438, 47.32243134007616], [-106.9124928981066, 47.322351369531546]]]}}
{"type": "Feature", "properties": { "height": 2.5142812728881836, "confidence": -1.0},"geometry": {"type": "Polygon","coordinates": [[[-106.93539010676389, 47.32611935484893], [-106.93544838683454, 47.32633388438393], [-106.9356429551396, 47.32630959943757], [-106.93558467506895, 47.32609506980392], [-106.93539010676389, 47.32611935484893]]]}}
{"type": "Feature", "properties": { "height": -1.0, "confidence": -1.0},"geometry": {"type": "Polygon","coordinates": [[[-106.94320712266814, 47.47650565370815], [-106.94323650588808, 47.476565029738985], [-106.9433125103278, 47.47654784742141], [-106.94328311997782, 47.47648846938799], [-106.94320712266814, 47.47650565370815]]]}}
{"type": "Feature", "properties": { "height": 4.6003570556640625, "confidence": -1.0},"geometry": {"type": "Polygon","coordinates": [[[-106.999712, 47.346921], [-106.999633, 47.346895], [-106.999592, 47.34695], [-106.999671, 47.346977], [-106.999712, 47.346921]]]}}
{"type": "Feature", "properties": { "height": 4.417264461517334, "confidence": -1.0},"geometry": {"type": "Polygon","coordinates": [[[-107.195236, 47.17325], [-107.195513, 47.17323], [-107.19547, 47.172953], [-107.195192, 47.172973], [-107.195236, 47.17325]]]}}
{"type": "Feature", "properties": { "height": 3.4546241760253906, "confidence": -1.0},"geometry": {"type": "Polygon","coordinates": [[[-107.39363943026913, 47.05082608305794], [-107.39363510455382, 47.050711024590896], [-107.39331345053319, 47.05071663855161], [-107.39331777624847, 47.05083169700656], [-107.39363943026913, 47.05082608305794]]]}}
{"type": "Feature", "properties": { "height": 3.093877077102661, "confidence": -1.0},"geometry": {"type": "Polygon","coordinates": [[[-107.40140553475355, 47.46983298787588], [-107.40150991048348, 47.4698493231442], [-107.401522287872, 47.46981318484302], [-107.40158338586026, 47.46982274695553], [-107.40159635264823, 47.469784887763105], [-107.40148433966974, 47.46976735720955], [-107.40147844567521, 47.46978456594251], [-107.40142498493549, 47.469776199088074], [-107.40140553475355, 47.46983298787588]]]}}
{"type": "Feature", "properties": { "height": 2.5348575115203857, "confidence": -1.0},"geometry": {"type": "Polygon","coordinates": [[[-106.89790919098851, 47.30252804609649], [-106.89777150297179, 47.30259406768607], [-106.89800668128703, 47.302819610028465], [-106.89814436930378, 47.302753588720556], [-106.89790919098851, 47.30252804609649]]]}}
{"type": "Feature", "properties": { "height": -1.0, "confidence": -1.0},"geometry": {"type": "Polygon","coordinates": [[[-106.91423922233643, 47.3218633228231], [-106.9141266024015, 47.32186201909819], [-106.914125320241, 47.32191291421488], [-106.91423794017592, 47.32191421793852], [-106.91423922233643, 47.3218633228231]]]}}
{"type": "Feature", "properties": { "height": 2.6131951808929443, "confidence": -1.0},"geometry": {"type": "Polygon","coordinates": [[[-107.24427418655672, 47.27512914779222], [-107.2441467468988, 47.27512961376446], [-107.24414731794023, 47.27520058466528], [-107.24419160421263, 47.275200422736525], [-107.2441922546595, 47.27528231215032], [-107.24419357304598, 47.27528230732976], [-107.24419434907661, 47.275378754662675], [-107.24427616680596, 47.27537845550453], [-107.24427418655672, 47.27512914779222]]]}}
{"type": "Feature", "properties": { "height": 2.5498714447021484, "confidence": -1.0},"geometry": {"type": "Polygon","coordinates": [[[-106.90532568784893, 47.325063706300334], [-106.9054030718488, 47.32519339298184], [-106.90546530984373, 47.32517632972848], [-106.90538792584384, 47.325046643005095], [-106.90532568784893, 47.325063706300334]]]}}
{"type": "Feature", "properties": { "height": -1.0, "confidence": -1.0},"geometry": {"type": "Polygon","coordinates": [[[-106.91293179948107, 47.317478990775435], [-106.9130202949523, 47.31747983475901], [-106.91302168384081, 47.31741256847475], [-106.91293318836958, 47.317411724490086], [-106.91293179948107, 47.317478990775435]]]}}
{"type": "Feature", "properties": { "height": -1.0, "confidence": -1.0},"geometry": {"type": "Polygon","coordinates": [[[-106.92140560103793, 47.087521688896935], [-106.9213330846338, 47.08759381541659], [-106.92139601134862, 47.08762314275106], [-106.92153103249343, 47.08748883381145], [-106.92141961831756, 47.08743690849256], [-106.92135710852828, 47.087499088659904], [-106.92140560103793, 47.087521688896935]]]}}
{"type": "Feature", "properties": { "height": -1.0, "confidence": -1.0},"geometry": {"type": "Polygon","coordinates": [[[-106.952774, 47.457931], [-106.952808, 47.457944], [-106.952827, 47.457921], [-106.952794, 47.457908], [-106.952774, 47.457931]]]}}
{"type": "Feature", "properties": { "height": -1.0, "confidence": -1.0},"geometry": {"type": "Polygon","coordinates": [[[-107.095412, 47.281023], [-107.095473, 47.280992], [-107.09542, 47.280945], [-107.095359, 47.280976], [-107.095412, 47.281023]]]}}
{"type": "Feature", "properties": { "height": -1.0, "confidence": -1.0},"geometry": {"type": "Polygon","coordinates": [[[-107.22458, 47.340159], [-107.224537, 47.340207], [-107.224597, 47.340232], [-107.22464, 47.340184], [-107.22458, 47.340159]]]}}
{"type": "Feature", "properties": { "height": -1.0, "confidence": -1.0},"geometry": {"type": "Polygon","coordinates": [[[-107.23107328172486, 47.48621690698747], [-107.23092053159792, 47.48621998462207], [-107.23092780246614, 47.486384779891836], [-107.23095728056083, 47.486384185964226], [-107.23096119564373, 47.48647292166557], [-107.23108446767598, 47.486470437972436], [-107.23107328172486, 47.48621690698747]]]}}
{"type": "Feature", "properties": { "height": -1.0, "confidence": -1.0},"geometry": {"type": "Polygon","coordinates": [[[-107.268547, 47.272935], [-107.26866, 47.273027], [-107.268704, 47.273003], [-107.268591, 47.27291], [-107.268547, 47.272935]]]}}
{"type": "Feature", "properties": { "height": 2.7179105281829834, "confidence": -1.0},"geometry": {"type": "Polygon","coordinates": [[[-107.44268989680744, 47.44106139631992], [-107.44268782077273, 47.44120469685267], [-107.44281119054277, 47.44120551444074], [-107.44281326657747, 47.441062213910214], [-107.44268989680744, 47.44106139631992]]]}}
{"type": "Feature", "properties": { "height": 3.5272791385650635, "confidence": -1.0},"geometry": {"type": "Polygon","coordinates": [[[-106.90521139240794, 47.30218062162603], [-106.90534065611168, 47.302222131462514], [-106.90540083070019, 47.30213595937056], [-106.90527156699646, 47.30209444946641], [-106.90521139240794, 47.30218062162603]]]}}
{"type": "Feature", "properties": { "height": 3.749234437942505, "confidence": -1.0},"geometry": {"type": "Polygon","coordinates": [[[-106.91024095543123, 47.327805803596725], [-106.91042288110171, 47.3278120346743], [-106.9104278832038, 47.32774493962685], [-106.9102780620634, 47.32773980814473], [-106.91027576380029, 47.32777063561255], [-106.91024365927021, 47.327769536009804], [-106.91024095543123, 47.327805803596725]]]}}
{"type": "Feature", "properties": { "height": 2.612074375152588, "confidence": -1.0},"geometry": {"type": "Polygon","coordinates": [[[-106.9128731417986, 47.31879702269682], [-106.91286907980039, 47.31865342790036], [-106.9128127740422, 47.31865415722803], [-106.91281398321435, 47.31869690244384], [-106.91273504286666, 47.31869792870166], [-106.9127357088572, 47.318721558232056], [-106.9126805904944, 47.318722274793686], [-106.91268277471143, 47.31879948851226], [-106.9128731417986, 47.31879702269682]]]}}
{"type": "Feature", "properties": { "height": -1.0, "confidence": -1.0},"geometry": {"type": "Polygon","coordinates": [[[-106.914011, 47.327611], [-106.914345, 47.327611], [-106.914345, 47.32746], [-106.914148, 47.32746], [-106.914148, 47.327384], [-106.914011, 47.327384], [-106.914011, 47.327611]]]}}
{"type": "Feature", "properties": { "height": -1.0, "confidence": -1.0},"geometry": {"type": "Polygon","coordinates": [[[-107.11043610241676, 47.43933926960957], [-107.11032919508924, 47.43934358648624], [-107.11033477970265, 47.439406856776486], [-107.11044168703019, 47.439402539905], [-107.11043610241676, 47.43933926960957]]]}}
{"type": "Feature", "properties": { "height": -1.0, "confidence": -1.0},"geometry": {"type": "Polygon","coordinates": [[[-107.14106441455549, 47.202361189365845], [-107.14081338011631, 47.20252026132822], [-107.14092363542468, 47.202600583365914], [-107.14117467862732, 47.202441518028664], [-107.14106441455549, 47.202361189365845]]]}}
{"type": "Feature", "properties": { "height": -1.0, "confidence": -1.0},"geometry": {"type": "Polygon","coordinates": [[[-107.40205480652094, 47.22148618906899], [-107.40205394756765, 47.22151167902788], [-107.40211981126153, 47.221512702787955], [-107.4021217190429, 47.2214562608111], [-107.40206657275505, 47.22145540363737], [-107.40206552974033, 47.2214863557467], [-107.40205480652094, 47.22148618906899]]]}}
{"type": "Feature", "properties": { "height": -1.0, "confidence": -1.0},"geometry": {"type": "Polygon","coordinates": [[[-107.519371, 47.183235], [-107.519586, 47.183239], [-107.519592, 47.183086], [-107.519376, 47.183082], [-107.519371, 47.183235]]]}}
{"type": "Feature", "properties": { "height": -1.0, "confidence": -1.0},"geometry": {"type": "Polygon","coordinates": [[[-106.898131, 47.489833], [-106.89811, 47.489757], [-106.89798, 47.489773], [-106.897993, 47.48982], [-106.89806, 47.489812], [-106.898068, 47.489841], [-106.898131, 47.489833]]]}}
{"type": "Feature", "properties": { "height": -1.0, "confidence": -1.0},"geometry": {"type": "Polygon","coordinates": [[[-106.90255289692814, 47.29951453716889], [-106.90250867568152, 47.29940644227798], [-106.90219377973226, 47.29946568921043], [-106.90223801133712, 47.299573782031324], [-106.90255289692814, 47.29951453716889]]]}}
{"type": "Feature", "properties": { "height": 3.6606709957122803, "confidence": -1.0},"geometry": {"type": "Polygon","coordinates": [[[-106.90874743872999, 47.317556550518674], [-106.90886813453868, 47.317556997205386], [-106.9088698183781, 47.317347891408744], [-106.90889127541077, 47.317347970820045], [-106.9088919635886, 47.317262509952], [-106.90878736055441, 47.31726212282136], [-106.90878706771278, 47.31729848916534], [-106.90874519444043, 47.31729833419454], [-106.90874377791232, 47.31747652898683], [-106.9087480829816, 47.317476544919614], [-106.90874743872999, 47.317556550518674]]]}}
{"type": "Feature", "properties": { "height": -1.0, "confidence": -1.0},"geometry": {"type": "Polygon","coordinates": [[[-106.90951136744333, 47.317492856335356], [-106.90951221437481, 47.31755103832779], [-106.90964362990931, 47.3175501653744], [-106.90964278297783, 47.317491983381025], [-106.90951136744333, 47.317492856335356]]]}}
{"type": "Feature", "properties": { "height": 2.523507833480835, "confidence": -1.0},"geometry": {"type": "Polygon","coordinates": [[[-106.91309378700177, 47.32225077270468], [-106.91301568280674, 47.32225616427166], [-106.9130268987458, 47.32233082510838], [-106.9131049958619, 47.322325437742876], [-106.91309378700177, 47.32225077270468]]]}}
{"type": "Feature", "properties": { "height": 4.724808216094971, "confidence": -1.0},"geometry": {"type": "Polygon","coordinates": [[[-106.92314780939944, 47.087393271375184], [-106.92301248108997, 47.0875368564882], [-106.92311697183749, 47.08758251259598], [-106.92325230014697, 47.08743892760603], [-106.92314780939944, 47.087393271375184]]]}}
{"type": "Feature", "properties": { "height": 3.17905330657959, "confidence": -1.0},"geometry": {"type": "Polygon","coordinates": [[[-106.96960528073211, 47.41122516614811], [-106.96949801594894, 47.41119268173448], [-106.96938201137817, 47.4113681061362], [-106.96948927616134, 47.41140059044162], [-106.96960528073211, 47.41122516614811]]]}}
{"type": "Feature", "properties": { "height": -1.0, "confidence": -1.0},"geometry": {"type": "Polygon","coordinates": [[[-107.222343, 47.339781], [-107.222326, 47.339746], [-107.222256, 47.339762], [-107.222273, 47.339797], [-107.222343, 47.339781]]]}}
{"type": "Feature", "properties": { "height": -1.0, "confidence": -1.0},"geometry": {"type": "Polygon","coordinates": [[[-107.242871, 47.411655], [-107.242892, 47.411609], [-107.242818, 47.411594], [-107.242797, 47.41164], [-107.242871, 47.411655]]]}}
{"type": "Feature", "properties": { "height": -1.0, "confidence": -1.0},"geometry": {"type": "Polygon","coordinates": [[[-107.32023531768102, 47.4346440669316], [-107.3206066214844, 47.43467827464156], [-107.32061881588889, 47.43461771092477], [-107.32029491257104, 47.43458787012339], [-107.32030423770391, 47.434541556619614], [-107.32025683721835, 47.43453718966781], [-107.32023531768102, 47.4346440669316]]]}}
{"type": "Feature", "properties": { "height": -1.0, "confidence": -1.0},"geometry": {"type": "Polygon","coordinates": [[[-107.391357, 47.413313], [-107.391333, 47.413313], [-107.391333, 47.41342], [-107.39128, 47.41342], [-107.39128, 47.413493], [-107.391357, 47.413493], [-107.391357, 47.413313]]]}}
{"type": "Feature", "properties": { "height": 4.274333953857422, "confidence": -1.0},"geometry": {"type": "Polygon","coordinates": [[[-107.463606136804, 47.48087363124139], [-107.46348062614574, 47.4808600122752], [-107.46343906413631, 47.481034962884735], [-107.46362368513711, 47.481054995754256], [-107.46365958508851, 47.4809039448801], [-107.46360046014406, 47.48089752653188], [-107.463606136804, 47.48087363124139]]]}}
{"type": "Feature", "properties": { "height": -1.0, "confidence": -1.0},"geometry": {"type": "Polygon","coordinates": [[[-106.90461333335917, 47.32454230984923], [-106.90477694659273, 47.32454265138008], [-106.90477685425056, 47.3245634499409], [-106.904829475953, 47.324563557288414], [-106.9048295786911, 47.32454094312432], [-106.90496738973994, 47.324541230794964], [-106.90496768840701, 47.324473960880056], [-106.9048630832249, 47.32447374252397], [-106.90486301511712, 47.324489082705306], [-106.9047503633588, 47.32448885289702], [-106.90475046022381, 47.32446703561046], [-106.90468876997521, 47.32446690976302], [-106.90468886684022, 47.32444509246741], [-106.904613765668, 47.32444493926174], [-106.90461333335917, 47.32454230984923]]]}}
{"type": "Feature", "properties": { "height": -1.0, "confidence": -1.0},"geometry": {"type": "Polygon","coordinates": [[[-106.90671315130885, 47.31783092561248], [-106.90662046317716, 47.317828928999035], [-106.90661765970647, 47.317888874207696], [-106.9067103416557, 47.31789087068571], [-106.90671315130885, 47.31783092561248]]]}}
{"type": "Feature", "properties": { "height": 3.623459815979004, "confidence": -1.0},"geometry": {"type": "Polygon","coordinates": [[[-106.90763375862669, 47.31702732074484], [-106.90763538602936, 47.317110287589756], [-106.90766386393506, 47.31711003220806], [-106.90766504749277, 47.31717069050317], [-106.9077910891454, 47.31716955421855], [-106.90778969286191, 47.31709799354541], [-106.90785673635622, 47.31709739231841], [-106.90785533015467, 47.31702532323847], [-106.90763375862669, 47.31702732074484]]]}}
{"type": "Feature", "properties": { "height": 3.000002384185791, "confidence": -1.0},"geometry": {"type": "Polygon","coordinates": [[[-106.90918426762917, 47.317925632811786], [-106.9091863979515, 47.31800379508401], [-106.90941162661542, 47.318000973843034], [-106.9094094962931, 47.317922811566625], [-106.90918426762917, 47.317925632811786]]]}}
{"type": "Feature", "properties": { "height": 3.9831013679504395, "confidence": -1.0},"geometry": {"type": "Polygon","coordinates": [[[-106.97078785288953, 47.41098100419713], [-106.97073044234592, 47.411132591455214], [-106.97085989902453, 47.41115505132099], [-106.97088183676208, 47.41109714263315], [-106.9708566688353, 47.41109277616254], [-106.97087279952464, 47.41105019620085], [-106.97090300103679, 47.41105543596977], [-106.97092235786403, 47.41100433997539], [-106.97078785288953, 47.41098100419713]]]}}
{"type": "Feature", "properties": { "height": -1.0, "confidence": -1.0},"geometry": {"type": "Polygon","coordinates": [[[-107.223478, 47.341177], [-107.223478, 47.341264], [-107.223675, 47.341264], [-107.223675, 47.34118], [-107.223813, 47.34118], [-107.223813, 47.341082], [-107.223676, 47.341082], [-107.223676, 47.341177], [-107.223478, 47.341177]]]}}
{"type": "Feature", "properties": { "height": 4.237552165985107, "confidence": -1.0},"geometry": {"type": "Polygon","coordinates": [[[-107.25843868626143, 47.278514230584626], [-107.25863982718546, 47.2785127120157], [-107.25863769189324, 47.27838170920751], [-107.25843655096921, 47.27838322778019], [-107.25843868626143, 47.278514230584626]]]}}
{"type": "Feature", "properties": { "height": -1.0, "confidence": -1.0},"geometry": {"type": "Polygon","coordinates": [[[-107.264021, 47.468286], [-107.263977, 47.468292], [-107.263991, 47.468335], [-107.264035, 47.468328], [-107.264021, 47.468286]]]}}
{"type": "Feature", "properties": { "height": -1.0, "confidence": -1.0},"geometry": {"type": "Polygon","coordinates": [[[-106.90768746574878, 47.31103443053323], [-106.90758519192657, 47.31108264773696], [-106.9076731955829, 47.311168459107755], [-106.90777546343392, 47.311120244797436], [-106.90768746574878, 47.31103443053323]]]}}
{"type": "Feature", "properties": { "height": -1.0, "confidence": -1.0},"geometry": {"type": "Polygon","coordinates": [[[-107.03609330969351, 47.399404968355164], [-107.03588173904491, 47.39925361330523], [-107.03583362142678, 47.399284430447885], [-107.03604519207538, 47.39943578540932], [-107.03609330969351, 47.399404968355164]]]}}
{"type": "Feature", "properties": { "height": 4.7549824714660645, "confidence": -1.0},"geometry": {"type": "Polygon","coordinates": [[[-107.265964, 47.336891], [-107.265964, 47.336774], [-107.26587, 47.336774], [-107.26587, 47.336838], [-107.265841, 47.336838], [-107.265841, 47.336891], [-107.265964, 47.336891]]]}}
{"type": "Feature", "properties": { "height": 9.69412899017334, "confidence": -1.0},"geometry": {"type": "Polygon","coordinates": [[[-107.323744, 47.171452], [-107.323711, 47.171516], [-107.323783, 47.171533], [-107.323816, 47.171469], [-107.323744, 47.171452]]]}}
{"type": "Feature", "properties": { "height": -1.0, "confidence": -1.0},"geometry": {"type": "Polygon","coordinates": [[[-107.393842, 47.409926], [-107.393589, 47.410205], [-107.393238, 47.41028], [-107.393194, 47.410329], [-107.393259, 47.410386], [-107.393655, 47.410301], [-107.393787, 47.410579], [-107.393941, 47.410602], [-107.394009, 47.410662], [-107.393826, 47.410757], [-107.393815, 47.410791], [-107.393953, 47.410848], [-107.39402, 47.410834], [-107.394151, 47.41069], [-107.394912, 47.410805], [-107.39495, 47.410838], [-107.394993, 47.410709], [-107.394775, 47.410517], [-107.394497, 47.410475], [-107.394562, 47.410278], [-107.394412, 47.410146], [-107.394421, 47.410118], [-107.394528, 47.410095], [-107.394624, 47.409803], [-107.394558, 47.409793], [-107.394522, 47.409833], [-107.394558, 47.409838], [-107.394472, 47.409857], [-107.394383, 47.409954], [-107.394285, 47.409939], [-107.394225, 47.409886], [-107.394147, 47.409972], [-107.393842, 47.409926]]]}}
{"type": "Feature", "properties": { "height": -1.0, "confidence": -1.0},"geometry": {"type": "Polygon","coordinates": [[[-107.441979, 47.426621], [-107.44199, 47.426665], [-107.442041, 47.426659], [-107.44203, 47.426615], [-107.441979, 47.426621]]]}}
{"type": "Feature", "properties": { "height": -1.0, "confidence": -1.0},"geometry": {"type": "Polygon","coordinates": [[[-107.532518, 47.402148], [-107.53248, 47.402094], [-107.532195, 47.402185], [-107.532233, 47.402239], [-107.532518, 47.402148]]]}}
{"type": "Feature", "properties": { "height": 4.767742156982422, "confidence": -1.0},"geometry": {"type": "Polygon","coordinates": [[[-106.879444, 47.209391], [-106.879444, 47.209327], [-106.879361, 47.209327], [-106.879361, 47.209391], [-106.879444, 47.209391]]]}}
{"type": "Feature", "properties": { "height": -1.0, "confidence": -1.0},"geometry": {"type": "Polygon","coordinates": [[[-106.9028239149263, 47.318574970425026], [-106.90282237138592, 47.31853499460989], [-106.90273508694887, 47.31853654348581], [-106.90273663461352, 47.31857651922659], [-106.9028239149263, 47.318574970425026]]]}}
{"type": "Feature", "properties": { "height": 2.7053890228271484, "confidence": -1.0},"geometry": {"type": "Polygon","coordinates": [[[-106.91034533964309, 47.32326427128153], [-106.91046767256182, 47.32326541463076], [-106.91047129608403, 47.32308726798634], [-106.9105072016563, 47.32308760356851], [-106.91050850233924, 47.32302397968315], [-106.91042163791401, 47.32302316782622], [-106.91042003243926, 47.323102099467704], [-106.91034866868459, 47.32310142909927], [-106.91034533964309, 47.32326427128153]]]}}
{"type": "Feature", "properties": { "height": -1.0, "confidence": -1.0},"geometry": {"type": "Polygon","coordinates": [[[-106.910507, 47.324274], [-106.910314, 47.324274], [-106.910314, 47.324311], [-106.910507, 47.324311], [-106.910507, 47.324274]]]}}
{"type": "Feature", "properties": { "height": 3.2931346893310547, "confidence": -1.0},"geometry": {"type": "Polygon","coordinates": [[[-106.9115269311507, 47.32308361260989], [-106.91182185925518, 47.323079666800425], [-106.91181693790703, 47.32291064239446], [-106.91168019851315, 47.322912471821105], [-106.9116827385638, 47.3229997102887], [-106.91152454985321, 47.32300182668065], [-106.9115269311507, 47.32308361260989]]]}}
{"type": "Feature", "properties": { "height": 3.058164119720459, "confidence": -1.0},"geometry": {"type": "Polygon","coordinates": [[[-106.9396335720604, 47.32770328522833], [-106.93954586566721, 47.32774525813043], [-106.93973669527199, 47.32792845384402], [-106.93982440166515, 47.32788648108751], [-106.9396335720604, 47.32770328522833]]]}}
{"type": "Feature", "properties": { "height": -1.0, "confidence": -1.0},"geometry": {"type": "Polygon","coordinates": [[[-106.94253753509476, 47.06172135456132], [-106.94219870282176, 47.061578079811916], [-106.94224557493571, 47.06152664066049], [-106.94213714860835, 47.061480792615114], [-106.94204340438046, 47.061583670956814], [-106.9424906629808, 47.06177279352487], [-106.94253753509476, 47.06172135456132]]]}}
{"type": "Feature", "properties": { "height": -1.0, "confidence": -1.0},"geometry": {"type": "Polygon","coordinates": [[[-107.17844346303025, 47.17490363055217], [-107.1784548081205, 47.17499780876218], [-107.17855605316805, 47.174992173102716], [-107.1785447080778, 47.17489799488272], [-107.17844346303025, 47.17490363055217]]]}}
{"type": "Feature", "properties": { "height": 3.1103270053863525, "confidence": -1.0},"geometry": {"type": "Polygon","coordinates": [[[-106.90615332612404, 47.317937404602525], [-106.90626319107912, 47.317935095325446], [-106.90625961854762, 47.317856981358815], [-106.9061041998307, 47.317860248145834], [-106.9061068584588, 47.31791837947724], [-106.90615241222065, 47.31791742197176], [-106.90615332612404, 47.317937404602525]]]}}
{"type": "Feature", "properties": { "height": -1.0, "confidence": -1.0},"geometry": {"type": "Polygon","coordinates": [[[-106.923482, 47.326444], [-106.923286, 47.326444], [-106.923285, 47.326622], [-106.923207, 47.326622], [-106.923207, 47.326752], [-106.923295, 47.326752], [-106.923295, 47.326728], [-106.923392, 47.326729], [-106.923392, 47.326775], [-106.923472, 47.326775], [-106.923472, 47.326842], [-106.923665, 47.326843], [-106.923666, 47.326694], [-106.923481, 47.326693], [-106.923482, 47.326444]]]}}
{"type": "Feature", "properties": { "height": -1.0, "confidence": -1.0},"geometry": {"type": "Polygon","coordinates": [[[-106.994438, 47.064167], [-106.994459, 47.06421], [-106.994766, 47.06414], [-106.994745, 47.064097], [-106.994438, 47.064167]]]}}
{"type": "Feature", "properties": { "height": 4.965063571929932, "confidence": -1.0},"geometry": {"type": "Polygon","coordinates": [[[-107.03736395041219, 47.39964698828096], [-107.03719356189322, 47.399643218659094], [-107.03718755649136, 47.39976758651856], [-107.03735793177438, 47.399771363910055], [-107.03736395041219, 47.39964698828096]]]}}
{"type": "Feature", "properties": { "height": -1.0, "confidence": -1.0},"geometry": {"type": "Polygon","coordinates": [[[-107.072757, 47.307579], [-107.07281, 47.307579], [-107.07281, 47.307536], [-107.072757, 47.307536], [-107.072757, 47.307579]]]}}
{"type": "Feature", "properties": { "height": -1.0, "confidence": -1.0},"geometry": {"type": "Polygon","coordinates": [[[-107.084429, 47.425254], [-107.08438, 47.425311], [-107.084452, 47.425339], [-107.084501, 47.425282], [-107.084429, 47.425254]]]}}
{"type": "Feature", "properties": { "height": -1.0, "confidence": -1.0},"geometry": {"type": "Polygon","coordinates": [[[-107.098653, 47.514556], [-107.098758, 47.514556], [-107.098758, 47.514471], [-107.098653, 47.514471], [-107.098653, 47.514556]]]}}
{"type": "Feature", "properties": { "height": -1.0, "confidence": -1.0},"geometry": {"type": "Polygon","coordinates": [[[-107.227149, 47.290274], [-107.227146, 47.290204], [-107.226722, 47.290213], [-107.226726, 47.290283], [-107.227149, 47.290274]]]}}
{"type": "Feature", "properties": { "height": -1.0, "confidence": -1.0},"geometry": {"type": "Polygon","coordinates": [[[-107.375353, 47.415444], [-107.375556, 47.415491], [-107.375717, 47.415456], [-107.375807, 47.41565], [-107.375973, 47.415688], [-107.376524, 47.41557], [-107.376935, 47.41529], [-107.377053, 47.415317], [-107.377054, 47.415297], [-107.376981, 47.415141], [-107.376851, 47.415137], [-107.376839, 47.415161], [-107.37677, 47.415176], [-107.376765, 47.415249], [-107.376737, 47.415268], [-107.376309, 47.41517], [-107.376317, 47.415165], [-107.376308, 47.415147], [-107.376144, 47.415142], [-107.376141, 47.4152], [-107.376107, 47.415207], [-107.37597, 47.415301], [-107.375899, 47.415284], [-107.375917, 47.415017], [-107.375412, 47.415002], [-107.375279, 47.414913], [-107.375258, 47.414955], [-107.375224, 47.414932], [-107.375212, 47.414957], [-107.375196, 47.414946], [-107.375147, 47.414979], [-107.375141, 47.414991], [-107.375353, 47.415444]]]}}
{"type": "Feature", "properties": { "height": -1.0, "confidence": -1.0},"geometry": {"type": "Polygon","coordinates": [[[-107.551887, 47.283785], [-107.551498, 47.283789], [-107.5515, 47.283844], [-107.551889, 47.283839], [-107.551887, 47.283785]]]}}
{"type": "Feature", "properties": { "height": 3.945401191711426, "confidence": -1.0},"geometry": {"type": "Polygon","coordinates": [[[-106.90295819075003, 47.32077696711557], [-106.90296395670563, 47.32101873075889], [-106.9030819430624, 47.32101743766047], [-106.90307791122878, 47.32084838499953], [-106.90313422289904, 47.320847767836945], [-106.90313248877705, 47.3207750568478], [-106.90295819075003, 47.32077696711557]]]}}
{"type": "Feature", "properties": { "height": 2.655174732208252, "confidence": -1.0},"geometry": {"type": "Polygon","coordinates": [[[-106.90853028614461, 47.32125612017372], [-106.9085321580697, 47.321347689839634], [-106.90862333566663, 47.321346833317804], [-106.90862146365313, 47.321255259325376], [-106.90853028614461, 47.32125612017372]]]}}
{"type": "Feature", "properties": { "height": 4.3226399421691895, "confidence": -1.0},"geometry": {"type": "Polygon","coordinates": [[[-106.91086482342263, 47.32095296803668], [-106.91114533988083, 47.32094097659145], [-106.91114752998992, 47.32096452015429], [-106.9112597365732, 47.32095972357755], [-106.91123935171159, 47.32074058691331], [-106.9111271451283, 47.32074538350994], [-106.91112866135768, 47.32076168296104], [-106.9108481448995, 47.32077367444699], [-106.91086482342263, 47.32095296803668]]]}}
{"type": "Feature", "properties": { "height": 4.228029727935791, "confidence": -1.0},"geometry": {"type": "Polygon","coordinates": [[[-106.91238845133594, 47.32044267245516], [-106.91237116932155, 47.32022328785132], [-106.91233105059351, 47.320224740183725], [-106.91232847971536, 47.3201921043806], [-106.91228568640545, 47.320193653536066], [-106.91228225856788, 47.3201501391018], [-106.91207631576401, 47.32015759441804], [-106.91207445901867, 47.32013402408785], [-106.91191398410655, 47.32013983342705], [-106.91193912158205, 47.32045893850824], [-106.91238845133594, 47.32044267245516]]]}}
{"type": "Feature", "properties": { "height": -1.0, "confidence": -1.0},"geometry": {"type": "Polygon","coordinates": [[[-106.918374, 47.363761], [-106.91834, 47.363806], [-106.918414, 47.363832], [-106.918448, 47.363787], [-106.918374, 47.363761]]]}}
{"type": "Feature", "properties": { "height": 3.8121023178100586, "confidence": -1.0},"geometry": {"type": "Polygon","coordinates": [[[-107.39532492117566, 47.049713160744005], [-107.39531803547507, 47.049517724484716], [-107.39516791853421, 47.04952018710345], [-107.39517480423477, 47.04971562335371], [-107.39532492117566, 47.049713160744005]]]}}
{"type": "Feature", "properties": { "height": 2.9761908054351807, "confidence": -1.0},"geometry": {"type": "Polygon","coordinates": [[[-107.39899623921426, 47.36128006803858], [-107.39885906597779, 47.36129442056211], [-107.39887807626829, 47.3613778236779], [-107.39901525792148, 47.361363470296396], [-107.39899623921426, 47.36128006803858]]]}}
{"type": "Feature", "properties": { "height": 3.560094118118286, "confidence": -1.0},"geometry": {"type": "Polygon","coordinates": [[[-106.90643945694036, 47.3242167138218], [-106.90643141331473, 47.32421681914461], [-106.90643322605791, 47.32428043001367], [-106.90655388044223, 47.32427885017339], [-106.90654947806597, 47.32412436649676], [-106.90643686730725, 47.32412584101866], [-106.90643945694036, 47.3242167138218]]]}}
{"type": "Feature", "properties": { "height": 2.9287688732147217, "confidence": -1.0},"geometry": {"type": "Polygon","coordinates": [[[-106.90910482456597, 47.31858174066223], [-106.9089668962146, 47.31858019621388], [-106.90896516886869, 47.31865109156395], [-106.90910310453734, 47.318652636092146], [-106.90910482456597, 47.31858174066223]]]}}
{"type": "Feature", "properties": { "height": -1.0, "confidence": -1.0},"geometry": {"type": "Polygon","coordinates": [[[-106.91051693783545, 47.29949930248789], [-106.91056116221257, 47.2995621626774], [-106.91060923031577, 47.29954661194872], [-106.91056500463112, 47.29948374988228], [-106.91051693783545, 47.29949930248789]]]}}
{"type": "Feature", "properties": { "height": 3.6755189895629883, "confidence": -1.0},"geometry": {"type": "Polygon","coordinates": [[[-107.0724774575856, 47.307647390457376], [-107.07224679363152, 47.307646591358925], [-107.07224606734403, 47.30774298000821], [-107.07235712490461, 47.307743364748696], [-107.07235669427577, 47.307799742913204], [-107.072563218905, 47.30780045838274], [-107.07256401070639, 47.30769679526109], [-107.07247708759009, 47.30769649413011], [-107.0724774575856, 47.307647390457376]]]}}
{"type": "Feature", "properties": { "height": 4.162499904632568, "confidence": -1.0},"geometry": {"type": "Polygon","coordinates": [[[-107.419588, 47.447421], [-107.419614, 47.447529], [-107.419841, 47.447505], [-107.419816, 47.447396], [-107.419588, 47.447421]]]}}
{"type": "Feature", "properties": { "height": -1.0, "confidence": -1.0},"geometry": {"type": "Polygon","coordinates": [[[-107.54675329468625, 47.47746716311636], [-107.54664074009264, 47.477469409965366], [-107.54664374782051, 47.47753823824129], [-107.54675630241411, 47.47753599139521], [-107.54675329468625, 47.47746716311636]]]}}
{"type": "Feature", "properties": { "height": 3.296264410018921, "confidence": -1.0},"geometry": {"type": "Polygon","coordinates": [[[-106.91166595156339, 47.32383066463208], [-106.91166056839211, 47.32364446084888], [-106.91158719094446, 47.32364543906572], [-106.911592593233, 47.32383163911033], [-106.91166595156339, 47.32383066463208]]]}}
{"type": "Feature", "properties": { "height": -1.0, "confidence": -1.0},"geometry": {"type": "Polygon","coordinates": [[[-107.058576, 47.355839], [-107.058562, 47.355796], [-107.058501, 47.355806], [-107.058515, 47.355849], [-107.058576, 47.355839]]]}}
{"type": "Feature", "properties": { "height": -1.0, "confidence": -1.0},"geometry": {"type": "Polygon","coordinates": [[[-107.387888, 47.40662], [-107.387683, 47.406632], [-107.387693, 47.406713], [-107.387898, 47.4067], [-107.387888, 47.40662]]]}}
{"type": "Feature", "properties": { "height": -1.0, "confidence": -1.0},"geometry": {"type": "Polygon","coordinates": [[[-107.396114, 47.411377], [-107.396158, 47.411335], [-107.39615, 47.41127], [-107.396146, 47.411264], [-107.396031, 47.411209], [-107.396015, 47.411182], [-107.395956, 47.411186], [-107.395935, 47.41115], [-107.395822, 47.411096], [-107.395816, 47.411051], [-107.395669, 47.41106], [-107.395614, 47.411112], [-107.395531, 47.411117], [-107.395537, 47.41116], [-107.395519, 47.411177], [-107.395568, 47.411261], [-107.395515, 47.411275], [-107.395484, 47.411305], [-107.395491, 47.41136], [-107.395467, 47.411383], [-107.395553, 47.411424], [-107.395583, 47.411475], [-107.395652, 47.411471], [-107.395736, 47.411449], [-107.395746, 47.411466], [-107.395801, 47.411451], [-107.395825, 47.41145], [-107.395817, 47.411389], [-107.395783, 47.411373], [-107.395866, 47.411351], [-107.395913, 47.411348], [-107.395989, 47.411385], [-107.396114, 47.411377]]]}}
{"type": "Feature", "properties": { "height": 2.7485692501068115, "confidence": -1.0},"geometry": {"type": "Polygon","coordinates": [[[-106.90615924967138, 47.323726588507526], [-106.90616221671226, 47.32377377464968], [-106.90643530590097, 47.32376588446832], [-106.90643233886006, 47.32371869831914], [-106.90615924967138, 47.323726588507526]]]}}
{"type": "Feature", "properties": { "height": 2.930478096008301, "confidence": -1.0},"geometry": {"type": "Polygon","coordinates": [[[-106.91051485933107, 47.32353986864479], [-106.91043003599988, 47.323540504472554], [-106.91043122227425, 47.32361322176801], [-106.91051605311259, 47.32361258588487], [-106.91051485933107, 47.32353986864479]]]}}
{"type": "Feature", "properties": { "height": -1.0, "confidence": -1.0},"geometry": {"type": "Polygon","coordinates": [[[-106.91229377304809, 47.317383249559384], [-106.91224389224548, 47.317382397531865], [-106.91224048891623, 47.317474224387375], [-106.91229036033275, 47.31747507388679], [-106.91229377304809, 47.317383249559384]]]}}
{"type": "Feature", "properties": { "height": 3.1853890419006348, "confidence": -1.0},"geometry": {"type": "Polygon","coordinates": [[[-106.9128329476952, 47.32364141721325], [-106.91299117063392, 47.32364282842938], [-106.9129929530055, 47.32355100576426], [-106.91283473021247, 47.32354958704052], [-106.9128329476952, 47.32364141721325]]]}}
{"type": "Feature", "properties": { "height": -1.0, "confidence": -1.0},"geometry": {"type": "Polygon","coordinates": [[[-106.91482095033088, 47.31036444870796], [-106.91471906117339, 47.31036317224778], [-106.91471792169867, 47.31040498597258], [-106.91467502100075, 47.31040444851609], [-106.91467412923792, 47.31043717227797], [-106.91471702993584, 47.310437709734124], [-106.91471598954587, 47.31047588743034], [-106.91481787870333, 47.31047716388779], [-106.91482095033088, 47.31036444870796]]]}}
{"type": "Feature", "properties": { "height": -1.0, "confidence": -1.0},"geometry": {"type": "Polygon","coordinates": [[[-107.335916, 47.178118], [-107.335916, 47.178195], [-107.336048, 47.178195], [-107.336048, 47.178118], [-107.335916, 47.178118]]]}}
{"type": "Feature", "properties": { "height": -1.0, "confidence": -1.0},"geometry": {"type": "Polygon","coordinates": [[[-107.380474, 47.317746], [-107.380475, 47.31787], [-107.380624, 47.317869], [-107.380623, 47.317745], [-107.380474, 47.317746]]]}}
{"type": "Feature", "properties": { "height": -1.0, "confidence": -1.0},"geometry": {"type": "Polygon","coordinates": [[[-107.3991509150175, 47.36313201847898], [-107.39921661724242, 47.36315110247165], [-107.39931862843311, 47.362989969399116], [-107.39925292620818, 47.362970885348155], [-107.3991509150175, 47.36313201847898]]]}}
{"type": "Feature", "properties": { "height": 5.947924613952637, "confidence": -1.0},"geometry": {"type": "Polygon","coordinates": [[[-107.43736121040327, 47.46861418449382], [-107.43729952648538, 47.46861374381693], [-107.43729898796366, 47.46864818994428], [-107.43710052666252, 47.46864677211516], [-107.43709993145431, 47.468684844125406], [-107.43730643848387, 47.46868631943302], [-107.4373066935731, 47.468670002861025], [-107.43736033176259, 47.46867038605792], [-107.43736121040327, 47.46861418449382]]]}}
{"type": "Feature", "properties": { "height": -1.0, "confidence": -1.0},"geometry": {"type": "Polygon","coordinates": [[[-107.46220566200738, 47.47243641401956], [-107.46225525897172, 47.472374916679925], [-107.46218082097828, 47.47234748724991], [-107.46213122401394, 47.472408984621666], [-107.46220566200738, 47.47243641401956]]]}}
{"type": "Feature", "properties": { "height": -1.0, "confidence": -1.0},"geometry": {"type": "Polygon","coordinates": [[[-106.91190703788392, 47.31768119218128], [-106.91201038356262, 47.31768411467646], [-106.91201385173694, 47.31762784364017], [-106.911910500259, 47.31762492097786], [-106.91190703788392, 47.31768119218128]]]}}
{"type": "Feature", "properties": { "height": 4.291963577270508, "confidence": -1.0},"geometry": {"type": "Polygon","coordinates": [[[-106.91196936328672, 47.32272703382114], [-106.91196739033292, 47.32263516448012], [-106.91178612856004, 47.32263694460749], [-106.91178809221427, 47.32272882263681], [-106.91196936328672, 47.32272703382114]]]}}
{"type": "Feature", "properties": { "height": -1.0, "confidence": -1.0},"geometry": {"type": "Polygon","coordinates": [[[-107.33770946043475, 47.43562266649468], [-107.33770702392583, 47.43555557802611], [-107.33747017165028, 47.43555951379011], [-107.33747260122175, 47.435626602368934], [-107.33770946043475, 47.43562266649468]]]}}
{"type": "Feature", "properties": { "height": -1.0, "confidence": -1.0},"geometry": {"type": "Polygon","coordinates": [[[-107.402097, 47.219814], [-107.402041, 47.219754], [-107.401955, 47.219791], [-107.40201, 47.219851], [-107.402097, 47.219814]]]}}
{"type": "Feature", "properties": { "height": -1.0, "confidence": -1.0},"geometry": {"type": "Polygon","coordinates": [[[-107.488816, 47.101029], [-107.48865, 47.100906], [-107.488611, 47.100931], [-107.488777, 47.101054], [-107.488816, 47.101029]]]}}
{"type": "Feature", "properties": { "height": -1.0, "confidence": -1.0},"geometry": {"type": "Polygon","coordinates": [[[-106.93406680563133, 47.32667444660093], [-106.93406900942273, 47.326638993165815], [-106.93395923372817, 47.3266358581171], [-106.93395702961365, 47.32667131675281], [-106.93406680563133, 47.32667444660093]]]}}
{"type": "Feature", "properties": { "height": -1.0, "confidence": -1.0},"geometry": {"type": "Polygon","coordinates": [[[-107.231299, 47.485218], [-107.231299, 47.485307], [-107.231441, 47.485307], [-107.231441, 47.485218], [-107.231299, 47.485218]]]}}
{"type": "Feature", "properties": { "height": -1.0, "confidence": -1.0},"geometry": {"type": "Polygon","coordinates": [[[-107.33663787570528, 47.141279375110166], [-107.3365468082802, 47.14127705570022], [-107.33654172945987, 47.14136931544748], [-107.33663279712326, 47.141371630524134], [-107.33663787570528, 47.141279375110166]]]}}
{"type": "Feature", "properties": { "height": -1.0, "confidence": -1.0},"geometry": {"type": "Polygon","coordinates": [[[-107.44215525257569, 47.44055939816559], [-107.44224228360474, 47.44055901502325], [-107.44224172496001, 47.440500965458824], [-107.44215468792429, 47.44050134862805], [-107.44215525257569, 47.44055939816559]]]}}
{"type": "Feature", "properties": { "height": -1.0, "confidence": -1.0},"geometry": {"type": "Polygon","coordinates": [[[-107.566213, 47.279688], [-107.566215, 47.279654], [-107.566185, 47.279588], [-107.56619, 47.279505], [-107.56616, 47.279441], [-107.566063, 47.279439], [-107.56601, 47.279323], [-107.565972, 47.279322], [-107.565954, 47.279284], [-107.565919, 47.279266], [-107.565904, 47.279232], [-107.565726, 47.279228], [-107.565722, 47.279292], [-107.565724, 47.279297], [-107.565723, 47.279312], [-107.565747, 47.279364], [-107.56579, 47.279356], [-107.565826, 47.279435], [-107.565821, 47.27952], [-107.565872, 47.279632], [-107.565922, 47.279633], [-107.565918, 47.279692], [-107.565932, 47.279721], [-107.56608, 47.279725], [-107.566213, 47.279688]]]}}
{"type": "Feature", "properties": { "height": -1.0, "confidence": -1.0},"geometry": {"type": "Polygon","coordinates": [[[-106.90438508719134, 47.32005361722354], [-106.9043845931216, 47.32010452672205], [-106.90449588946208, 47.32010502309037], [-106.904496378276, 47.3200541135689], [-106.90438508719134, 47.32005361722354]]]}}
{"type": "Feature", "properties": { "height": -1.0, "confidence": -1.0},"geometry": {"type": "Polygon","coordinates": [[[-106.9086166975505, 47.320496959635335], [-106.90874135456059, 47.32049552835676], [-106.90874026456883, 47.32045190259602], [-106.90861560305595, 47.32045333392746], [-106.9086166975505, 47.320496959635335]]]}}
{"type": "Feature", "properties": { "height": 3.079859733581543, "confidence": -1.0},"geometry": {"type": "Polygon","coordinates": [[[-106.90911834245914, 47.32307031698003], [-106.90920786861567, 47.32307146801936], [-106.90920931235492, 47.3230198699442], [-106.9091197807545, 47.323018723081404], [-106.90911834245914, 47.32307031698003]]]}}
{"type": "Feature", "properties": { "height": 3.43805193901062, "confidence": -1.0},"geometry": {"type": "Polygon","coordinates": [[[-106.91275888977323, 47.31960355397128], [-106.91288756186896, 47.319601466070175], [-106.91288357201036, 47.319488796618074], [-106.91275489991462, 47.31949088452363], [-106.91275888977323, 47.31960355397128]]]}}
{"type": "Feature", "properties": { "height": 3.0137829780578613, "confidence": -1.0},"geometry": {"type": "Polygon","coordinates": [[[-106.91334262861169, 47.29957307967108], [-106.91334556518628, 47.29964214346617], [-106.91344472447089, 47.2996402043936], [-106.91344178789636, 47.29957114059596], [-106.91334262861169, 47.29957307967108]]]}}
{"type": "Feature", "properties": { "height": 2.5263590812683105, "confidence": -1.0},"geometry": {"type": "Polygon","coordinates": [[[-106.91536976956755, 47.32034267641593], [-106.91548498173825, 47.32034012913032], [-106.91548037946683, 47.32024467559845], [-106.91536516755941, 47.32024722834914], [-106.91536976956755, 47.32034267641593]]]}}
{"type": "Feature", "properties": { "height": -1.0, "confidence": -1.0},"geometry": {"type": "Polygon","coordinates": [[[-107.006977, 47.335894], [-107.006982, 47.335948], [-107.007072, 47.335944], [-107.007067, 47.33589], [-107.006977, 47.335894]]]}}
{"type": "Feature", "properties": { "height": 3.205904960632324, "confidence": -1.0},"geometry": {"type": "Polygon","coordinates": [[[-107.17762970690627, 47.17458566558898], [-107.1775894821054, 47.17449550081349], [-107.17742245313342, 47.174529933391014], [-107.17746267793427, 47.17462009810804], [-107.17762970690627, 47.17458566558898]]]}}
{"type": "Feature", "properties": { "height": 3.412154197692871, "confidence": -1.0},"geometry": {"type": "Polygon","coordinates": [[[-107.2983826523834, 47.42637943740291], [-107.29797810303734, 47.42638870862391], [-107.29798354831118, 47.42649746051814], [-107.2982327078422, 47.42649175044037], [-107.29823157402097, 47.42646910601131], [-107.29838696420401, 47.42646555223499], [-107.2983826523834, 47.42637943740291]]]}}
{"type": "Feature", "properties": { "height": 3.6579222679138184, "confidence": -1.0},"geometry": {"type": "Polygon","coordinates": [[[-107.39858905177883, 47.363346745821204], [-107.39849646640553, 47.363320770732166], [-107.3984229258158, 47.36344101405393], [-107.39851551950312, 47.36346699580581], [-107.39858905177883, 47.363346745821204]]]}}
{"type": "Feature", "properties": { "height": -1.0, "confidence": -1.0},"geometry": {"type": "Polygon","coordinates": [[[-107.546327, 47.474988], [-107.546355, 47.475044], [-107.546707, 47.474964], [-107.546679, 47.474908], [-107.546327, 47.474988]]]}}
{"type": "Feature", "properties": { "height": 3.33197283744812, "confidence": -1.0},"geometry": {"type": "Polygon","coordinates": [[[-106.90753635557653, 47.32304442541699], [-106.90773478235579, 47.32304215665737], [-106.9077325569533, 47.32295309154533], [-106.90753413017401, 47.322955360308775], [-106.90753635557653, 47.32304442541699]]]}}
{"type": "Feature", "properties": { "height": 3.4034738540649414, "confidence": -1.0},"geometry": {"type": "Polygon","coordinates": [[[-106.91018243162291, 47.317968068623], [-106.9102881387187, 47.31796873067322], [-106.9102902096869, 47.31781676136663], [-106.91018451834779, 47.31781609439838], [-106.91018243162291, 47.317968068623]]]}}
{"type": "Feature", "properties": { "height": 2.7909300327301025, "confidence": -1.0},"geometry": {"type": "Polygon","coordinates": [[[-106.91086656296648, 47.3232571649315], [-106.91114107202866, 47.323253570458846], [-106.91113988079742, 47.3232117682267], [-106.91086536742081, 47.323215362758695], [-106.91086656296648, 47.3232571649315]]]}}
{"type": "Feature", "properties": { "height": -1.0, "confidence": -1.0},"geometry": {"type": "Polygon","coordinates": [[[-106.911875, 47.299089], [-106.911682, 47.299089], [-106.911682, 47.299127], [-106.911875, 47.299127], [-106.911875, 47.299089]]]}}
{"type": "Feature", "properties": { "height": 2.799152135848999, "confidence": -1.0},"geometry": {"type": "Polygon","coordinates": [[[-106.91437599904586, 47.323930806120465], [-106.91443402952689, 47.323931563219546], [-106.91443841596436, 47.32377707811054], [-106.91438040142809, 47.32377632121726], [-106.91437599904586, 47.323930806120465]]]}}
{"type": "Feature", "properties": { "height": -1.0, "confidence": -1.0},"geometry": {"type": "Polygon","coordinates": [[[-106.915444, 47.326439], [-106.915569, 47.326461], [-106.915555, 47.326497], [-106.915638, 47.326512], [-106.91567, 47.326434], [-106.915571, 47.326416], [-106.915592, 47.326364], [-106.915482, 47.326344], [-106.915444, 47.326439]]]}}
{"type": "Feature", "properties": { "height": 14.31404972076416, "confidence": -1.0},"geometry": {"type": "Polygon","coordinates": [[[-107.036723, 47.371366], [-107.036712, 47.371421], [-107.036764, 47.371426], [-107.036776, 47.371371], [-107.036723, 47.371366]]]}}
{"type": "Feature", "properties": { "height": -1.0, "confidence": -1.0},"geometry": {"type": "Polygon","coordinates": [[[-107.24722665323702, 47.420378519303], [-107.2472160077538, 47.42033545869547], [-107.24713869260486, 47.42034420552534], [-107.24714933463524, 47.42038727017779], [-107.24722665323702, 47.420378519303]]]}}
{"type": "Feature", "properties": { "height": -1.0, "confidence": -1.0},"geometry": {"type": "Polygon","coordinates": [[[-107.50181678130362, 47.104232751706284], [-107.50172151115085, 47.10410841753604], [-107.5015517983712, 47.10416866673209], [-107.50164708344454, 47.10429300354896], [-107.50181678130362, 47.104232751706284]]]}}
{"type": "Feature", "properties": { "height": -1.0, "confidence": -1.0},"geometry": {"type": "Polygon","coordinates": [[[-107.57001921931413, 47.45567367834397], [-107.5699939897899, 47.45562322459971], [-107.56993246716024, 47.45563728995065], [-107.56995769199777, 47.455687744752886], [-107.57001921931413, 47.45567367834397]]]}}
{"type": "Feature", "properties": { "height": 3.8708317279815674, "confidence": -1.0},"geometry": {"type": "Polygon","coordinates": [[[-106.90608804043067, 47.31821605496714], [-106.90608936828286, 47.318314236938576], [-106.90618860167464, 47.318313620145965], [-106.90618727382247, 47.31821543817337], [-106.90608804043067, 47.31821605496714]]]}}
{"type": "Feature", "properties": { "height": 3.740844488143921, "confidence": -1.0},"geometry": {"type": "Polygon","coordinates": [[[-106.90872861427121, 47.31906484470106], [-106.9088760858008, 47.31906300448931], [-106.90887376612304, 47.318977572794324], [-106.90873165719452, 47.31897934609216], [-106.90873111429123, 47.31895935142088], [-106.90861581836812, 47.31896079013471], [-106.90861754578772, 47.31902440951537], [-106.90857732627966, 47.3190249113917], [-106.90857925111865, 47.31909580146781], [-106.90872940394878, 47.31909392779875], [-106.90872861427121, 47.31906484470106]]]}}
{"type": "Feature", "properties": { "height": 3.050764560699463, "confidence": -1.0},"geometry": {"type": "Polygon","coordinates": [[[-106.9127182119435, 47.3180393543951], [-106.91287091605408, 47.31803578240741], [-106.91286500001107, 47.317919546560105], [-106.91271229590046, 47.31792311855564], [-106.9127182119435, 47.3180393543951]]]}}
{"type": "Feature", "properties": { "height": -1.0, "confidence": -1.0},"geometry": {"type": "Polygon","coordinates": [[[-106.91640800882075, 47.32061090430274], [-106.91650444257282, 47.3206085434444], [-106.91650202407982, 47.320563146212386], [-106.91640559032776, 47.320565507072764], [-106.91640800882075, 47.32061090430274]]]}}
{"type": "Feature", "properties": { "height": -1.0, "confidence": -1.0},"geometry": {"type": "Polygon","coordinates": [[[-107.094938, 47.27985], [-107.094882, 47.279828], [-107.094843, 47.279875], [-107.094899, 47.279897], [-107.094938, 47.27985]]]}}
{"type": "Feature", "properties": { "height": -1.0, "confidence": -1.0},"geometry": {"type": "Polygon","coordinates": [[[-107.297707, 47.369664], [-107.297778, 47.369658], [-107.297767, 47.36959], [-107.297696, 47.369596], [-107.297707, 47.369664]]]}}
{"type": "Feature", "properties": { "height": -1.0, "confidence": -1.0},"geometry": {"type": "Polygon","coordinates": [[[-107.379865, 47.382856], [-107.380031, 47.382856], [-107.380032, 47.382583], [-107.379866, 47.382583], [-107.379865, 47.382856]]]}}
{"type": "Feature", "properties": { "height": -1.0, "confidence": -1.0},"geometry": {"type": "Polygon","coordinates": [[[-107.38348, 47.384311], [-107.383348, 47.384311], [-107.383348, 47.384453], [-107.38348, 47.384453], [-107.38348, 47.384311]]]}}
{"type": "Feature", "properties": { "height": -1.0, "confidence": -1.0},"geometry": {"type": "Polygon","coordinates": [[[-107.40647966931603, 47.04265901660127], [-107.40668210223977, 47.04265463329419], [-107.40667916877214, 47.04259158241421], [-107.40647672892953, 47.0425959562211], [-107.40647966931603, 47.04265901660127]]]}}
{"type": "Feature", "properties": { "height": -1.0, "confidence": -1.0},"geometry": {"type": "Polygon","coordinates": [[[-107.423219, 47.422499], [-107.42332, 47.422506], [-107.423328, 47.422454], [-107.423227, 47.422447], [-107.423219, 47.422499]]]}}
{"type": "Feature", "properties": { "height": -1.0, "confidence": -1.0},"geometry": {"type": "Polygon","coordinates": [[[-107.551137, 47.283902], [-107.551244, 47.283902], [-107.551244, 47.283771], [-107.551137, 47.283771], [-107.551137, 47.283902]]]}}
{"type": "Feature", "properties": { "height": -1.0, "confidence": -1.0},"geometry": {"type": "Polygon","coordinates": [[[-106.89326321772533, 47.33246696985403], [-106.89325649725123, 47.33237531014026], [-106.89311898395472, 47.332379941382], [-106.8931169317026, 47.3323519114612], [-106.89306447417691, 47.332353675664585], [-106.89306660148277, 47.33238268975462], [-106.89295690141398, 47.33238637908447], [-106.89296354924474, 47.33247704800673], [-106.89326321772533, 47.33246696985403]]]}}
{"type": "Feature", "properties": { "height": 3.8771915435791016, "confidence": -1.0},"geometry": {"type": "Polygon","coordinates": [[[-106.90273042756633, 47.29973770819402], [-106.90274008563418, 47.299859244094286], [-106.90278194458199, 47.299877705259384], [-106.9027438573206, 47.29987909723617], [-106.9026876818458, 47.29985432201358], [-106.90257980520232, 47.29996681420028], [-106.90284370255232, 47.30008320121854], [-106.90294299809918, 47.299979657510654], [-106.90278465968916, 47.29990982519368], [-106.90283294832199, 47.29985947048867], [-106.90287944345887, 47.29985777122828], [-106.90286949853399, 47.29973262554765], [-106.90273042756633, 47.29973770819402]]]}}
{"type": "Feature", "properties": { "height": 2.9734232425689697, "confidence": -1.0},"geometry": {"type": "Polygon","coordinates": [[[-106.90714618392136, 47.325280235530734], [-106.90714106558767, 47.3251905960185], [-106.90699912114049, 47.32519431991008], [-106.90699760586482, 47.32516778222834], [-106.90690654740915, 47.32517017545444], [-106.90690810225132, 47.325197406080385], [-106.90687169351008, 47.32519836298549], [-106.90687397806285, 47.32523830110256], [-106.90695323372448, 47.32523621808381], [-106.90695603244039, 47.32528523313915], [-106.90714618392136, 47.325280235530734]]]}}
{"type": "Feature", "properties": { "height": 4.152806282043457, "confidence": -1.0},"geometry": {"type": "Polygon","coordinates": [[[-106.90738648444382, 47.31986911360995], [-106.90725444083849, 47.31987559152333], [-106.90724788189246, 47.319814091671645], [-106.9069956933464, 47.31982646377527], [-106.90700283789661, 47.31989338972814], [-106.90688276732314, 47.31989928025514], [-106.90689358069645, 47.32000057341666], [-106.90739787710496, 47.31997583324628], [-106.90738648444382, 47.31986911360995]]]}}
{"type": "Feature", "properties": { "height": 3.825796604156494, "confidence": -1.0},"geometry": {"type": "Polygon","coordinates": [[[-106.91083085022589, 47.32100474290221], [-106.91081336554059, 47.32078537543514], [-106.91048173976682, 47.320797522049574], [-106.91049286638476, 47.32093711960191], [-106.91054368001136, 47.320935258432215], [-106.91054657004202, 47.32097151747764], [-106.91066156930225, 47.32096730535942], [-106.91066503733903, 47.321010816184554], [-106.91083085022589, 47.32100474290221]]]}}
{"type": "Feature", "properties": { "height": -1.0, "confidence": -1.0},"geometry": {"type": "Polygon","coordinates": [[[-106.925191, 47.092499], [-106.92515, 47.092441], [-106.925071, 47.092467], [-106.925112, 47.092525], [-106.925191, 47.092499]]]}}
{"type": "Feature", "properties": { "height": -1.0, "confidence": -1.0},"geometry": {"type": "Polygon","coordinates": [[[-106.983536, 47.141551], [-106.983436, 47.141699], [-106.983584, 47.141745], [-106.983683, 47.141597], [-106.983536, 47.141551]]]}}
{"type": "Feature", "properties": { "height": -1.0, "confidence": -1.0},"geometry": {"type": "Polygon","coordinates": [[[-107.015799, 47.09405], [-107.015821, 47.094092], [-107.016047, 47.094038], [-107.016025, 47.093996], [-107.015799, 47.09405]]]}}
{"type": "Feature", "properties": { "height": -1.0, "confidence": -1.0},"geometry": {"type": "Polygon","coordinates": [[[-107.098791, 47.157802], [-107.098859, 47.157911], [-107.098938, 47.157889], [-107.09887, 47.157779], [-107.098791, 47.157802]]]}}
{"type": "Feature", "properties": { "height": -1.0, "confidence": -1.0},"geometry": {"type": "Polygon","coordinates": [[[-107.29880953057454, 47.42565722222229], [-107.29891427010187, 47.425714484417405], [-107.29897458643424, 47.42566398666399], [-107.2988698500671, 47.42560672614164], [-107.29880953057454, 47.42565722222229]]]}}
{"type": "Feature", "properties": { "height": -1.0, "confidence": -1.0},"geometry": {"type": "Polygon","coordinates": [[[-107.31962933043744, 47.434338154648366], [-107.31961305050052, 47.434389323386036], [-107.31968995584752, 47.43440051555773], [-107.31970623467733, 47.4343493503107], [-107.31962933043744, 47.434338154648366]]]}}
{"type": "Feature", "properties": { "height": 6.186683654785156, "confidence": -1.0},"geometry": {"type": "Polygon","coordinates": [[[-107.40249523846781, 47.216567494200554], [-107.40251787556217, 47.21699324646823], [-107.40272145792765, 47.21698825266712], [-107.40269882083328, 47.21656250035934], [-107.40249523846781, 47.216567494200554]]]}}
{"type": "Feature", "properties": { "height": -1.0, "confidence": -1.0},"geometry": {"type": "Polygon","coordinates": [[[-107.48567238880099, 47.04363002536089], [-107.48546730948287, 47.043627276927786], [-107.48546562211594, 47.043685742856255], [-107.48567070743665, 47.04368849136681], [-107.48567238880099, 47.04363002536089]]]}}
{"type": "Feature", "properties": { "height": 4.051915168762207, "confidence": -1.0},"geometry": {"type": "Polygon","coordinates": [[[-107.48653883668588, 47.50609012697299], [-107.48640022774853, 47.506075146378656], [-107.48633578992403, 47.506347208479255], [-107.48647439886136, 47.506362188995936], [-107.48653883668588, 47.50609012697299]]]}}
{"type": "Feature", "properties": { "height": 3.851572275161743, "confidence": -1.0},"geometry": {"type": "Polygon","coordinates": [[[-106.90622469455721, 47.325036113217806], [-106.90622808312428, 47.325170613552416], [-106.90649622582647, 47.325167509639776], [-106.9064928372594, 47.32503300929726], [-106.90622469455721, 47.325036113217806]]]}}
{"type": "Feature", "properties": { "height": 4.367530822753906, "confidence": -1.0},"geometry": {"type": "Polygon","coordinates": [[[-106.90735131256221, 47.32132362875496], [-106.90709931690621, 47.32131971921084], [-106.90709661733874, 47.32139967949281], [-106.90734861299472, 47.321403589031], [-106.90735131256221, 47.32132362875496]]]}}
{"type": "Feature", "properties": { "height": 4.098926544189453, "confidence": -1.0},"geometry": {"type": "Polygon","coordinates": [[[-106.9073763100335, 47.31893356469146], [-106.90746748918578, 47.318934382331776], [-106.90746900145092, 47.318856880087395], [-106.90737782221429, 47.31885606677129], [-106.9073763100335, 47.31893356469146]]]}}
{"type": "Feature", "properties": { "height": 5.230474472045898, "confidence": -1.0},"geometry": {"type": "Polygon","coordinates": [[[-106.919343, 47.365047], [-106.919337, 47.365605], [-106.919608, 47.365606], [-106.919614, 47.365048], [-106.919343, 47.365047]]]}}
{"type": "Feature", "properties": { "height": -1.0, "confidence": -1.0},"geometry": {"type": "Polygon","coordinates": [[[-107.14692421259048, 47.24970625055517], [-107.14695181754992, 47.24974673652861], [-107.14709540273257, 47.24970162565077], [-107.14706779777312, 47.24966113964285], [-107.14692421259048, 47.24970625055517]]]}}
{"type": "Feature", "properties": { "height": -1.0, "confidence": -1.0},"geometry": {"type": "Polygon","coordinates": [[[-107.344, 47.275731], [-107.344, 47.275686], [-107.343925, 47.275686], [-107.343925, 47.275731], [-107.344, 47.275731]]]}}
{"type": "Feature", "properties": { "height": -1.0, "confidence": -1.0},"geometry": {"type": "Polygon","coordinates": [[[-107.40273539520155, 47.385559918958286], [-107.40273306819378, 47.38563070863932], [-107.40292190917229, 47.38563355427581], [-107.40292422886601, 47.385562764488405], [-107.40273539520155, 47.385559918958286]]]}}
{"type": "Feature", "properties": { "height": 2.7025203704833984, "confidence": -1.0},"geometry": {"type": "Polygon","coordinates": [[[-107.08955671883733, 47.350468202222714], [-107.08955339485942, 47.35055355249382], [-107.08948370594311, 47.35055230668915], [-107.08948052341107, 47.35063402490641], [-107.08961990124368, 47.350636516511884], [-107.08962640775366, 47.35046944802938], [-107.08955671883733, 47.350468202222714]]]}}
{"type": "Feature", "properties": { "height": 4.239269256591797, "confidence": -1.0},"geometry": {"type": "Polygon","coordinates": [[[-107.18127782805436, 47.41200224531532], [-107.18126533884964, 47.41183022491125], [-107.18105930611175, 47.41183707527189], [-107.18107179531646, 47.41200909565357], [-107.18127782805436, 47.41200224531532]]]}}
{"type": "Feature", "properties": { "height": -1.0, "confidence": -1.0},"geometry": {"type": "Polygon","coordinates": [[[-107.195699, 47.095898], [-107.195644, 47.095941], [-107.195699, 47.095974], [-107.195754, 47.095931], [-107.195699, 47.095898]]]}}
{"type": "Feature", "properties": { "height": 3.655211925506592, "confidence": -1.0},"geometry": {"type": "Polygon","coordinates": [[[-107.3423608527507, 47.27586385287727], [-107.34251897129116, 47.2758669462959], [-107.34252749251709, 47.27566693505677], [-107.34236937397665, 47.27566384162646], [-107.3423608527507, 47.27586385287727]]]}}
{"type": "Feature", "properties": { "height": -1.0, "confidence": -1.0},"geometry": {"type": "Polygon","coordinates": [[[-107.391624, 47.410985], [-107.391673, 47.411145], [-107.391745, 47.411134], [-107.391751, 47.411154], [-107.391872, 47.411137], [-107.391857, 47.411086], [-107.391761, 47.411099], [-107.39175, 47.411061], [-107.391765, 47.411059], [-107.391737, 47.410969], [-107.391624, 47.410985]]]}}
{"type": "Feature", "properties": { "height": -1.0, "confidence": -1.0},"geometry": {"type": "Polygon","coordinates": [[[-107.551676, 47.284184], [-107.551662, 47.28401], [-107.55156, 47.284014], [-107.551574, 47.284188], [-107.551676, 47.284184]]]}}
{"type": "Feature", "properties": { "height": 2.8518054485321045, "confidence": -1.0},"geometry": {"type": "Polygon","coordinates": [[[-106.91156375674197, 47.3220824442831], [-106.91156275345647, 47.322122433235975], [-106.91183625966501, 47.32212558644077], [-106.91183726295048, 47.322085597490265], [-106.91156375674197, 47.3220824442831]]]}}
{"type": "Feature", "properties": { "height": -1.0, "confidence": -1.0},"geometry": {"type": "Polygon","coordinates": [[[-106.91496759930669, 47.32378047304934], [-106.91506145251334, 47.32377945340267], [-106.91505943255238, 47.323694022336205], [-106.91496557934578, 47.32369504198451], [-106.91496759930669, 47.32378047304934]]]}}
{"type": "Feature", "properties": { "height": -1.0, "confidence": -1.0},"geometry": {"type": "Polygon","coordinates": [[[-107.11270560203586, 47.45016612200088], [-107.11276626327812, 47.45016731059999], [-107.11277439714273, 47.44997702132332], [-107.11271375557851, 47.44997583310546], [-107.11270560203586, 47.45016612200088]]]}}
{"type": "Feature", "properties": { "height": -1.0, "confidence": -1.0},"geometry": {"type": "Polygon","coordinates": [[[-107.247444, 47.379288], [-107.247429, 47.379385], [-107.247532, 47.379392], [-107.247548, 47.379295], [-107.247444, 47.379288]]]}}
{"type": "Feature", "properties": { "height": 3.495702028274536, "confidence": -1.0},"geometry": {"type": "Polygon","coordinates": [[[-107.264062, 47.468373], [-107.264015, 47.468367], [-107.264006, 47.468402], [-107.264053, 47.468408], [-107.264062, 47.468373]]]}}
{"type": "Feature", "properties": { "height": -1.0, "confidence": -1.0},"geometry": {"type": "Polygon","coordinates": [[[-107.407778, 47.475319], [-107.407778, 47.475422], [-107.407942, 47.475422], [-107.407942, 47.475319], [-107.407778, 47.475319]]]}}
{"type": "Feature", "properties": { "height": -1.0, "confidence": -1.0},"geometry": {"type": "Polygon","coordinates": [[[-106.90728, 47.324925], [-106.90728, 47.325021], [-106.907482, 47.325021], [-106.907482, 47.324925], [-106.90728, 47.324925]]]}}
{"type": "Feature", "properties": { "height": 4.319266319274902, "confidence": -1.0},"geometry": {"type": "Polygon","coordinates": [[[-106.9090350377034, 47.32026552032927], [-106.90903091909523, 47.32054844256183], [-106.9092508389693, 47.32054990333968], [-106.90925495742559, 47.32026699154812], [-106.9090350377034, 47.32026552032927]]]}}
{"type": "Feature", "properties": { "height": 2.793653726577759, "confidence": -1.0},"geometry": {"type": "Polygon","coordinates": [[[-106.91370348573707, 47.32293425471105], [-106.9135195547293, 47.322936890034576], [-106.91352124912792, 47.32299141103098], [-106.9137051857624, 47.32298877562957], [-106.91370348573707, 47.32293425471105]]]}}
{"type": "Feature", "properties": { "height": 6.669961929321289, "confidence": -1.0},"geometry": {"type": "Polygon","coordinates": [[[-106.916350503933, 47.31826283458736], [-106.91635149276942, 47.318309330028896], [-106.9163016863996, 47.31830981684191], [-106.91630232454966, 47.318339677906735], [-106.91639350051896, 47.3183387824171], [-106.91639116946877, 47.31822970510131], [-106.91629885666697, 47.31823061175827], [-106.91629955260439, 47.31826333500928], [-106.916350503933, 47.31826283458736]]]}}
{"type": "Feature", "properties": { "height": -1.0, "confidence": -1.0},"geometry": {"type": "Polygon","coordinates": [[[-106.9514217903732, 47.4469295454855], [-106.95151759816835, 47.44691727904208], [-106.95149914966748, 47.44685137871621], [-106.95140334309787, 47.44686364955277], [-106.9514217903732, 47.4469295454855]]]}}
{"type": "Feature", "properties": { "height": 3.59255051612854, "confidence": -1.0},"geometry": {"type": "Polygon","coordinates": [[[-107.09439196984998, 47.28010895446828], [-107.09439714449785, 47.28033089579888], [-107.09455267370849, 47.28032922685228], [-107.09454749906061, 47.28010728551467], [-107.09439196984998, 47.28010895446828]]]}}
{"type": "Feature", "properties": { "height": -1.0, "confidence": -1.0},"geometry": {"type": "Polygon","coordinates": [[[-107.221926, 47.340793], [-107.22192, 47.340825], [-107.222019, 47.340834], [-107.222025, 47.340801], [-107.221926, 47.340793]]]}}
{"type": "Feature", "properties": { "height": 4.510744571685791, "confidence": -1.0},"geometry": {"type": "Polygon","coordinates": [[[-107.313942, 47.327739], [-107.314191, 47.327745], [-107.314196, 47.327643], [-107.313947, 47.327637], [-107.313942, 47.327739]]]}}
{"type": "Feature", "properties": { "height": 2.854691743850708, "confidence": -1.0},"geometry": {"type": "Polygon","coordinates": [[[-107.32733399949912, 47.26253098166698], [-107.32733252216904, 47.26247275074713], [-107.32720649570382, 47.26247422328145], [-107.32720797303388, 47.262532454199686], [-107.32733399949912, 47.26253098166698]]]}}
{"type": "Feature", "properties": { "height": -1.0, "confidence": -1.0},"geometry": {"type": "Polygon","coordinates": [[[-107.401174, 47.349741], [-107.401139, 47.349693], [-107.400988, 47.349743], [-107.401023, 47.349791], [-107.401174, 47.349741]]]}}
{"type": "Feature", "properties": { "height": 14.165872573852539, "confidence": -1.0},"geometry": {"type": "Polygon","coordinates": [[[-107.45939213883315, 47.471811453652876], [-107.45947691512563, 47.47181084402759], [-107.45947574535833, 47.47173651746559], [-107.45939097676083, 47.471737127036405], [-107.45939213883315, 47.471811453652876]]]}}
{"type": "Feature", "properties": { "height": -1.0, "confidence": -1.0},"geometry": {"type": "Polygon","coordinates": [[[-107.551388, 47.284149], [-107.551407, 47.284387], [-107.551558, 47.284381], [-107.551535, 47.284106], [-107.551342, 47.284113], [-107.551345, 47.284151], [-107.551388, 47.284149]]]}}
{"type": "Feature", "properties": { "height": -1.0, "confidence": -1.0},"geometry": {"type": "Polygon","coordinates": [[[-106.902019, 47.321721], [-106.902004, 47.321753], [-106.902154, 47.321784], [-106.902168, 47.321751], [-106.902019, 47.321721]]]}}
{"type": "Feature", "properties": { "height": -1.0, "confidence": -1.0},"geometry": {"type": "Polygon","coordinates": [[[-106.90713704723389, 47.32623273308744], [-106.90721209012447, 47.32623130907269], [-106.90720986186855, 47.32617749340293], [-106.90713481912528, 47.32617892097637], [-106.90713704723389, 47.32623273308744]]]}}
{"type": "Feature", "properties": { "height": 2.801450252532959, "confidence": -1.0},"geometry": {"type": "Polygon","coordinates": [[[-106.90725851368678, 47.32384758360154], [-106.90726079526983, 47.32391663833454], [-106.90740728474358, 47.3239144074585], [-106.90740499603416, 47.32384535283111], [-106.90725851368678, 47.32384758360154]]]}}
{"type": "Feature", "properties": { "height": 3.380830764770508, "confidence": -1.0},"geometry": {"type": "Polygon","coordinates": [[[-106.91154570034183, 47.32361480482781], [-106.9117441746614, 47.3236138914667], [-106.91174315498839, 47.32351207946968], [-106.91154468066884, 47.32351299283254], [-106.91154570034183, 47.32361480482781]]]}}
{"type": "Feature", "properties": { "height": 3.9560861587524414, "confidence": -1.0},"geometry": {"type": "Polygon","coordinates": [[[-106.91481720891544, 47.32193139692616], [-106.91464559595903, 47.32193335100286], [-106.91464780297756, 47.322022418149], [-106.91481941593396, 47.322020464075614], [-106.91481720891544, 47.32193139692616]]]}}
{"type": "Feature", "properties": { "height": 3.9794392585754395, "confidence": -1.0},"geometry": {"type": "Polygon","coordinates": [[[-107.14569749122438, 47.24900840276435], [-107.14575484044832, 47.24909687471549], [-107.14578180596703, 47.249088820364584], [-107.14581641325734, 47.249142208547575], [-107.14596022935716, 47.24909925203201], [-107.14591771182909, 47.24903366077501], [-107.1460570336758, 47.2489920465658], [-107.14600759468965, 47.24891577750025], [-107.14569749122438, 47.24900840276435]]]}}
{"type": "Feature", "properties": { "height": -1.0, "confidence": -1.0},"geometry": {"type": "Polygon","coordinates": [[[-106.89749875419056, 47.32187301196742], [-106.89773081161897, 47.321876678203886], [-106.89773251692334, 47.32182692882567], [-106.89750046425029, 47.32182327367039], [-106.89749875419056, 47.32187301196742]]]}}
{"type": "Feature", "properties": { "height": -1.0, "confidence": -1.0},"geometry": {"type": "Polygon","coordinates": [[[-106.908027, 47.326577], [-106.908035, 47.326628], [-106.908226, 47.326615], [-106.908219, 47.326564], [-106.908027, 47.326577]]]}}
{"type": "Feature", "properties": { "height": -1.0, "confidence": -1.0},"geometry": {"type": "Polygon","coordinates": [[[-106.90883289592249, 47.32593676574316], [-106.90884155212039, 47.32599181067014], [-106.90899537252717, 47.32598069691505], [-106.90898671746395, 47.32592565919186], [-106.90883289592249, 47.32593676574316]]]}}
{"type": "Feature", "properties": { "height": -1.0, "confidence": -1.0},"geometry": {"type": "Polygon","coordinates": [[[-107.023929, 47.484556], [-107.024023, 47.484558], [-107.024024, 47.48453], [-107.02393, 47.484527], [-107.023929, 47.484556]]]}}
{"type": "Feature", "properties": { "height": 17.47930335998535, "confidence": -1.0},"geometry": {"type": "Polygon","coordinates": [[[-107.036761, 47.370933], [-107.036692, 47.370943], [-107.036711, 47.371005], [-107.03678, 47.370995], [-107.036761, 47.370933]]]}}
{"type": "Feature", "properties": { "height": -1.0, "confidence": -1.0},"geometry": {"type": "Polygon","coordinates": [[[-107.125014, 47.509262], [-107.124872, 47.509263], [-107.124873, 47.509533], [-107.125015, 47.509532], [-107.125014, 47.509262]]]}}
{"type": "Feature", "properties": { "height": -1.0, "confidence": -1.0},"geometry": {"type": "Polygon","coordinates": [[[-107.31971730104272, 47.43488762304558], [-107.31971226952382, 47.434950941515254], [-107.31996533468708, 47.43496013070178], [-107.31997035967336, 47.434896812005945], [-107.31971730104272, 47.43488762304558]]]}}
{"type": "Feature", "properties": { "height": -1.0, "confidence": -1.0},"geometry": {"type": "Polygon","coordinates": [[[-107.39857247806138, 47.36076607301014], [-107.39848796248256, 47.360780918200156], [-107.39851888980606, 47.360861708159995], [-107.39860341176856, 47.36084685786431], [-107.39857247806138, 47.36076607301014]]]}}
{"type": "Feature", "properties": { "height": 2.9013407230377197, "confidence": -1.0},"geometry": {"type": "Polygon","coordinates": [[[-107.40237036287797, 47.21597528241381], [-107.40236717098064, 47.215889710099056], [-107.40220366118933, 47.215892523960605], [-107.40220685308668, 47.21597809627081], [-107.40237036287797, 47.21597528241381]]]}}
{"type": "Feature", "properties": { "height": -1.0, "confidence": -1.0},"geometry": {"type": "Polygon","coordinates": [[[-107.44257514548731, 47.442487222370545], [-107.44251098715301, 47.442484710797736], [-107.44250109637584, 47.442600423215154], [-107.44256525471012, 47.44260293478243], [-107.44257514548731, 47.442487222370545]]]}}
{"type": "Feature", "properties": { "height": -1.0, "confidence": -1.0},"geometry": {"type": "Polygon","coordinates": [[[-107.487879, 47.506353], [-107.487802, 47.506358], [-107.487812, 47.506424], [-107.487889, 47.506419], [-107.487879, 47.506353]]]}}
{"type": "Feature", "properties": { "height": -1.0, "confidence": -1.0},"geometry": {"type": "Polygon","coordinates": [[[-107.519245, 47.183902], [-107.519295, 47.18393], [-107.519338, 47.183894], [-107.519287, 47.183866], [-107.519245, 47.183902]]]}}
{"type": "Feature", "properties": { "height": -1.0, "confidence": -1.0},"geometry": {"type": "Polygon","coordinates": [[[-106.90222185595083, 47.29984114153159], [-106.90215843193603, 47.29968176584662], [-106.90203342609773, 47.299704644494774], [-106.90209685011253, 47.299864020110775], [-106.90222185595083, 47.29984114153159]]]}}
{"type": "Feature", "properties": { "height": -1.0, "confidence": -1.0},"geometry": {"type": "Polygon","coordinates": [[[-106.906985, 47.322307], [-106.907157, 47.322307], [-106.907157, 47.322236], [-106.906985, 47.322236], [-106.906985, 47.322307]]]}}
{"type": "Feature", "properties": { "height": 2.5432372093200684, "confidence": -1.0},"geometry": {"type": "Polygon","coordinates": [[[-106.90887613669271, 47.31884553866999], [-106.90909751992352, 47.31884353242593], [-106.9090959067189, 47.318761722690326], [-106.90887451504352, 47.31876372901401], [-106.90887613669271, 47.31884553866999]]]}}
{"type": "Feature", "properties": { "height": -1.0, "confidence": -1.0},"geometry": {"type": "Polygon","coordinates": [[[-106.91198787198567, 47.321803979478396], [-106.91191817649211, 47.321805136800066], [-106.91192038515628, 47.32186608298701], [-106.91199008053007, 47.32186492236205], [-106.91198787198567, 47.321803979478396]]]}}
{"type": "Feature", "properties": { "height": 2.84411883354187, "confidence": -1.0},"geometry": {"type": "Polygon","coordinates": [[[-106.91478730361527, 47.320266431496776], [-106.91506756787585, 47.32026480923273], [-106.91506621673273, 47.320157539092634], [-106.91494686211031, 47.32015822995885], [-106.9149470343729, 47.32017179507701], [-106.91478611375759, 47.32017273417639], [-106.91478730361527, 47.320266431496776]]]}}
{"type": "Feature", "properties": { "height": 2.5755858421325684, "confidence": -1.0},"geometry": {"type": "Polygon","coordinates": [[[-107.05836576619245, 47.35514987977682], [-107.05849875525078, 47.35515086974817], [-107.05850086401087, 47.35502085937748], [-107.05836786142092, 47.355019875609166], [-107.05836576619245, 47.35514987977682]]]}}
{"type": "Feature", "properties": { "height": 4.211206436157227, "confidence": -1.0},"geometry": {"type": "Polygon","coordinates": [[[-107.08919497807297, 47.35154237872416], [-107.08939610194149, 47.351544343294485], [-107.08939768713391, 47.35146985385725], [-107.08934018450873, 47.351469292172986], [-107.0893411463983, 47.351423871686535], [-107.08919752984612, 47.351422468842294], [-107.08919497807297, 47.35154237872416]]]}}
{"type": "Feature", "properties": { "height": -1.0, "confidence": -1.0},"geometry": {"type": "Polygon","coordinates": [[[-107.310703, 47.465595], [-107.310703, 47.465646], [-107.310781, 47.465646], [-107.310781, 47.465595], [-107.310703, 47.465595]]]}}
{"type": "Feature", "properties": { "height": -1.0, "confidence": -1.0},"geometry": {"type": "Polygon","coordinates": [[[-107.40338551360047, 47.21558960099814], [-107.40340278277615, 47.21561282680076], [-107.40345725909432, 47.21559413905066], [-107.40343998801187, 47.21557091389397], [-107.40338551360047, 47.21558960099814]]]}}
{"type": "Feature", "properties": { "height": 14.103596687316895, "confidence": -1.0},"geometry": {"type": "Polygon","coordinates": [[[-107.45910513446674, 47.47197145310524], [-107.45910901353511, 47.472113901520444], [-107.45935569286686, 47.47211082060932], [-107.45935181411619, 47.47196838385198], [-107.45910513446674, 47.47197145310524]]]}}
{"type": "Feature", "properties": { "height": 8.24677562713623, "confidence": -1.0},"geometry": {"type": "Polygon","coordinates": [[[-107.518754, 47.183479], [-107.518835, 47.183489], [-107.518852, 47.183421], [-107.518771, 47.183411], [-107.518754, 47.183479]]]}}
{"type": "Feature", "properties": { "height": -1.0, "confidence": -1.0},"geometry": {"type": "Polygon","coordinates": [[[-107.524895, 47.388691], [-107.524884, 47.388752], [-107.525061, 47.388766], [-107.525072, 47.388706], [-107.524895, 47.388691]]]}}
{"type": "Feature", "properties": { "height": 5.364380836486816, "confidence": -1.0},"geometry": {"type": "Polygon","coordinates": [[[-106.91110541960406, 47.318674082471226], [-106.91110776702014, 47.318770427128385], [-106.91117063333218, 47.31876972020456], [-106.91117183425146, 47.318818801321136], [-106.91091709448415, 47.31882166583525], [-106.9109203858925, 47.318956184210066], [-106.91117244418857, 47.31895334985595], [-106.91117457915615, 47.31904060483955], [-106.91136642494834, 47.31903844756861], [-106.91136443185921, 47.31895664592743], [-106.91157747978049, 47.31895425023859], [-106.91157641229668, 47.318910622693494], [-106.911613952894, 47.318910200555294], [-106.91161884552801, 47.319110159842744], [-106.91166711201025, 47.31910961709567], [-106.91166608900495, 47.31906780748862], [-106.9119556878983, 47.319064551003514], [-106.91195252992543, 47.31893548634772], [-106.91180504900754, 47.31893714474698], [-106.91180384808825, 47.31888806374033], [-106.91178507778962, 47.318888274809524], [-106.91178089681145, 47.318717399838775], [-106.91161613987431, 47.31871925251175], [-106.91161839870868, 47.31881196144539], [-106.91136753717309, 47.3188147823497], [-106.91136348963039, 47.31864936061392], [-106.9111704237015, 47.31865153162106], [-106.9111709574434, 47.318673345505076], [-106.91110541960406, 47.318674082471226]]]}}
{"type": "Feature", "properties": { "height": 2.7090461254119873, "confidence": -1.0},"geometry": {"type": "Polygon","coordinates": [[[-106.91483019184349, 47.32104519935624], [-106.91499502045355, 47.32104695109036], [-106.91499702456268, 47.32096067913131], [-106.9148321872285, 47.32095891948093], [-106.91483019184349, 47.32104519935624]]]}}
{"type": "Feature", "properties": { "height": 3.0285027027130127, "confidence": -1.0},"geometry": {"type": "Polygon","coordinates": [[[-107.12452340997072, 47.51104697700368], [-107.1245210668232, 47.51094735905886], [-107.12411455213442, 47.510951740655585], [-107.12411690560155, 47.51105135848085], [-107.12452340997072, 47.51104697700368]]]}}
{"type": "Feature", "properties": { "height": 2.9840211868286133, "confidence": -1.0},"geometry": {"type": "Polygon","coordinates": [[[-107.16322671123122, 47.39525201651998], [-107.16330829374255, 47.395249565972485], [-107.16330401753603, 47.39518432966469], [-107.16313537042656, 47.395189395434905], [-107.16314244732942, 47.395297358130684], [-107.16322951606608, 47.39529473866692], [-107.16322671123122, 47.39525201651998]]]}}
{"type": "Feature", "properties": { "height": -1.0, "confidence": -1.0},"geometry": {"type": "Polygon","coordinates": [[[-107.249852, 47.432297], [-107.249697, 47.432297], [-107.249697, 47.432384], [-107.249852, 47.432384], [-107.249852, 47.432297]]]}}
{"type": "Feature", "properties": { "height": -1.0, "confidence": -1.0},"geometry": {"type": "Polygon","coordinates": [[[-107.31810303617846, 47.432163991995125], [-107.31796278651609, 47.432158161992625], [-107.31794589288548, 47.432344344099185], [-107.3180861233573, 47.43235017328333], [-107.31810303617846, 47.432163991995125]]]}}
{"type": "Feature", "properties": { "height": -1.0, "confidence": -1.0},"geometry": {"type": "Polygon","coordinates": [[[-106.90584, 47.324132], [-106.9058, 47.324132], [-106.9058, 47.324289], [-106.90584, 47.324289], [-106.90584, 47.324132]]]}}
{"type": "Feature", "properties": { "height": 4.052160263061523, "confidence": -1.0},"geometry": {"type": "Polygon","coordinates": [[[-106.90699154125566, 47.32275212587151], [-106.90716578617392, 47.322749315183756], [-106.90716253287165, 47.322656640238584], [-106.9070794314491, 47.32265798072282], [-106.90708013314173, 47.322677969449714], [-106.90698898964604, 47.32267943965762], [-106.90699154125566, 47.32275212587151]]]}}
{"type": "Feature", "properties": { "height": 4.9949259757995605, "confidence": -1.0},"geometry": {"type": "Polygon","coordinates": [[[-106.9082279796124, 47.32692526408383], [-106.90813533838127, 47.32692702641664], [-106.90813840663222, 47.32700094380813], [-106.90810198811457, 47.32699427500009], [-106.90809994009207, 47.32694481295057], [-106.90804702425919, 47.32693512321193], [-106.90804027097604, 47.3269520669656], [-106.90806601093388, 47.32695678036388], [-106.90808683036404, 47.32695638332424], [-106.90804272105315, 47.327067051915854], [-106.90805125589019, 47.32706861477776], [-106.9079615784117, 47.32707032072587], [-106.90795438798061, 47.32689709574588], [-106.90804283086617, 47.32689540908242], [-106.90804446641407, 47.32693481118715], [-106.90806541490839, 47.326882252105044], [-106.90787345751825, 47.326885912858415], [-106.90788461754639, 47.32715476938372], [-106.90820600344388, 47.32714864037486], [-106.9082423329269, 47.32705749123458], [-106.90822483426706, 47.32705428778616], [-106.90822999134423, 47.32704134888354], [-106.90824081195716, 47.32704333030767], [-106.90823830881857, 47.32698287674146], [-106.90821668720952, 47.32697891748076], [-106.90821573743237, 47.326955979291554], [-106.9082279796124, 47.32692526408383]]]}}
{"type": "Feature", "properties": { "height": 3.7554166316986084, "confidence": -1.0},"geometry": {"type": "Polygon","coordinates": [[[-106.90850928764256, 47.32102230485637], [-106.9088123665349, 47.321021082599756], [-106.9088107967988, 47.32084221193377], [-106.90850771803261, 47.320843448573534], [-106.90850928764256, 47.32102230485637]]]}}
{"type": "Feature", "properties": { "height": 4.652015209197998, "confidence": -1.0},"geometry": {"type": "Polygon","coordinates": [[[-106.91403200806903, 47.3120666393687], [-106.91403492073722, 47.31218569403939], [-106.9142669274048, 47.312183084828256], [-106.91426402729113, 47.312064041020435], [-106.91403200806903, 47.3120666393687]]]}}
{"type": "Feature", "properties": { "height": -1.0, "confidence": -1.0},"geometry": {"type": "Polygon","coordinates": [[[-106.9145628516744, 47.31246092253016], [-106.9146477565412, 47.31246693370723], [-106.91465926342123, 47.31239222176253], [-106.91457435794061, 47.31238621456248], [-106.9145628516744, 47.31246092253016]]]}}
{"type": "Feature", "properties": { "height": -1.0, "confidence": -1.0},"geometry": {"type": "Polygon","coordinates": [[[-107.036897, 47.402993], [-107.036891, 47.402912], [-107.036963, 47.402909], [-107.036957, 47.402826], [-107.036893, 47.402828], [-107.036887, 47.402747], [-107.036783, 47.402751], [-107.036795, 47.402915], [-107.036666, 47.402919], [-107.036672, 47.403001], [-107.036897, 47.402993]]]}}
{"type": "Feature", "properties": { "height": -1.0, "confidence": -1.0},"geometry": {"type": "Polygon","coordinates": [[[-107.332432, 47.140145], [-107.332433, 47.140076], [-107.332369, 47.140075], [-107.332368, 47.140119], [-107.332422, 47.140119], [-107.332421, 47.140145], [-107.332432, 47.140145]]]}}
{"type": "Feature", "properties": { "height": -1.0, "confidence": -1.0},"geometry": {"type": "Polygon","coordinates": [[[-107.382021, 47.384282], [-107.382139, 47.384282], [-107.382139, 47.384208], [-107.382021, 47.384208], [-107.382021, 47.384282]]]}}
{"type": "Feature", "properties": { "height": 3.390177011489868, "confidence": -1.0},"geometry": {"type": "Polygon","coordinates": [[[-106.90418704463761, 47.32078879133612], [-106.90443910525428, 47.32078600489021], [-106.90443615584887, 47.32066339890995], [-106.9041840949446, 47.32066617340648], [-106.90418704463761, 47.32078879133612]]]}}
{"type": "Feature", "properties": { "height": 3.0125279426574707, "confidence": -1.0},"geometry": {"type": "Polygon","coordinates": [[[-106.91186785469682, 47.32376291081509], [-106.91174182496617, 47.32376150571871], [-106.91174012895746, 47.323831404252694], [-106.91186615854309, 47.32383281532472], [-106.91186785469682, 47.32376291081509]]]}}
{"type": "Feature", "properties": { "height": 3.163120985031128, "confidence": -1.0},"geometry": {"type": "Polygon","coordinates": [[[-106.91289576533806, 47.318512524041836], [-106.9130325405233, 47.31851356886209], [-106.91303646309076, 47.3182790338717], [-106.9127602308539, 47.31827692373511], [-106.9127588174553, 47.31836143264873], [-106.91289827439626, 47.31836250457469], [-106.91289576533806, 47.318512524041836]]]}}
{"type": "Feature", "properties": { "height": -1.0, "confidence": -1.0},"geometry": {"type": "Polygon","coordinates": [[[-106.91446024323808, 47.30898039921997], [-106.91434253459276, 47.308937845626204], [-106.91429301176198, 47.30900083266891], [-106.91441071876496, 47.30904338003238], [-106.91446024323808, 47.30898039921997]]]}}
{"type": "Feature", "properties": { "height": 3.9448113441467285, "confidence": -1.0},"geometry": {"type": "Polygon","coordinates": [[[-106.9147591843973, 47.32062660557443], [-106.91459295950364, 47.320628955766416], [-106.9145953296929, 47.32070625232319], [-106.91476155482829, 47.32070391001777], [-106.9147591843973, 47.32062660557443]]]}}
{"type": "Feature", "properties": { "height": 2.893705368041992, "confidence": -1.0},"geometry": {"type": "Polygon","coordinates": [[[-106.9229284513454, 47.30612078569134], [-106.92306392449913, 47.306118818326475], [-106.92306165444938, 47.306046945061695], [-106.92292618850846, 47.30604890589554], [-106.9229284513454, 47.30612078569134]]]}}
{"type": "Feature", "properties": { "height": -1.0, "confidence": -1.0},"geometry": {"type": "Polygon","coordinates": [[[-106.965015, 47.253361], [-106.965049, 47.253421], [-106.965129, 47.2534], [-106.965095, 47.25334], [-106.965015, 47.253361]]]}}
{"type": "Feature", "properties": { "height": -1.0, "confidence": -1.0},"geometry": {"type": "Polygon","coordinates": [[[-106.970391, 47.410834], [-106.970295, 47.410977], [-106.970363, 47.410998], [-106.970459, 47.410856], [-106.970391, 47.410834]]]}}
{"type": "Feature", "properties": { "height": -1.0, "confidence": -1.0},"geometry": {"type": "Polygon","coordinates": [[[-107.0372676223742, 47.403056093742464], [-107.03725553909015, 47.40299917548254], [-107.03718721232718, 47.40300582044756], [-107.03719929561122, 47.4030627387003], [-107.0372676223742, 47.403056093742464]]]}}
{"type": "Feature", "properties": { "height": 4.689298152923584, "confidence": -1.0},"geometry": {"type": "Polygon","coordinates": [[[-107.24142019920605, 47.27660778427214], [-107.24143680938089, 47.276703741418466], [-107.24168021544725, 47.276684347068255], [-107.24166360329895, 47.276588378486046], [-107.24142019920605, 47.27660778427214]]]}}
{"type": "Feature", "properties": { "height": 2.529540777206421, "confidence": -1.0},"geometry": {"type": "Polygon","coordinates": [[[-107.24829135254198, 47.42024860282813], [-107.24841549548148, 47.420546110707235], [-107.24848753690799, 47.420532348550935], [-107.24853523024068, 47.420646644946125], [-107.24859236654446, 47.420635730153656], [-107.24842053027227, 47.42022392571625], [-107.24829135254198, 47.42024860282813]]]}}
{"type": "Feature", "properties": { "height": 3.3374407291412354, "confidence": -1.0},"geometry": {"type": "Polygon","coordinates": [[[-107.36910801316427, 47.1810466957948], [-107.36898764277534, 47.18104241843407], [-107.36897855265428, 47.18116059383764], [-107.36893040449871, 47.181158882897066], [-107.36892383164194, 47.18124433264316], [-107.36903082754321, 47.18124813472714], [-107.36903558237576, 47.18118632003539], [-107.36909710501901, 47.1811885062361], [-107.36910801316427, 47.1810466957948]]]}}
{"type": "Feature", "properties": { "height": 5.175541877746582, "confidence": -1.0},"geometry": {"type": "Polygon","coordinates": [[[-107.420612, 47.448709], [-107.420784, 47.448709], [-107.420784, 47.448532], [-107.420612, 47.448532], [-107.420612, 47.448709]]]}}
{"type": "Feature", "properties": { "height": 3.884321451187134, "confidence": -1.0},"geometry": {"type": "Polygon","coordinates": [[[-107.5443785484996, 47.4774871772326], [-107.54431451162989, 47.47750009071664], [-107.54432360811737, 47.47752069697509], [-107.54422643392607, 47.47754029741549], [-107.54426804941357, 47.477634546665165], [-107.54442925337597, 47.47760203883231], [-107.5443785484996, 47.4774871772326]]]}}
{"type": "Feature", "properties": { "height": 5.279860973358154, "confidence": -1.0},"geometry": {"type": "Polygon","coordinates": [[[-106.90462660976813, 47.29729643924957], [-106.90466124554455, 47.29746784963959], [-106.90468366392396, 47.29746576611693], [-106.90470205495583, 47.297556828521515], [-106.90482971352769, 47.297544964189186], [-106.90477667749502, 47.297282492186255], [-106.90462660976813, 47.29729643924957]]]}}
{"type": "Feature", "properties": { "height": 3.201559066772461, "confidence": -1.0},"geometry": {"type": "Polygon","coordinates": [[[-106.90582395237809, 47.32478395574788], [-106.9056959501369, 47.32474782378663], [-106.90558591381583, 47.32492690309293], [-106.90564534195151, 47.32494368099519], [-106.90570492245844, 47.324846716428695], [-106.90577349508766, 47.32486607280335], [-106.90582395237809, 47.32478395574788]]]}}
{"type": "Feature", "properties": { "height": 3.18790864944458, "confidence": -1.0},"geometry": {"type": "Polygon","coordinates": [[[-106.90626067072395, 47.323035196960454], [-106.90646549536956, 47.32303780124373], [-106.90646756505323, 47.32296328240354], [-106.90626273271634, 47.32296067801883], [-106.90626067072395, 47.323035196960454]]]}}
{"type": "Feature", "properties": { "height": 3.210761785507202, "confidence": -1.0},"geometry": {"type": "Polygon","coordinates": [[[-106.9086993799899, 47.321901785088805], [-106.90870105125862, 47.321805433067816], [-106.90865277817025, 47.32180504830268], [-106.90865236823643, 47.321828681833715], [-106.90851291264785, 47.321827570290495], [-106.90851165131298, 47.32190028878271], [-106.9086993799899, 47.321901785088805]]]}}
{"type": "Feature", "properties": { "height": 3.6536004543304443, "confidence": -1.0},"geometry": {"type": "Polygon","coordinates": [[[-106.922163, 47.322817], [-106.921978, 47.322795], [-106.921962, 47.322855], [-106.922147, 47.322877], [-106.922163, 47.322817]]]}}
{"type": "Feature", "properties": { "height": 3.163483142852783, "confidence": -1.0},"geometry": {"type": "Polygon","coordinates": [[[-106.94283615248109, 47.47610044738111], [-106.94284063202004, 47.476296193262996], [-106.94317046481822, 47.47629274505046], [-106.94316598527931, 47.47609699915572], [-106.94283615248109, 47.47610044738111]]]}}
{"type": "Feature", "properties": { "height": -1.0, "confidence": -1.0},"geometry": {"type": "Polygon","coordinates": [[[-107.11625159823409, 47.376711576158684], [-107.11636410484562, 47.37670883006829], [-107.11636507037286, 47.37672696975106], [-107.11643471732287, 47.37672526979085], [-107.11642573791931, 47.37655657049482], [-107.11635073351164, 47.37655840122706], [-107.11635527148977, 47.37664365792503], [-107.11624812233593, 47.376646273252454], [-107.11625159823409, 47.376711576158684]]]}}
{"type": "Feature", "properties": { "height": -1.0, "confidence": -1.0},"geometry": {"type": "Polygon","coordinates": [[[-107.14061361109171, 47.20218880910095], [-107.1405580658368, 47.202161506490164], [-107.14045946409942, 47.20225409420239], [-107.14051501376876, 47.20228140157686], [-107.14061361109171, 47.20218880910095]]]}}
{"type": "Feature", "properties": { "height": 7.622550010681152, "confidence": -1.0},"geometry": {"type": "Polygon","coordinates": [[[-107.23004620438051, 47.45838773887655], [-107.23006496101016, 47.45845423353724], [-107.2301539418313, 47.45844275944642], [-107.23013517856015, 47.458376265627635], [-107.23004620438051, 47.45838773887655]]]}}
{"type": "Feature", "properties": { "height": 3.8383028507232666, "confidence": -1.0},"geometry": {"type": "Polygon","coordinates": [[[-107.381505, 47.406901], [-107.381369, 47.40697], [-107.381519, 47.407104], [-107.381655, 47.407035], [-107.381505, 47.406901]]]}}
{"type": "Feature", "properties": { "height": -1.0, "confidence": -1.0},"geometry": {"type": "Polygon","coordinates": [[[-107.423689, 47.423012], [-107.423689, 47.423053], [-107.423764, 47.423053], [-107.423764, 47.423012], [-107.423689, 47.423012]]]}}
{"type": "Feature", "properties": { "height": -1.0, "confidence": -1.0},"geometry": {"type": "Polygon","coordinates": [[[-106.90260509724824, 47.30083971694843], [-106.90262656335162, 47.30090562105147], [-106.90274420521592, 47.30088799917942], [-106.90272273911258, 47.300822095054414], [-106.90260509724824, 47.30083971694843]]]}}
{"type": "Feature", "properties": { "height": 5.429754734039307, "confidence": -1.0},"geometry": {"type": "Polygon","coordinates": [[[-106.91324742868015, 47.320274847511776], [-106.91324970428661, 47.32036027819891], [-106.91334891367204, 47.32035906378792], [-106.91334663806558, 47.320273633098836], [-106.91324742868015, 47.320274847511776]]]}}
{"type": "Feature", "properties": { "height": 2.629258632659912, "confidence": -1.0},"geometry": {"type": "Polygon","coordinates": [[[-106.91344957084178, 47.31983321482221], [-106.91344868708394, 47.3199132147505], [-106.91357873667656, 47.31991387497199], [-106.91357961217541, 47.319833875002786], [-106.91344957084178, 47.31983321482221]]]}}
{"type": "Feature", "properties": { "height": -1.0, "confidence": -1.0},"geometry": {"type": "Polygon","coordinates": [[[-106.939061, 47.324638], [-106.93895, 47.32467], [-106.938976, 47.32471], [-106.939086, 47.324678], [-106.939061, 47.324638]]]}}
{"type": "Feature", "properties": { "height": -1.0, "confidence": -1.0},"geometry": {"type": "Polygon","coordinates": [[[-107.24882258531615, 47.42146470184524], [-107.24889715465433, 47.421492100332266], [-107.24892752542851, 47.42145426011882], [-107.24885295609032, 47.42142686161212], [-107.24882258531615, 47.42146470184524]]]}}
{"type": "Feature", "properties": { "height": 7.192079067230225, "confidence": -1.0},"geometry": {"type": "Polygon","coordinates": [[[-106.879363, 47.209215], [-106.879437, 47.209237], [-106.879473, 47.209181], [-106.879399, 47.209159], [-106.879363, 47.209215]]]}}
{"type": "Feature", "properties": { "height": 4.245560169219971, "confidence": -1.0},"geometry": {"type": "Polygon","coordinates": [[[-106.90855996901813, 47.308239466764455], [-106.90847558083115, 47.308183452416074], [-106.90844255594901, 47.308206326977576], [-106.90826532596273, 47.30808869529479], [-106.9081754924609, 47.30815092267227], [-106.90843711479238, 47.308324567229924], [-106.90855996901813, 47.308239466764455]]]}}
{"type": "Feature", "properties": { "height": 3.096163749694824, "confidence": -1.0},"geometry": {"type": "Polygon","coordinates": [[[-106.91043483768651, 47.32021309385662], [-106.91043187721618, 47.32010767227017], [-106.91018788462011, 47.320110821039364], [-106.91019084509044, 47.320216242619544], [-106.91043483768651, 47.32021309385662]]]}}
{"type": "Feature", "properties": { "height": 2.966362953186035, "confidence": -1.0},"geometry": {"type": "Polygon","coordinates": [[[-107.23056557410773, 47.45918179017532], [-107.2305897109432, 47.45918197406422], [-107.23059071587207, 47.459121299343806], [-107.2305665790177, 47.45912111659672], [-107.23056557410773, 47.45918179017532]]]}}
{"type": "Feature", "properties": { "height": -1.0, "confidence": -1.0},"geometry": {"type": "Polygon","coordinates": [[[-107.317742, 47.42553], [-107.317945, 47.42553], [-107.317945, 47.42546], [-107.318004, 47.42546], [-107.318004, 47.425416], [-107.317742, 47.425416], [-107.317742, 47.42553]]]}}
{"type": "Feature", "properties": { "height": -1.0, "confidence": -1.0},"geometry": {"type": "Polygon","coordinates": [[[-107.401754, 47.219196], [-107.401593, 47.219196], [-107.401593, 47.219186], [-107.401534, 47.219186], [-107.401534, 47.219231], [-107.401754, 47.219231], [-107.401754, 47.219196]]]}}
{"type": "Feature", "properties": { "height": -1.0, "confidence": -1.0},"geometry": {"type": "Polygon","coordinates": [[[-107.439135, 47.487132], [-107.439163, 47.487228], [-107.439287, 47.487212], [-107.439259, 47.487116], [-107.439135, 47.487132]]]}}
{"type": "Feature", "properties": { "height": -1.0, "confidence": -1.0},"geometry": {"type": "Polygon","coordinates": [[[-107.549651, 47.501132], [-107.549651, 47.501058], [-107.549455, 47.501058], [-107.549455, 47.501132], [-107.549651, 47.501132]]]}}
{"type": "Feature", "properties": { "height": -1.0, "confidence": -1.0},"geometry": {"type": "Polygon","coordinates": [[[-106.90785910424056, 47.30492321342852], [-106.90785618310123, 47.30488577707088], [-106.90776921170534, 47.30488890165836], [-106.90777213637622, 47.30492633375949], [-106.90785910424056, 47.30492321342852]]]}}
{"type": "Feature", "properties": { "height": -1.0, "confidence": -1.0},"geometry": {"type": "Polygon","coordinates": [[[-106.91750673248993, 47.32365388753094], [-106.91769162029128, 47.32365785225362], [-106.91769556259551, 47.32357319134327], [-106.91751067438614, 47.323569235377036], [-106.91750673248993, 47.32365388753094]]]}}
{"type": "Feature", "properties": { "height": 4.390420436859131, "confidence": -1.0},"geometry": {"type": "Polygon","coordinates": [[[-107.24438544412172, 47.411372271179964], [-107.24439133001242, 47.41160175197331], [-107.24457210781706, 47.41159962853915], [-107.24456624587137, 47.41137015601869], [-107.24438544412172, 47.411372271179964]]]}}
{"type": "Feature", "properties": { "height": -1.0, "confidence": -1.0},"geometry": {"type": "Polygon","coordinates": [[[-107.297692, 47.369296], [-107.297692, 47.369401], [-107.297802, 47.369401], [-107.297802, 47.369296], [-107.297692, 47.369296]]]}}
{"type": "Feature", "properties": { "height": 3.8805911540985107, "confidence": -1.0},"geometry": {"type": "Polygon","coordinates": [[[-107.33182631601376, 47.42259815993696], [-107.3318111852843, 47.42232269858959], [-107.33160494004925, 47.42232788458347], [-107.3316200707787, 47.422603345903696], [-107.33182631601376, 47.42259815993696]]]}}
{"type": "Feature", "properties": { "height": 3.202589988708496, "confidence": -1.0},"geometry": {"type": "Polygon","coordinates": [[[-107.381994, 47.383596], [-107.381811, 47.383596], [-107.381811, 47.383717], [-107.381994, 47.383717], [-107.381994, 47.383596]]]}}
{"type": "Feature", "properties": { "height": 3.952739953994751, "confidence": -1.0},"geometry": {"type": "Polygon","coordinates": [[[-107.40152, 47.4485], [-107.401032, 47.448504], [-107.401036, 47.448689], [-107.401438, 47.448686], [-107.401437, 47.448648], [-107.401523, 47.448647], [-107.40152, 47.4485]]]}}
{"type": "Feature", "properties": { "height": -1.0, "confidence": -1.0},"geometry": {"type": "Polygon","coordinates": [[[-107.40690037189825, 47.47165454557579], [-107.40681865639634, 47.47162636315088], [-107.40676379690609, 47.47169905285388], [-107.40684550875142, 47.471727230113], [-107.40690037189825, 47.47165454557579]]]}}
{"type": "Feature", "properties": { "height": -1.0, "confidence": -1.0},"geometry": {"type": "Polygon","coordinates": [[[-107.48514599700397, 47.04348049544851], [-107.48514707937812, 47.04359381245177], [-107.48527045576579, 47.04359326521878], [-107.48526937339162, 47.043479948214355], [-107.48514599700397, 47.04348049544851]]]}}
{"type": "Feature", "properties": { "height": -1.0, "confidence": -1.0},"geometry": {"type": "Polygon","coordinates": [[[-107.5178298376678, 47.105065857152056], [-107.51780075289321, 47.1050682347547], [-107.51780646888194, 47.10510062939116], [-107.51783555365655, 47.10509825178996], [-107.5178298376678, 47.105065857152056]]]}}
{"type": "Feature", "properties": { "height": 2.7734484672546387, "confidence": -1.0},"geometry": {"type": "Polygon","coordinates": [[[-106.91310572497514, 47.31858841837212], [-106.91310749970235, 47.31869932311256], [-106.91325768573256, 47.31869821860649], [-106.91325591100535, 47.31858731386374], [-106.91310572497514, 47.31858841837212]]]}}
{"type": "Feature", "properties": { "height": -1.0, "confidence": -1.0},"geometry": {"type": "Polygon","coordinates": [[[-106.99297307413407, 47.06417010775076], [-106.99301536931748, 47.064291144255094], [-106.9935128929946, 47.06421047474313], [-106.99347034479729, 47.06408871400159], [-106.99330429810237, 47.064115629312916], [-106.99329342505311, 47.06408450458286], [-106.9932411640744, 47.06409297581962], [-106.99325229660592, 47.064124833957294], [-106.99297307413407, 47.06417010775076]]]}}
{"type": "Feature", "properties": { "height": 2.9588332176208496, "confidence": -1.0},"geometry": {"type": "Polygon","coordinates": [[[-107.09340444472886, 47.28038823058584], [-107.09340353430655, 47.28047920834419], [-107.09349312873891, 47.28047962098631], [-107.09349402977585, 47.28038864318544], [-107.09340444472886, 47.28038823058584]]]}}
{"type": "Feature", "properties": { "height": -1.0, "confidence": -1.0},"geometry": {"type": "Polygon","coordinates": [[[-107.49138765344091, 47.09442341467322], [-107.49127851596471, 47.094399233906636], [-107.49125641077116, 47.09444546498047], [-107.49136554824734, 47.094469645726065], [-107.49138765344091, 47.09442341467322]]]}}
{"type": "Feature", "properties": { "height": -1.0, "confidence": -1.0},"geometry": {"type": "Polygon","coordinates": [[[-107.570358, 47.456219], [-107.570338, 47.456177], [-107.570226, 47.456202], [-107.570247, 47.456244], [-107.570358, 47.456219]]]}}
{"type": "Feature", "properties": { "height": 3.0318853855133057, "confidence": -1.0},"geometry": {"type": "Polygon","coordinates": [[[-106.877658, 47.207683], [-106.877828, 47.207673], [-106.877804, 47.207469], [-106.877633, 47.207478], [-106.877658, 47.207683]]]}}
{"type": "Feature", "properties": { "height": -1.0, "confidence": -1.0},"geometry": {"type": "Polygon","coordinates": [[[-106.878339, 47.207422], [-106.878326, 47.207336], [-106.87801, 47.207357], [-106.878023, 47.207444], [-106.878339, 47.207422]]]}}
{"type": "Feature", "properties": { "height": 4.423668384552002, "confidence": -1.0},"geometry": {"type": "Polygon","coordinates": [[[-106.89768765161035, 47.327913359894104], [-106.89789651864878, 47.32792618128824], [-106.89793338237916, 47.32765028869915], [-106.8976713361672, 47.32763420279376], [-106.89765846627513, 47.32773044842787], [-106.89771167337013, 47.327733717104245], [-106.89768765161035, 47.327913359894104]]]}}
{"type": "Feature", "properties": { "height": -1.0, "confidence": -1.0},"geometry": {"type": "Polygon","coordinates": [[[-106.91408377046966, 47.323957123207656], [-106.91408267316585, 47.32402438617897], [-106.91419799405155, 47.32402525060561], [-106.91419909135534, 47.323957987635396], [-106.91408377046966, 47.323957123207656]]]}}
{"type": "Feature", "properties": { "height": -1.0, "confidence": -1.0},"geometry": {"type": "Polygon","coordinates": [[[-106.91668, 47.324579], [-106.916386, 47.324574], [-106.916382, 47.324669], [-106.916677, 47.324673], [-106.91668, 47.324579]]]}}
{"type": "Feature", "properties": { "height": -1.0, "confidence": -1.0},"geometry": {"type": "Polygon","coordinates": [[[-106.981381, 47.208556], [-106.981329, 47.208494], [-106.98121, 47.208541], [-106.981262, 47.208603], [-106.981381, 47.208556]]]}}
{"type": "Feature", "properties": { "height": -1.0, "confidence": -1.0},"geometry": {"type": "Polygon","coordinates": [[[-107.26451, 47.467688], [-107.26451, 47.467784], [-107.264682, 47.467784], [-107.264682, 47.467688], [-107.26451, 47.467688]]]}}
{"type": "Feature", "properties": { "height": 3.263873338699341, "confidence": -1.0},"geometry": {"type": "Polygon","coordinates": [[[-107.40313572644459, 47.21606343749728], [-107.40311721097316, 47.21597295850347], [-107.40285014320773, 47.21599817300189], [-107.40286867037537, 47.21608866354395], [-107.40313572644459, 47.21606343749728]]]}}
{"type": "Feature", "properties": { "height": -1.0, "confidence": -1.0},"geometry": {"type": "Polygon","coordinates": [[[-107.414683, 47.475331], [-107.414625, 47.475346], [-107.414649, 47.475389], [-107.414708, 47.475373], [-107.414683, 47.475331]]]}}
{"type": "Feature", "properties": { "height": 3.140204906463623, "confidence": -1.0},"geometry": {"type": "Polygon","coordinates": [[[-107.44545355315869, 47.440558155225695], [-107.44525662527408, 47.44055550777024], [-107.44525264238759, 47.44069151341414], [-107.44544955620395, 47.44069416067361], [-107.44545355315869, 47.440558155225695]]]}}
{"type": "Feature", "properties": { "height": 3.5019030570983887, "confidence": -1.0},"geometry": {"type": "Polygon","coordinates": [[[-106.91041007572336, 47.32270787782364], [-106.91049855536562, 47.32270904060226], [-106.91050042665195, 47.322643610509616], [-106.91041194700969, 47.32264244772954], [-106.91041007572336, 47.32270787782364]]]}}
{"type": "Feature", "properties": { "height": 2.788750410079956, "confidence": -1.0},"geometry": {"type": "Polygon","coordinates": [[[-106.91082867531252, 47.317835260129634], [-106.91082702520507, 47.31772798890133], [-106.91055883346945, 47.31772988493701], [-106.91055946063669, 47.317770656244235], [-106.91052995952424, 47.3177708634084], [-106.91053098248601, 47.31783736472494], [-106.91082867531252, 47.317835260129634]]]}}
{"type": "Feature", "properties": { "height": -1.0, "confidence": -1.0},"geometry": {"type": "Polygon","coordinates": [[[-106.91617, 47.363283], [-106.916164, 47.363314], [-106.916274, 47.363324], [-106.916279, 47.363292], [-106.91617, 47.363283]]]}}
{"type": "Feature", "properties": { "height": -1.0, "confidence": -1.0},"geometry": {"type": "Polygon","coordinates": [[[-106.919461, 47.357278], [-106.919633, 47.35732], [-106.919644, 47.357299], [-106.919472, 47.357257], [-106.919461, 47.357278]]]}}
{"type": "Feature", "properties": { "height": -1.0, "confidence": -1.0},"geometry": {"type": "Polygon","coordinates": [[[-107.072799, 47.307519], [-107.07286, 47.307515], [-107.072856, 47.307476], [-107.072794, 47.307479], [-107.072799, 47.307519]]]}}
{"type": "Feature", "properties": { "height": 3.829633951187134, "confidence": -1.0},"geometry": {"type": "Polygon","coordinates": [[[-107.24762767315583, 47.42095017327482], [-107.24763573189095, 47.421169628236576], [-107.24779120403699, 47.42116701460694], [-107.24778314530185, 47.4209475596343], [-107.24762767315583, 47.42095017327482]]]}}
{"type": "Feature", "properties": { "height": -1.0, "confidence": -1.0},"geometry": {"type": "Polygon","coordinates": [[[-107.33294455443142, 47.422484998735634], [-107.33294131581376, 47.4224306446067], [-107.33286251919775, 47.422432793835874], [-107.33286575220193, 47.422487148115685], [-107.33294455443142, 47.422484998735634]]]}}
{"type": "Feature", "properties": { "height": 3.0304765701293945, "confidence": -1.0},"geometry": {"type": "Polygon","coordinates": [[[-107.40224472808063, 47.21781348596549], [-107.40224181891115, 47.2177206164137], [-107.40174315303462, 47.2177277991125], [-107.4017460622041, 47.217820668651726], [-107.40224472808063, 47.21781348596549]]]}}
{"type": "Feature", "properties": { "height": -1.0, "confidence": -1.0},"geometry": {"type": "Polygon","coordinates": [[[-106.90251025721614, 47.30222985021188], [-106.90250331886004, 47.30211909773915], [-106.90232393461277, 47.30212426566272], [-106.90233087296885, 47.30223501812463], [-106.90251025721614, 47.30222985021188]]]}}
{"type": "Feature", "properties": { "height": -1.0, "confidence": -1.0},"geometry": {"type": "Polygon","coordinates": [[[-106.906069, 47.309035], [-106.906035, 47.309037], [-106.906048, 47.309129], [-106.906082, 47.309127], [-106.906069, 47.309035]]]}}
{"type": "Feature", "properties": { "height": -1.0, "confidence": -1.0},"geometry": {"type": "Polygon","coordinates": [[[-106.90909586326151, 47.321519525259454], [-106.90902085035447, 47.32152127625392], [-106.90902500165465, 47.32160299943335], [-106.9091000145617, 47.32160124844158], [-106.90909586326151, 47.321519525259454]]]}}
{"type": "Feature", "properties": { "height": 3.129054546356201, "confidence": -1.0},"geometry": {"type": "Polygon","coordinates": [[[-106.91259723468967, 47.32071195804564], [-106.91260752896471, 47.32090079816897], [-106.91274554553854, 47.32089734073457], [-106.9127352317934, 47.32070850108663], [-106.91259723468967, 47.32071195804564]]]}}
{"type": "Feature", "properties": { "height": 3.992311716079712, "confidence": -1.0},"geometry": {"type": "Polygon","coordinates": [[[-106.91304157326992, 47.31966485401952], [-106.91319436029393, 47.31966221533909], [-106.9131890139802, 47.31951955927513], [-106.91303622668467, 47.31952219071822], [-106.91304157326992, 47.31966485401952]]]}}
{"type": "Feature", "properties": { "height": 4.038800239562988, "confidence": -1.0},"geometry": {"type": "Polygon","coordinates": [[[-107.07176320944431, 47.30787643744795], [-107.07170312501218, 47.30787634335182], [-107.07170297871444, 47.307919293250514], [-107.07169761432591, 47.30791928459495], [-107.07169747565834, 47.30795999440776], [-107.07165724273771, 47.307959931400504], [-107.0716571274218, 47.30799378564989], [-107.07158309003034, 47.30799366618923], [-107.07158285387413, 47.30806095733049], [-107.07176256086055, 47.30806124729054], [-107.07176320944431, 47.30787643744795]]]}}
{"type": "Feature", "properties": { "height": 4.798183441162109, "confidence": -1.0},"geometry": {"type": "Polygon","coordinates": [[[-107.12321122932849, 47.45705107224846], [-107.1231466490236, 47.45702166342787], [-107.12310439236654, 47.45706408134925], [-107.12319849509655, 47.45710693416209], [-107.1232599811952, 47.45704521345263], [-107.1232304597275, 47.45703176845984], [-107.12321122932849, 47.45705107224846]]]}}
{"type": "Feature", "properties": { "height": 5.8828840255737305, "confidence": -1.0},"geometry": {"type": "Polygon","coordinates": [[[-107.12356868667536, 47.45712690467183], [-107.12332984347321, 47.4570047458012], [-107.1230156339136, 47.4572856013921], [-107.1232544851588, 47.457407752420984], [-107.12356868667536, 47.45712690467183]]]}}
{"type": "Feature", "properties": { "height": 4.08032751083374, "confidence": -1.0},"geometry": {"type": "Polygon","coordinates": [[[-106.90696281102205, 47.32492509294887], [-106.9069607119216, 47.324998485455815], [-106.90709315765076, 47.32500021966754], [-106.90709636879583, 47.324887539039686], [-106.90700520770544, 47.32488634539631], [-106.90700408802988, 47.324925635378825], [-106.90696281102205, 47.32492509294887]]]}}
{"type": "Feature", "properties": { "height": 2.645841598510742, "confidence": -1.0},"geometry": {"type": "Polygon","coordinates": [[[-106.90779612443892, 47.316253369707404], [-106.90805872733797, 47.31625890205469], [-106.90806114214796, 47.31620621911245], [-106.90779853924893, 47.31620068675968], [-106.90779612443892, 47.316253369707404]]]}}
{"type": "Feature", "properties": { "height": -1.0, "confidence": -1.0},"geometry": {"type": "Polygon","coordinates": [[[-106.91176650051914, 47.31955869101623], [-106.91182550611035, 47.31955897657343], [-106.91182623369377, 47.319489884916536], [-106.91176722810259, 47.319489599358945], [-106.91176650051914, 47.31955869101623]]]}}
{"type": "Feature", "properties": { "height": 2.872241735458374, "confidence": -1.0},"geometry": {"type": "Polygon","coordinates": [[[-106.91208545192465, 47.32223450263969], [-106.91208350785016, 47.322302724605734], [-106.91224706179219, 47.322304858490426], [-106.91224900564566, 47.32223664428382], [-106.91208545192465, 47.32223450263969]]]}}
{"type": "Feature", "properties": { "height": 3.7009949684143066, "confidence": -1.0},"geometry": {"type": "Polygon","coordinates": [[[-106.91391823534357, 47.31940113080453], [-106.91415027633501, 47.31939874175279], [-106.91414780344353, 47.3192878508893], [-106.91391575100613, 47.319290240063886], [-106.91391823534357, 47.31940113080453]]]}}
{"type": "Feature", "properties": { "height": -1.0, "confidence": -1.0},"geometry": {"type": "Polygon","coordinates": [[[-106.934631, 47.288889], [-106.934462, 47.288889], [-106.934462, 47.288938], [-106.934631, 47.288938], [-106.934631, 47.288889]]]}}
{"type": "Feature", "properties": { "height": 2.7480571269989014, "confidence": -1.0},"geometry": {"type": "Polygon","coordinates": [[[-107.00936991514807, 47.32894414364154], [-107.00926802417098, 47.32894290144162], [-107.00926561269011, 47.32903377046403], [-107.00936750366722, 47.329035012661826], [-107.00936991514807, 47.32894414364154]]]}}
{"type": "Feature", "properties": { "height": 3.76328182220459, "confidence": -1.0},"geometry": {"type": "Polygon","coordinates": [[[-107.01011253491723, 47.329717395509675], [-107.0101442892597, 47.32991502506205], [-107.01029803400512, 47.32990367692478], [-107.01026627966264, 47.329706047329935], [-107.01011253491723, 47.329717395509675]]]}}
{"type": "Feature", "properties": { "height": 3.2458102703094482, "confidence": -1.0},"geometry": {"type": "Polygon","coordinates": [[[-107.19602926050165, 47.46593977091518], [-107.19602379657421, 47.46604949343138], [-107.19614272039489, 47.46605219429499], [-107.19614817269634, 47.46594247714665], [-107.19602926050165, 47.46593977091518]]]}}
{"type": "Feature", "properties": { "height": -1.0, "confidence": -1.0},"geometry": {"type": "Polygon","coordinates": [[[-107.333272, 47.140129], [-107.333341, 47.140129], [-107.333341, 47.140001], [-107.333272, 47.140001], [-107.333272, 47.140129]]]}}
{"type": "Feature", "properties": { "height": 4.45660400390625, "confidence": -1.0},"geometry": {"type": "Polygon","coordinates": [[[-107.40424, 47.44902], [-107.404219, 47.449107], [-107.404479, 47.449135], [-107.4045, 47.449048], [-107.40424, 47.44902]]]}}
{"type": "Feature", "properties": { "height": -1.0, "confidence": -1.0},"geometry": {"type": "Polygon","coordinates": [[[-107.464555, 47.472917], [-107.464708, 47.472917], [-107.464708, 47.472948], [-107.464772, 47.472948], [-107.464772, 47.472915], [-107.464815, 47.472915], [-107.464815, 47.47287], [-107.464555, 47.47287], [-107.464555, 47.472917]]]}}
{"type": "Feature", "properties": { "height": -1.0, "confidence": -1.0},"geometry": {"type": "Polygon","coordinates": [[[-107.56068586304337, 47.04599153784735], [-107.56077422806199, 47.04599399895697], [-107.56077878041117, 47.0459182353537], [-107.56069041564534, 47.045915770033396], [-107.56068586304337, 47.04599153784735]]]}}
{"type": "Feature", "properties": { "height": -1.0, "confidence": -1.0},"geometry": {"type": "Polygon","coordinates": [[[-106.90491436658448, 47.324778159955386], [-106.90481624745688, 47.3247800405359], [-106.90481916964613, 47.32485009348926], [-106.90491728173987, 47.32484821770063], [-106.90491436658448, 47.324778159955386]]]}}
{"type": "Feature", "properties": { "height": 2.616597890853882, "confidence": -1.0},"geometry": {"type": "Polygon","coordinates": [[[-106.90773209070778, 47.32100511649429], [-106.90778036263764, 47.32100553331949], [-106.90778073840131, 47.32098553588533], [-106.90786923693943, 47.32098630006515], [-106.90787128655943, 47.320877223019956], [-106.90773451609148, 47.32087604201237], [-106.90773209070778, 47.32100511649429]]]}}
{"type": "Feature", "properties": { "height": 2.8753623962402344, "confidence": -1.0},"geometry": {"type": "Polygon","coordinates": [[[-106.91560266683713, 47.319509140819775], [-106.91559589817444, 47.31930741409718], [-106.91547650897137, 47.31930925508229], [-106.91548329844989, 47.319510981476874], [-106.91560266683713, 47.319509140819775]]]}}
{"type": "Feature", "properties": { "height": -1.0, "confidence": -1.0},"geometry": {"type": "Polygon","coordinates": [[[-107.40230779358083, 47.21894078284668], [-107.40229528492601, 47.218894992981674], [-107.40198770845765, 47.2189337387795], [-107.40200021255093, 47.218979529185674], [-107.40230779358083, 47.21894078284668]]]}}
{"type": "Feature", "properties": { "height": -1.0, "confidence": -1.0},"geometry": {"type": "Polygon","coordinates": [[[-107.421504, 47.441949], [-107.421438, 47.44197], [-107.421469, 47.442015], [-107.421535, 47.441994], [-107.421504, 47.441949]]]}}
{"type": "Feature", "properties": { "height": -1.0, "confidence": -1.0},"geometry": {"type": "Polygon","coordinates": [[[-107.46200085171695, 47.471589442550375], [-107.46150825578984, 47.471603914570444], [-107.46151686622046, 47.47173782742908], [-107.46200946214759, 47.47172335544589], [-107.46200085171695, 47.471589442550375]]]}}
{"type": "Feature", "properties": { "height": -1.0, "confidence": -1.0},"geometry": {"type": "Polygon","coordinates": [[[-107.56070214723576, 47.045690613579424], [-107.56047160475359, 47.045686919293914], [-107.56046807447987, 47.045789213678816], [-107.56069861696207, 47.04579290795725], [-107.56070214723576, 47.045690613579424]]]}}
{"type": "Feature", "properties": { "height": -1.0, "confidence": -1.0},"geometry": {"type": "Polygon","coordinates": [[[-106.89796175195518, 47.327239965609856], [-106.89816554424107, 47.32724224719348], [-106.89816904322382, 47.32709866191724], [-106.89796525093793, 47.32709638032742], [-106.89796175195518, 47.327239965609856]]]}}
{"type": "Feature", "properties": { "height": 3.7601630687713623, "confidence": -1.0},"geometry": {"type": "Polygon","coordinates": [[[-106.90301077900065, 47.30291884247725], [-106.90307717073622, 47.303025308807946], [-106.90319321557456, 47.30299203745468], [-106.90312682383897, 47.30288557105698], [-106.90301077900065, 47.30291884247725]]]}}
{"type": "Feature", "properties": { "height": 4.056403636932373, "confidence": -1.0},"geometry": {"type": "Polygon","coordinates": [[[-106.90463718570483, 47.30854041747768], [-106.90475195660161, 47.308529551593445], [-106.90472512695615, 47.30839932842492], [-106.90461036924401, 47.30841019308766], [-106.90463718570483, 47.30854041747768]]]}}
{"type": "Feature", "properties": { "height": -1.0, "confidence": -1.0},"geometry": {"type": "Polygon","coordinates": [[[-106.90486161637993, 47.324211470353035], [-106.90463632275907, 47.324212581940884], [-106.90463597135725, 47.32417985727394], [-106.90454478108211, 47.32418030720261], [-106.90454562054204, 47.32425848276158], [-106.90468677971113, 47.32425778628968], [-106.9046871664035, 47.32429414699437], [-106.9047461719057, 47.32429385586453], [-106.90474580454794, 47.32425931319547], [-106.90486212396033, 47.32425873928163], [-106.90486161637993, 47.324211470353035]]]}}
{"type": "Feature", "properties": { "height": -1.0, "confidence": -1.0},"geometry": {"type": "Polygon","coordinates": [[[-106.90785575238269, 47.323495304166], [-106.90772988260483, 47.32349865421959], [-106.90773272169241, 47.32354766888322], [-106.90785859147029, 47.32354431883274], [-106.90785575238269, 47.323495304166]]]}}
{"type": "Feature", "properties": { "height": 2.658235549926758, "confidence": -1.0},"geometry": {"type": "Polygon","coordinates": [[[-106.90952612742193, 47.32311012735614], [-106.90938297841684, 47.32310832084523], [-106.909380989223, 47.323181022524686], [-106.90952413072428, 47.32318282893839], [-106.90952612742193, 47.32311012735614]]]}}
{"type": "Feature", "properties": { "height": 4.4238691329956055, "confidence": -1.0},"geometry": {"type": "Polygon","coordinates": [[[-106.90985976638851, 47.32078616833794], [-106.90974980088713, 47.32078667441646], [-106.90975045639121, 47.32085212838506], [-106.90970754302484, 47.320852325878874], [-106.90970807106976, 47.320905052627744], [-106.90975634860696, 47.32090483044744], [-106.90975724082082, 47.320993920352194], [-106.90986184215141, 47.32099343896232], [-106.90985976638851, 47.32078616833794]]]}}
{"type": "Feature", "properties": { "height": -1.0, "confidence": -1.0},"geometry": {"type": "Polygon","coordinates": [[[-106.9140627508591, 47.31900034993215], [-106.9139583486526, 47.31900347560425], [-106.91396048004403, 47.31903614140053], [-106.91406488225051, 47.31903301573037], [-106.9140627508591, 47.31900034993215]]]}}
{"type": "Feature", "properties": { "height": -1.0, "confidence": -1.0},"geometry": {"type": "Polygon","coordinates": [[[-106.92239596292484, 47.08789517160231], [-106.92227061481746, 47.08797340381794], [-106.92231737624492, 47.088008137784094], [-106.9224427243523, 47.0879299056195], [-106.92239596292484, 47.08789517160231]]]}}
{"type": "Feature", "properties": { "height": 2.86653995513916, "confidence": -1.0},"geometry": {"type": "Polygon","coordinates": [[[-107.08944555753479, 47.35175307232212], [-107.0893624493216, 47.351751834926375], [-107.08936014424175, 47.351822670764854], [-107.08944325245497, 47.35182390815894], [-107.08944555753479, 47.35175307232212]]]}}
{"type": "Feature", "properties": { "height": -1.0, "confidence": -1.0},"geometry": {"type": "Polygon","coordinates": [[[-107.33306643327009, 47.42218428324257], [-107.3329887285292, 47.422185964826035], [-107.33299899034384, 47.42240351328565], [-107.33307669508473, 47.42240183170914], [-107.33306643327009, 47.42218428324257]]]}}
{"type": "Feature", "properties": { "height": -1.0, "confidence": -1.0},"geometry": {"type": "Polygon","coordinates": [[[-107.39662346348693, 47.05069185757569], [-107.39662162675253, 47.050605057150115], [-107.39628105665824, 47.050608386508465], [-107.39628289373623, 47.050695203166], [-107.39662346348693, 47.05069185757569]]]}}
{"type": "Feature", "properties": { "height": -1.0, "confidence": -1.0},"geometry": {"type": "Polygon","coordinates": [[[-107.41707873394024, 47.47562907291846], [-107.41707694235379, 47.475551136325066], [-107.41697772457282, 47.475552178298244], [-107.41697951615929, 47.475630114890095], [-107.41707873394024, 47.47562907291846]]]}}
{"type": "Feature", "properties": { "height": -1.0, "confidence": -1.0},"geometry": {"type": "Polygon","coordinates": [[[-107.519316, 47.183719], [-107.519243, 47.183726], [-107.519254, 47.18378], [-107.519328, 47.183773], [-107.519316, 47.183719]]]}}
{"type": "Feature", "properties": { "height": 4.933883190155029, "confidence": -1.0},"geometry": {"type": "Polygon","coordinates": [[[-106.90952943706034, 47.31765256291934], [-106.90952595954484, 47.317734320846995], [-106.90966691301861, 47.317737082954785], [-106.90967039896765, 47.317655325196675], [-106.90952943706034, 47.31765256291934]]]}}
{"type": "Feature", "properties": { "height": 3.3789329528808594, "confidence": -1.0},"geometry": {"type": "Polygon","coordinates": [[[-106.94186328094946, 47.476428404718135], [-106.94197030651864, 47.47642482022605], [-106.94197017393518, 47.476423011778806], [-106.94207719950435, 47.476419427286345], [-106.94207043774756, 47.47632719638871], [-106.94185638660917, 47.47633436538596], [-106.94186328094946, 47.476428404718135]]]}}
{"type": "Feature", "properties": { "height": 2.592763900756836, "confidence": -1.0},"geometry": {"type": "Polygon","coordinates": [[[-107.33209558996597, 47.42284576398608], [-107.33193203892623, 47.42284357999085], [-107.33192992221734, 47.42291614109565], [-107.33209347325712, 47.42291832508788], [-107.33209558996597, 47.42284576398608]]]}}
{"type": "Feature", "properties": { "height": -1.0, "confidence": -1.0},"geometry": {"type": "Polygon","coordinates": [[[-107.419988, 47.215031], [-107.419931, 47.215042], [-107.419947, 47.21508], [-107.420004, 47.215069], [-107.419988, 47.215031]]]}}
{"type": "Feature", "properties": { "height": 4.297430515289307, "confidence": -1.0},"geometry": {"type": "Polygon","coordinates": [[[-107.44357272555449, 47.44049542258321], [-107.44343327828254, 47.44049674939612], [-107.44343765440317, 47.44070714605666], [-107.44357710167509, 47.44070581924906], [-107.44357272555449, 47.44049542258321]]]}}
{"type": "Feature", "properties": { "height": 2.863068103790283, "confidence": -1.0},"geometry": {"type": "Polygon","coordinates": [[[-107.46014194743586, 47.472061879530195], [-107.46027329019897, 47.4720596115361], [-107.46027065668657, 47.47198973681802], [-107.46013931368942, 47.471991998605446], [-107.46014194743586, 47.472061879530195]]]}}
{"type": "Feature", "properties": { "height": 2.557645320892334, "confidence": -1.0},"geometry": {"type": "Polygon","coordinates": [[[-107.51705604693079, 47.104898664715165], [-107.51706843485127, 47.1049670002131], [-107.51717531720716, 47.104958028630435], [-107.51716293620801, 47.10488969254001], [-107.51705604693079, 47.104898664715165]]]}}
{"type": "Feature", "properties": { "height": -1.0, "confidence": -1.0},"geometry": {"type": "Polygon","coordinates": [[[-107.518693, 47.183188], [-107.518508, 47.183188], [-107.518508, 47.183274], [-107.518693, 47.183274], [-107.518693, 47.183188]]]}}
{"type": "Feature", "properties": { "height": 4.1244354248046875, "confidence": -1.0},"geometry": {"type": "Polygon","coordinates": [[[-106.90455891546112, 47.32155814898113], [-106.90488193115557, 47.32155539043972], [-106.90487815356292, 47.32135098652646], [-106.90473479612879, 47.3213522039966], [-106.90473612863859, 47.321423905052704], [-106.90455644915139, 47.321425439512346], [-106.90455891546112, 47.32155814898113]]]}}
{"type": "Feature", "properties": { "height": 2.993997097015381, "confidence": -1.0},"geometry": {"type": "Polygon","coordinates": [[[-106.9087955944248, 47.32288471446212], [-106.90879789566951, 47.323105390851694], [-106.90892395325665, 47.323104792798745], [-106.90892254303367, 47.32296956047855], [-106.90898691283353, 47.322969252035286], [-106.9089861734233, 47.32289834668221], [-106.90892180362344, 47.3228986551259], [-106.90892165194954, 47.32288411042641], [-106.9087955944248, 47.32288471446212]]]}}
{"type": "Feature", "properties": { "height": 3.7292520999908447, "confidence": -1.0},"geometry": {"type": "Polygon","coordinates": [[[-106.9090752656031, 47.32713249781742], [-106.9088232243288, 47.32713565437066], [-106.90882594061564, 47.3272349224776], [-106.90907798156285, 47.32723175397777], [-106.9090752656031, 47.32713249781742]]]}}
{"type": "Feature", "properties": { "height": -1.0, "confidence": -1.0},"geometry": {"type": "Polygon","coordinates": [[[-106.91092725883058, 47.299777435710894], [-106.91092370229046, 47.29969019158304], [-106.91061012349708, 47.29969607062849], [-106.91061368003722, 47.299783314746655], [-106.91092725883058, 47.299777435710894]]]}}
{"type": "Feature", "properties": { "height": -1.0, "confidence": -1.0},"geometry": {"type": "Polygon","coordinates": [[[-106.91145968556933, 47.313551407077114], [-106.9114588341173, 47.31361686789498], [-106.91185165811602, 47.31361923517896], [-106.91185276564116, 47.31353475755071], [-106.91152698269106, 47.3135328097334], [-106.91152673553903, 47.31355181114236], [-106.91145968556933, 47.313551407077114]]]}}
{"type": "Feature", "properties": { "height": -1.0, "confidence": -1.0},"geometry": {"type": "Polygon","coordinates": [[[-106.912953, 47.32513], [-106.912853, 47.325129], [-106.912852, 47.325209], [-106.913123, 47.325211], [-106.913124, 47.325165], [-106.912952, 47.325164], [-106.912953, 47.32513]]]}}
{"type": "Feature", "properties": { "height": -1.0, "confidence": -1.0},"geometry": {"type": "Polygon","coordinates": [[[-107.408193, 47.282243], [-107.40816, 47.2822], [-107.408088, 47.282225], [-107.40812, 47.282268], [-107.408193, 47.282243]]]}}
{"type": "Feature", "properties": { "height": -1.0, "confidence": -1.0},"geometry": {"type": "Polygon","coordinates": [[[-107.036648, 47.399558], [-107.036656, 47.399622], [-107.036733, 47.399618], [-107.036725, 47.399554], [-107.036648, 47.399558]]]}}
{"type": "Feature", "properties": { "height": -1.0, "confidence": -1.0},"geometry": {"type": "Polygon","coordinates": [[[-107.40336736420608, 47.215355138022026], [-107.40347191889178, 47.21535356238004], [-107.40346894492087, 47.21526251331189], [-107.40336439023513, 47.21526408895659], [-107.40336736420608, 47.215355138022026]]]}}
{"type": "Feature", "properties": { "height": -1.0, "confidence": -1.0},"geometry": {"type": "Polygon","coordinates": [[[-107.403399, 47.448855], [-107.403299, 47.448837], [-107.403274, 47.448899], [-107.403059, 47.44886], [-107.403035, 47.448921], [-107.403241, 47.448958], [-107.403202, 47.449057], [-107.403311, 47.449077], [-107.403399, 47.448855]]]}}
{"type": "Feature", "properties": { "height": 4.498227119445801, "confidence": -1.0},"geometry": {"type": "Polygon","coordinates": [[[-107.40373653998246, 47.21364932200657], [-107.40359056345297, 47.213663798588364], [-107.40360820081354, 47.21374585839095], [-107.40356880735072, 47.21374976505804], [-107.40358567786954, 47.21382825691853], [-107.4036382024866, 47.2138230480367], [-107.40365852379335, 47.213917594905475], [-107.40379771402864, 47.21390379139078], [-107.40378467771865, 47.213843138686094], [-107.40397901880185, 47.213823865826186], [-107.40396038410486, 47.213737165927625], [-107.40375968528446, 47.213757059777116], [-107.40373653998246, 47.21364932200657]]]}}
{"type": "Feature", "properties": { "height": -1.0, "confidence": -1.0},"geometry": {"type": "Polygon","coordinates": [[[-107.572171, 47.282447], [-107.572193, 47.282641], [-107.572226, 47.282621], [-107.572223, 47.282599], [-107.572224, 47.282599], [-107.572273, 47.282636], [-107.572274, 47.28264], [-107.572325, 47.282637], [-107.572353, 47.282646], [-107.572371, 47.282651], [-107.57244, 47.282608], [-107.57245, 47.28259], [-107.572448, 47.282572], [-107.572408, 47.282542], [-107.572421, 47.282519], [-107.572458, 47.282496], [-107.572456, 47.282476], [-107.572465, 47.28246], [-107.572462, 47.282436], [-107.572397, 47.282387], [-107.572397, 47.282381], [-107.572339, 47.282366], [-107.572279, 47.282369], [-107.572231, 47.282333], [-107.572182, 47.282321], [-107.572105, 47.282368], [-107.572109, 47.2824], [-107.572171, 47.282447]]]}}
{"type": "Feature", "properties": { "height": 4.185646057128906, "confidence": -1.0},"geometry": {"type": "Polygon","coordinates": [[[-106.90570978026585, 47.32691623678334], [-106.90570232422778, 47.326784468678134], [-106.90560322826626, 47.32678704486228], [-106.90561068403872, 47.326918808266896], [-106.90570978026585, 47.32691623678334]]]}}
{"type": "Feature", "properties": { "height": 3.6456100940704346, "confidence": -1.0},"geometry": {"type": "Polygon","coordinates": [[[-106.91282946360803, 47.32423528217063], [-106.91294478630572, 47.32423609189622], [-106.91294573788493, 47.32417339701137], [-106.913011804353, 47.324173857756], [-106.91301244329944, 47.324132045110105], [-106.91307680945629, 47.324132493997205], [-106.91307754590522, 47.32408430074676], [-106.91283178138433, 47.32408257513334], [-106.91282946360803, 47.32423528217063]]]}}
{"type": "Feature", "properties": { "height": -1.0, "confidence": -1.0},"geometry": {"type": "Polygon","coordinates": [[[-106.91471238508097, 47.32289633813215], [-106.91478212079339, 47.32289610323056], [-106.91478185423105, 47.322859740553525], [-106.91471211851865, 47.32285997545528], [-106.91471238508097, 47.32289633813215]]]}}
{"type": "Feature", "properties": { "height": 3.4132843017578125, "confidence": -1.0},"geometry": {"type": "Polygon","coordinates": [[[-106.91504614096586, 47.32578895969329], [-106.91491634435397, 47.32579137963264], [-106.91491906505836, 47.32585859776835], [-106.91504886860557, 47.32585617770277], [-106.91504614096586, 47.32578895969329]]]}}
{"type": "Feature", "properties": { "height": -1.0, "confidence": -1.0},"geometry": {"type": "Polygon","coordinates": [[[-107.224481, 47.340234], [-107.224497, 47.340178], [-107.224427, 47.340168], [-107.22441, 47.340224], [-107.224481, 47.340234]]]}}
{"type": "Feature", "properties": { "height": -1.0, "confidence": -1.0},"geometry": {"type": "Polygon","coordinates": [[[-107.241116, 47.271876], [-107.241109, 47.271851], [-107.241035, 47.271859], [-107.241042, 47.271884], [-107.241116, 47.271876]]]}}
{"type": "Feature", "properties": { "height": -1.0, "confidence": -1.0},"geometry": {"type": "Polygon","coordinates": [[[-107.3186384206762, 47.43278450066974], [-107.31863251727127, 47.43287407280115], [-107.31872353119161, 47.43287682192942], [-107.31872943487994, 47.43278724550225], [-107.3186384206762, 47.43278450066974]]]}}
{"type": "Feature", "properties": { "height": 3.1589667797088623, "confidence": -1.0},"geometry": {"type": "Polygon","coordinates": [[[-107.401198, 47.349317], [-107.401127, 47.349216], [-107.401019, 47.349251], [-107.40109, 47.349352], [-107.401198, 47.349317]]]}}
{"type": "Feature", "properties": { "height": -1.0, "confidence": -1.0},"geometry": {"type": "Polygon","coordinates": [[[-107.416696, 47.475078], [-107.416794, 47.475095], [-107.416818, 47.475032], [-107.41672, 47.475015], [-107.416696, 47.475078]]]}}
{"type": "Feature", "properties": { "height": -1.0, "confidence": -1.0},"geometry": {"type": "Polygon","coordinates": [[[-106.91611894829336, 47.30872502952982], [-106.91620012949532, 47.30895641446612], [-106.91632197779066, 47.308936754381115], [-106.91624079850878, 47.30870537483146], [-106.91611894829336, 47.30872502952982]]]}}
{"type": "Feature", "properties": { "height": -1.0, "confidence": -1.0},"geometry": {"type": "Polygon","coordinates": [[[-106.91645, 47.363876], [-106.916642, 47.363906], [-106.916653, 47.363874], [-106.916461, 47.363844], [-106.91645, 47.363876]]]}}
{"type": "Feature", "properties": { "height": -1.0, "confidence": -1.0},"geometry": {"type": "Polygon","coordinates": [[[-106.917001, 47.362585], [-106.917038, 47.362585], [-106.917038, 47.362472], [-106.917001, 47.362472], [-106.917001, 47.362585]]]}}
{"type": "Feature", "properties": { "height": -1.0, "confidence": -1.0},"geometry": {"type": "Polygon","coordinates": [[[-106.93098, 47.448795], [-106.93091, 47.448787], [-106.930898, 47.448837], [-106.930969, 47.448844], [-106.93098, 47.448795]]]}}
{"type": "Feature", "properties": { "height": 3.4485714435577393, "confidence": -1.0},"geometry": {"type": "Polygon","coordinates": [[[-107.44487663629391, 47.439691311494876], [-107.44497310055718, 47.439689261168255], [-107.44496990076004, 47.43962039125433], [-107.44487343649674, 47.439622441583644], [-107.44487663629391, 47.439691311494876]]]}}
{"type": "Feature", "properties": { "height": -1.0, "confidence": -1.0},"geometry": {"type": "Polygon","coordinates": [[[-107.483776, 47.043183], [-107.483766, 47.043143], [-107.483828, 47.043136], [-107.48382, 47.043103], [-107.483762, 47.04311], [-107.483752, 47.043067], [-107.483685, 47.043075], [-107.483714, 47.043191], [-107.483776, 47.043183]]]}}
{"type": "Feature", "properties": { "height": 4.076339244842529, "confidence": -1.0},"geometry": {"type": "Polygon","coordinates": [[[-107.49044283106637, 47.09460658625064], [-107.49042152347567, 47.09470113981525], [-107.49081984424821, 47.094742741812176], [-107.4908411518389, 47.09464818832142], [-107.49044283106637, 47.09460658625064]]]}}
{"type": "Feature", "properties": { "height": 3.290724515914917, "confidence": -1.0},"geometry": {"type": "Polygon","coordinates": [[[-106.90876180090241, 47.31996789434746], [-106.90875835645944, 47.32006056782078], [-106.90895403383938, 47.32006390078565], [-106.90895934349781, 47.31992104323394], [-106.90883467019486, 47.319918913757704], [-106.90883280993819, 47.31996910384361], [-106.90876180090241, 47.31996789434746]]]}}
{"type": "Feature", "properties": { "height": -1.0, "confidence": -1.0},"geometry": {"type": "Polygon","coordinates": [[[-106.91480848867226, 47.321276226941535], [-106.91467584219353, 47.321277095422865], [-106.91467679369103, 47.32134339658404], [-106.91480943323542, 47.321342521856174], [-106.91480848867226, 47.321276226941535]]]}}
{"type": "Feature", "properties": { "height": -1.0, "confidence": -1.0},"geometry": {"type": "Polygon","coordinates": [[[-106.94638, 47.430574], [-106.946272, 47.430554], [-106.946257, 47.430593], [-106.946364, 47.430613], [-106.94638, 47.430574]]]}}
{"type": "Feature", "properties": { "height": 3.5062148571014404, "confidence": -1.0},"geometry": {"type": "Polygon","coordinates": [[[-106.98562284644342, 47.329895848444224], [-106.98561849920421, 47.32980868699038], [-106.98543787942012, 47.3298128253475], [-106.98544223564951, 47.32989998658855], [-106.98562284644342, 47.329895848444224]]]}}
{"type": "Feature", "properties": { "height": 3.597490072250366, "confidence": -1.0},"geometry": {"type": "Polygon","coordinates": [[[-107.04014938643215, 47.40421924441052], [-107.04010166284775, 47.40412992605525], [-107.03991427036941, 47.404175783513224], [-107.03996199814821, 47.404265109640875], [-107.04014938643215, 47.40421924441052]]]}}
{"type": "Feature", "properties": { "height": 11.833945274353027, "confidence": -1.0},"geometry": {"type": "Polygon","coordinates": [[[-107.138544, 47.470773], [-107.138621, 47.470761], [-107.138598, 47.470696], [-107.13852, 47.470709], [-107.138544, 47.470773]]]}}
{"type": "Feature", "properties": { "height": 3.3879971504211426, "confidence": -1.0},"geometry": {"type": "Polygon","coordinates": [[[-107.24682428134065, 47.42057261697785], [-107.24681375084758, 47.420436879773725], [-107.24668268374397, 47.42044153482081], [-107.24669321423707, 47.42057727201293], [-107.24682428134065, 47.42057261697785]]]}}
{"type": "Feature", "properties": { "height": 3.6125271320343018, "confidence": -1.0},"geometry": {"type": "Polygon","coordinates": [[[-107.25946437851597, 47.277845744254144], [-107.2594656995692, 47.27776204635845], [-107.25903770382638, 47.277758916654214], [-107.25903613221412, 47.27785784262139], [-107.25915145389169, 47.27785868042979], [-107.25915105979335, 47.277883487128705], [-107.25925297189667, 47.277884232355724], [-107.25925360783373, 47.2778442030032], [-107.25946437851597, 47.277845744254144]]]}}
{"type": "Feature", "properties": { "height": -1.0, "confidence": -1.0},"geometry": {"type": "Polygon","coordinates": [[[-107.32661202920934, 47.2621022360989], [-107.32675299794892, 47.26210267801351], [-107.32675353482998, 47.262022587782575], [-107.32661257434992, 47.26202214589319], [-107.32661202920934, 47.2621022360989]]]}}
{"type": "Feature", "properties": { "height": 5.340012073516846, "confidence": -1.0},"geometry": {"type": "Polygon","coordinates": [[[-107.38182, 47.406837], [-107.381716, 47.406744], [-107.381606, 47.4068], [-107.381711, 47.406893], [-107.38182, 47.406837]]]}}
{"type": "Feature", "properties": { "height": -1.0, "confidence": -1.0},"geometry": {"type": "Polygon","coordinates": [[[-107.488319, 47.507993], [-107.488282, 47.508036], [-107.488336, 47.508058], [-107.488374, 47.508015], [-107.488319, 47.507993]]]}}
{"type": "Feature", "properties": { "height": -1.0, "confidence": -1.0},"geometry": {"type": "Polygon","coordinates": [[[-107.57851394901896, 47.50446549122826], [-107.57848481957225, 47.504408920218964], [-107.57810199551061, 47.504498894430355], [-107.57813112495732, 47.50455546534268], [-107.57851394901896, 47.50446549122826]]]}}
{"type": "Feature", "properties": { "height": 3.5665721893310547, "confidence": -1.0},"geometry": {"type": "Polygon","coordinates": [[[-106.90797294825884, 47.320996116265235], [-106.90812831257023, 47.32099229797421], [-106.90812388894, 47.32090942374241], [-106.90809047769032, 47.32091024328581], [-106.9080874671581, 47.32085395146061], [-106.90796551950767, 47.320856942713434], [-106.90797294825884, 47.320996116265235]]]}}
{"type": "Feature", "properties": { "height": -1.0, "confidence": -1.0},"geometry": {"type": "Polygon","coordinates": [[[-106.91493844711316, 47.32074195518974], [-106.91479510609801, 47.320739364081604], [-106.91479363841506, 47.32077667535786], [-106.91493697531273, 47.320779273190354], [-106.91493844711316, 47.32074195518974]]]}}
{"type": "Feature", "properties": { "height": 3.2926461696624756, "confidence": -1.0},"geometry": {"type": "Polygon","coordinates": [[[-107.09357539947898, 47.280196267223204], [-107.0935823810413, 47.28034532758498], [-107.09369063167615, 47.28034299408273], [-107.0936836347515, 47.280193934045535], [-107.09357539947898, 47.280196267223204]]]}}
{"type": "Feature", "properties": { "height": -1.0, "confidence": -1.0},"geometry": {"type": "Polygon","coordinates": [[[-107.13908221689677, 47.20249591406161], [-107.13900374297926, 47.20243527258777], [-107.1389568456978, 47.202463286058], [-107.1390353196153, 47.202523927499804], [-107.13908221689677, 47.20249591406161]]]}}
{"type": "Feature", "properties": { "height": -1.0, "confidence": -1.0},"geometry": {"type": "Polygon","coordinates": [[[-107.196768, 47.46608], [-107.196816, 47.466061], [-107.196768, 47.466005], [-107.196663, 47.466047], [-107.196791, 47.466195], [-107.196848, 47.466173], [-107.196768, 47.46608]]]}}
{"type": "Feature", "properties": { "height": 14.126898765563965, "confidence": -1.0},"geometry": {"type": "Polygon","coordinates": [[[-107.406319, 47.041422], [-107.406287, 47.04136], [-107.406208, 47.04138], [-107.40624, 47.041441], [-107.406319, 47.041422]]]}}
{"type": "Feature", "properties": { "height": 3.013221263885498, "confidence": -1.0},"geometry": {"type": "Polygon","coordinates": [[[-107.419172, 47.213296], [-107.419172, 47.213201], [-107.419, 47.213201], [-107.419, 47.213296], [-107.419172, 47.213296]]]}}
{"type": "Feature", "properties": { "height": 2.527979612350464, "confidence": -1.0},"geometry": {"type": "Polygon","coordinates": [[[-107.5792717183985, 47.50413187669731], [-107.57924370313668, 47.50404089231247], [-107.57908578768497, 47.50406308203217], [-107.57909434139427, 47.504090871030634], [-107.57907634434386, 47.504093399910445], [-107.57909579440667, 47.504156588552114], [-107.5792717183985, 47.50413187669731]]]}}
{"type": "Feature", "properties": { "height": 2.6288511753082275, "confidence": -1.0},"geometry": {"type": "Polygon","coordinates": [[[-106.91028399761983, 47.32824356343268], [-106.91028162594469, 47.3283162474805], [-106.91040762794101, 47.32831814228535], [-106.91040999961612, 47.32824545824013], [-106.91028399761983, 47.32824356343268]]]}}
{"type": "Feature", "properties": { "height": -1.0, "confidence": -1.0},"geometry": {"type": "Polygon","coordinates": [[[-106.910459, 47.325645], [-106.910459, 47.325732], [-106.910553, 47.325732], [-106.910553, 47.325645], [-106.910459, 47.325645]]]}}
{"type": "Feature", "properties": { "height": -1.0, "confidence": -1.0},"geometry": {"type": "Polygon","coordinates": [[[-107.537047, 47.121634], [-107.536967, 47.121634], [-107.536967, 47.121678], [-107.537047, 47.121678], [-107.537047, 47.121634]]]}}
{"type": "Feature", "properties": { "height": -1.0, "confidence": -1.0},"geometry": {"type": "Polygon","coordinates": [[[-107.565153, 47.279873], [-107.565197, 47.279974], [-107.565408, 47.279931], [-107.565389, 47.279889], [-107.565341, 47.279898], [-107.565316, 47.279841], [-107.565153, 47.279873]]]}}
{"type": "Feature", "properties": { "height": 2.8813138008117676, "confidence": -1.0},"geometry": {"type": "Polygon","coordinates": [[[-106.90323405774913, 47.31867046631132], [-106.90310270742698, 47.31867263510122], [-106.90310489353408, 47.31873348248466], [-106.90323624363243, 47.31873130746882], [-106.90323405774913, 47.31867046631132]]]}}
{"type": "Feature", "properties": { "height": -1.0, "confidence": -1.0},"geometry": {"type": "Polygon","coordinates": [[[-106.90886711007536, 47.32208453830814], [-106.90893680804265, 47.32208341401884], [-106.90893483054519, 47.32202708149877], [-106.90886513257792, 47.32202820578925], [-106.90886711007536, 47.32208453830814]]]}}
{"type": "Feature", "properties": { "height": 3.013706684112549, "confidence": -1.0},"geometry": {"type": "Polygon","coordinates": [[[-106.91601290310557, 47.31927852675743], [-106.91601176800665, 47.31932942757338], [-106.9161538926031, 47.31933088412096], [-106.91615502770205, 47.319279983306416], [-106.91601290310557, 47.31927852675743]]]}}
{"type": "Feature", "properties": { "height": -1.0, "confidence": -1.0},"geometry": {"type": "Polygon","coordinates": [[[-107.217048, 47.455967], [-107.217093, 47.455963], [-107.217087, 47.455921], [-107.217042, 47.455925], [-107.217048, 47.455967]]]}}
{"type": "Feature", "properties": { "height": -1.0, "confidence": -1.0},"geometry": {"type": "Polygon","coordinates": [[[-107.242592, 47.411612], [-107.242631, 47.411658], [-107.242691, 47.411634], [-107.242652, 47.411589], [-107.242592, 47.411612]]]}}
{"type": "Feature", "properties": { "height": -1.0, "confidence": -1.0},"geometry": {"type": "Polygon","coordinates": [[[-107.285507, 47.150649], [-107.285689, 47.150649], [-107.285689, 47.15062], [-107.285507, 47.15062], [-107.285507, 47.150649]]]}}
{"type": "Feature", "properties": { "height": 7.041764259338379, "confidence": -1.0},"geometry": {"type": "Polygon","coordinates": [[[-107.45708, 47.101721], [-107.456967, 47.101721], [-107.456967, 47.101832], [-107.45708, 47.101832], [-107.45708, 47.101721]]]}}
{"type": "Feature", "properties": { "height": 2.8577730655670166, "confidence": -1.0},"geometry": {"type": "Polygon","coordinates": [[[-106.90304920817715, 47.32024336830553], [-106.90304722583916, 47.32018973532234], [-106.90291051900434, 47.32019205735252], [-106.90291250110272, 47.32024568385129], [-106.90304920817715, 47.32024336830553]]]}}
{"type": "Feature", "properties": { "height": -1.0, "confidence": -1.0},"geometry": {"type": "Polygon","coordinates": [[[-106.90902923886587, 47.30866381550626], [-106.90909335228498, 47.30869948943846], [-106.90913807305509, 47.308662538242125], [-106.90907395963598, 47.30862686428498], [-106.90902923886587, 47.30866381550626]]]}}
{"type": "Feature", "properties": { "height": -1.0, "confidence": -1.0},"geometry": {"type": "Polygon","coordinates": [[[-106.915896, 47.324451], [-106.915841, 47.324448], [-106.915834, 47.324506], [-106.915889, 47.324509], [-106.915896, 47.324451]]]}}
{"type": "Feature", "properties": { "height": 3.7592692375183105, "confidence": -1.0},"geometry": {"type": "Polygon","coordinates": [[[-106.91603772682967, 47.30890034528455], [-106.91589636811851, 47.30893073369966], [-106.91594736754348, 47.30903980152623], [-106.91608872625461, 47.30900941317383], [-106.91603772682967, 47.30890034528455]]]}}
{"type": "Feature", "properties": { "height": -1.0, "confidence": -1.0},"geometry": {"type": "Polygon","coordinates": [[[-107.07061070475636, 47.30875779908263], [-107.07060602865162, 47.30884680062475], [-107.0709971348186, 47.30885624776241], [-107.07100181092329, 47.3087672462362], [-107.07061070475636, 47.30875779908263]]]}}
{"type": "Feature", "properties": { "height": 3.6513164043426514, "confidence": -1.0},"geometry": {"type": "Polygon","coordinates": [[[-107.43116497008394, 47.47139182484015], [-107.4311616631559, 47.47151144497886], [-107.43126891406402, 47.47151279973047], [-107.43127222099206, 47.471393179594855], [-107.43116497008394, 47.47139182484015]]]}}
{"type": "Feature", "properties": { "height": -1.0, "confidence": -1.0},"geometry": {"type": "Polygon","coordinates": [[[-107.557781, 47.13586], [-107.557714, 47.135828], [-107.557657, 47.135882], [-107.557723, 47.135915], [-107.557781, 47.13586]]]}}
{"type": "Feature", "properties": { "height": 3.133845806121826, "confidence": -1.0},"geometry": {"type": "Polygon","coordinates": [[[-106.90409545820208, 47.2997287209101], [-106.90410495787768, 47.299782518667705], [-106.90429686293838, 47.299766933954864], [-106.9042873577892, 47.29971313662591], [-106.90409545820208, 47.2997287209101]]]}}
{"type": "Feature", "properties": { "height": 2.9073643684387207, "confidence": -1.0},"geometry": {"type": "Polygon","coordinates": [[[-106.9061848625354, 47.32248232226526], [-106.90636290547849, 47.322485016846024], [-106.90636584752903, 47.32239596987608], [-106.90623984670978, 47.32239406292068], [-106.90623891014977, 47.32242240977592], [-106.9061868618432, 47.32242161958351], [-106.9061848625354, 47.32248232226526]]]}}
{"type": "Feature", "properties": { "height": 2.813052177429199, "confidence": -1.0},"geometry": {"type": "Polygon","coordinates": [[[-106.90773656459129, 47.32273348073538], [-106.90773545327359, 47.32267712713316], [-106.90761368979344, 47.32267823628869], [-106.90761480692849, 47.322734589836735], [-106.90773656459129, 47.32273348073538]]]}}
{"type": "Feature", "properties": { "height": -1.0, "confidence": -1.0},"geometry": {"type": "Polygon","coordinates": [[[-106.90847545464791, 47.319016360871736], [-106.9085718893718, 47.319018712674044], [-106.90857603309821, 47.318940626274276], [-106.90847959837431, 47.31893827446849], [-106.90847545464791, 47.319016360871736]]]}}
{"type": "Feature", "properties": { "height": -1.0, "confidence": -1.0},"geometry": {"type": "Polygon","coordinates": [[[-106.91149260526082, 47.310701709515264], [-106.91138802022073, 47.31070271699935], [-106.9113909539517, 47.31084272057831], [-106.91149553899176, 47.31084171309689], [-106.91149260526082, 47.310701709515264]]]}}
{"type": "Feature", "properties": { "height": 3.3946657180786133, "confidence": -1.0},"geometry": {"type": "Polygon","coordinates": [[[-106.91211681449563, 47.32393020021027], [-106.91237600911934, 47.32393186026964], [-106.91237696492827, 47.323862776932124], [-106.91211777743685, 47.32386111691627], [-106.91211681449563, 47.32393020021027]]]}}
{"type": "Feature", "properties": { "height": 3.1377034187316895, "confidence": -1.0},"geometry": {"type": "Polygon","coordinates": [[[-106.91289487937172, 47.323103049215824], [-106.91299942839252, 47.32310139254163], [-106.91299610710666, 47.323005082016664], [-106.91289423882996, 47.32300669621499], [-106.91289505348499, 47.32303031956683], [-106.91282267339365, 47.32303146649667], [-106.91282461603257, 47.32308779906104], [-106.91289431537977, 47.32308669461127], [-106.91289487937172, 47.323103049215824]]]}}
{"type": "Feature", "properties": { "height": 3.298250436782837, "confidence": -1.0},"geometry": {"type": "Polygon","coordinates": [[[-106.91375861913392, 47.32349825007395], [-106.91363526545021, 47.32349699184983], [-106.91363191626318, 47.3236478645398], [-106.91375526994689, 47.323649122760315], [-106.91375861913392, 47.32349825007395]]]}}
{"type": "Feature", "properties": { "height": -1.0, "confidence": -1.0},"geometry": {"type": "Polygon","coordinates": [[[-106.915595, 47.32456], [-106.915595, 47.324476], [-106.915496, 47.324476], [-106.915496, 47.32456], [-106.915595, 47.32456]]]}}
{"type": "Feature", "properties": { "height": -1.0, "confidence": -1.0},"geometry": {"type": "Polygon","coordinates": [[[-106.93942090003917, 47.4564491774821], [-106.93938078481845, 47.45638435947643], [-106.93932506770078, 47.45640012695237], [-106.93936518863076, 47.456464943322935], [-106.93942090003917, 47.4564491774821]]]}}
{"type": "Feature", "properties": { "height": 2.553436756134033, "confidence": -1.0},"geometry": {"type": "Polygon","coordinates": [[[-107.22316963699726, 47.340228897873544], [-107.2230609631532, 47.34022577962844], [-107.22307161994385, 47.34005523246339], [-107.22294845915016, 47.34005169852371], [-107.22293247396419, 47.340307519081804], [-107.22316429981043, 47.340314170992194], [-107.22316963699726, 47.340228897873544]]]}}
{"type": "Feature", "properties": { "height": -1.0, "confidence": -1.0},"geometry": {"type": "Polygon","coordinates": [[[-107.31303, 47.327226], [-107.313545, 47.327312], [-107.313581, 47.327212], [-107.313066, 47.327126], [-107.31303, 47.327226]]]}}
{"type": "Feature", "properties": { "height": 4.208877086639404, "confidence": -1.0},"geometry": {"type": "Polygon","coordinates": [[[-107.381084, 47.383508], [-107.381083, 47.383403], [-107.380568, 47.383407], [-107.380569, 47.383512], [-107.381084, 47.383508]]]}}
{"type": "Feature", "properties": { "height": 4.545028209686279, "confidence": -1.0},"geometry": {"type": "Polygon","coordinates": [[[-107.39669331492348, 47.05301741403662], [-107.39683707726321, 47.05315331267827], [-107.39718304955164, 47.0529834036333], [-107.39715952349528, 47.052961164388385], [-107.39713127992188, 47.05297503365426], [-107.39701104457612, 47.05286137474044], [-107.39669331492348, 47.05301741403662]]]}}
{"type": "Feature", "properties": { "height": 4.256529331207275, "confidence": -1.0},"geometry": {"type": "Polygon","coordinates": [[[-107.49243713903213, 47.09601232280657], [-107.49251628476091, 47.09603759610649], [-107.49249772251727, 47.09606453617902], [-107.4927351597036, 47.096140355968465], [-107.4927960026133, 47.09605205247224], [-107.49247941969818, 47.09595095922802], [-107.49243713903213, 47.09601232280657]]]}}
{"type": "Feature", "properties": { "height": -1.0, "confidence": -1.0},"geometry": {"type": "Polygon","coordinates": [[[-107.55196, 47.283636], [-107.551863, 47.283636], [-107.551863, 47.283696], [-107.55196, 47.283696], [-107.55196, 47.283636]]]}}
{"type": "Feature", "properties": { "height": 3.448119640350342, "confidence": -1.0},"geometry": {"type": "Polygon","coordinates": [[[-106.9031720016333, 47.31801488811676], [-106.90302568374291, 47.31801244439028], [-106.90302247989334, 47.31810060701008], [-106.90316878843457, 47.31810305751829], [-106.9031720016333, 47.31801488811676]]]}}
{"type": "Feature", "properties": { "height": -1.0, "confidence": -1.0},"geometry": {"type": "Polygon","coordinates": [[[-106.90870369258423, 47.31962584647584], [-106.90875857313073, 47.319626908850836], [-106.90876018024461, 47.31958875584421], [-106.90870530363387, 47.31958769354464], [-106.90870369258423, 47.31962584647584]]]}}
{"type": "Feature", "properties": { "height": 2.5230283737182617, "confidence": -1.0},"geometry": {"type": "Polygon","coordinates": [[[-106.91207475103465, 47.31789835781334], [-106.91176105391328, 47.317894175367556], [-106.91175963019744, 47.317943251819806], [-106.91207332731882, 47.317947434261725], [-106.91207475103465, 47.31789835781334]]]}}
{"type": "Feature", "properties": { "height": 3.4550509452819824, "confidence": -1.0},"geometry": {"type": "Polygon","coordinates": [[[-106.91467362001796, 47.3258425955504], [-106.91481030393888, 47.32583998236255], [-106.91481151342488, 47.325869048459836], [-106.91487315519315, 47.32586786996397], [-106.91486929995655, 47.32577522172103], [-106.91478889765014, 47.32577675889225], [-106.91478761257127, 47.32574587610941], [-106.91470989034173, 47.32574736204241], [-106.91471109982771, 47.32577642819066], [-106.91467089867449, 47.32577719677627], [-106.91467362001796, 47.3258425955504]]]}}
{"type": "Feature", "properties": { "height": -1.0, "confidence": -1.0},"geometry": {"type": "Polygon","coordinates": [[[-106.91591588882237, 47.31925457969725], [-106.91580874075044, 47.31925720801092], [-106.91581232703868, 47.319324397221656], [-106.91591947511063, 47.31932176891132], [-106.91591588882237, 47.31925457969725]]]}}
{"type": "Feature", "properties": { "height": -1.0, "confidence": -1.0},"geometry": {"type": "Polygon","coordinates": [[[-107.112624, 47.450445], [-107.11263, 47.450499], [-107.112692, 47.450496], [-107.112686, 47.450442], [-107.112624, 47.450445]]]}}
{"type": "Feature", "properties": { "height": -1.0, "confidence": -1.0},"geometry": {"type": "Polygon","coordinates": [[[-107.12424712982602, 47.51074135625996], [-107.12424111003581, 47.5106392539819], [-107.12426357765477, 47.510638649625385], [-107.12425887698991, 47.51055906090345], [-107.1241517588089, 47.5105619422798], [-107.1241555459181, 47.5106260632539], [-107.12407788545336, 47.51062815591461], [-107.124084829598, 47.51074572963784], [-107.12424712982602, 47.51074135625996]]]}}
{"type": "Feature", "properties": { "height": -1.0, "confidence": -1.0},"geometry": {"type": "Polygon","coordinates": [[[-107.230076, 47.458181], [-107.230023, 47.458154], [-107.229971, 47.4582], [-107.230024, 47.458227], [-107.230076, 47.458181]]]}}
{"type": "Feature", "properties": { "height": 5.276486873626709, "confidence": -1.0},"geometry": {"type": "Polygon","coordinates": [[[-107.24577806870293, 47.412229280685935], [-107.24572711853808, 47.41222875703467], [-107.24572634116294, 47.41226323596021], [-107.24541527699863, 47.412260038933425], [-107.24541611321085, 47.412222950403056], [-107.24536784468518, 47.41222245202673], [-107.24536481701682, 47.41235673811379], [-107.24577509948519, 47.41236097430165], [-107.24577806870293, 47.412229280685935]]]}}
{"type": "Feature", "properties": { "height": -1.0, "confidence": -1.0},"geometry": {"type": "Polygon","coordinates": [[[-107.258276, 47.278316], [-107.258274, 47.27826], [-107.258193, 47.278262], [-107.258196, 47.278317], [-107.258276, 47.278316]]]}}
{"type": "Feature", "properties": { "height": -1.0, "confidence": -1.0},"geometry": {"type": "Polygon","coordinates": [[[-107.4378022510846, 47.46766900583856], [-107.43770581346773, 47.46767132371012], [-107.43771286150124, 47.46780533017535], [-107.43749587686328, 47.4678105453727], [-107.4374994961237, 47.4678793593639], [-107.43743520437914, 47.467880904605416], [-107.43743739498416, 47.46792255513406], [-107.43772938665744, 47.46791553716728], [-107.43772738653985, 47.46787750841999], [-107.43781310886594, 47.4678754480978], [-107.4378022510846, 47.46766900583856]]]}}
{"type": "Feature", "properties": { "height": -1.0, "confidence": -1.0},"geometry": {"type": "Polygon","coordinates": [[[-107.46401403777176, 47.46745303219912], [-107.46389881405076, 47.467455452703284], [-107.46390385431086, 47.467565098847835], [-107.46401907828222, 47.46756268379504], [-107.46401403777176, 47.46745303219912]]]}}
{"type": "Feature", "properties": { "height": -1.0, "confidence": -1.0},"geometry": {"type": "Polygon","coordinates": [[[-107.501342, 47.517037], [-107.501342, 47.516988], [-107.501257, 47.516988], [-107.501257, 47.517038], [-107.501342, 47.517037]]]}}
{"type": "Feature", "properties": { "height": -1.0, "confidence": -1.0},"geometry": {"type": "Polygon","coordinates": [[[-107.518529, 47.253827], [-107.518698, 47.253827], [-107.518698, 47.253702], [-107.518529, 47.253702], [-107.518529, 47.253827]]]}}
{"type": "Feature", "properties": { "height": -1.0, "confidence": -1.0},"geometry": {"type": "Polygon","coordinates": [[[-107.550907, 47.284221], [-107.550578, 47.284233], [-107.550585, 47.284322], [-107.550997, 47.284307], [-107.550992, 47.284252], [-107.550909, 47.284255], [-107.550907, 47.284221]]]}}
{"type": "Feature", "properties": { "height": -1.0, "confidence": -1.0},"geometry": {"type": "Polygon","coordinates": [[[-106.90618975130471, 47.32098230146878], [-106.90614152439535, 47.32098121919117], [-106.90613850871337, 47.32104297177588], [-106.90618673562273, 47.32104405405223], [-106.90618975130471, 47.32098230146878]]]}}
{"type": "Feature", "properties": { "height": 3.5948288440704346, "confidence": -1.0},"geometry": {"type": "Polygon","coordinates": [[[-106.90638768547208, 47.31841160039359], [-106.90639292980602, 47.31831718113988], [-106.90627661433811, 47.318314206487244], [-106.90627560394043, 47.318332364002295], [-106.90623542797951, 47.31833133654228], [-106.90623340718419, 47.31836765155436], [-106.90625483436334, 47.318368199532664], [-106.90625261148845, 47.31840814601671], [-106.90638768547208, 47.31841160039359]]]}}
{"type": "Feature", "properties": { "height": -1.0, "confidence": -1.0},"geometry": {"type": "Polygon","coordinates": [[[-106.90731874604194, 47.317137021422546], [-106.90715357636891, 47.31713422361238], [-106.90715183499637, 47.31718147188093], [-106.90731699979463, 47.31718426960603], [-106.90731874604194, 47.317137021422546]]]}}
{"type": "Feature", "properties": { "height": -1.0, "confidence": -1.0},"geometry": {"type": "Polygon","coordinates": [[[-106.909268, 47.325731], [-106.909547, 47.325731], [-106.909547, 47.32562], [-106.909268, 47.32562], [-106.909268, 47.325731]]]}}
{"type": "Feature", "properties": { "height": 2.798419237136841, "confidence": -1.0},"geometry": {"type": "Polygon","coordinates": [[[-106.9106869655121, 47.32232604310314], [-106.91118851176975, 47.322323568409736], [-106.9111877824987, 47.32225629864569], [-106.91068623624106, 47.32225877334223], [-106.9106869655121, 47.32232604310314]]]}}
{"type": "Feature", "properties": { "height": 4.178953170776367, "confidence": -1.0},"geometry": {"type": "Polygon","coordinates": [[[-106.91175993884293, 47.3199557848496], [-106.91175890458693, 47.319886697305776], [-106.91149071130654, 47.31988854237639], [-106.91149174556254, 47.31995762991781], [-106.91175993884293, 47.3199557848496]]]}}
{"type": "Feature", "properties": { "height": -1.0, "confidence": -1.0},"geometry": {"type": "Polygon","coordinates": [[[-106.912889, 47.327483], [-106.912749, 47.327483], [-106.912749, 47.327572], [-106.912889, 47.327572], [-106.912889, 47.327483]]]}}
{"type": "Feature", "properties": { "height": 3.481269359588623, "confidence": -1.0},"geometry": {"type": "Polygon","coordinates": [[[-106.91401965830305, 47.3202221791608], [-106.91402159036416, 47.32035489978966], [-106.91416105165139, 47.32035396682318], [-106.91415911959028, 47.32022124619197], [-106.91401965830305, 47.3202221791608]]]}}
{"type": "Feature", "properties": { "height": 3.3635127544403076, "confidence": -1.0},"geometry": {"type": "Polygon","coordinates": [[[-106.91413012950994, 47.32475732492495], [-106.9141329813078, 47.32485000834353], [-106.91433405951483, 47.32484716560063], [-106.91433120771694, 47.32475448217708], [-106.91413012950994, 47.32475732492495]]]}}
{"type": "Feature", "properties": { "height": -1.0, "confidence": -1.0},"geometry": {"type": "Polygon","coordinates": [[[-106.94085845397197, 47.32683998488046], [-106.94097245463061, 47.32683797305522], [-106.94096938403587, 47.32675803331516], [-106.94085537512858, 47.32676004528901], [-106.94085845397197, 47.32683998488046]]]}}
{"type": "Feature", "properties": { "height": -1.0, "confidence": -1.0},"geometry": {"type": "Polygon","coordinates": [[[-107.11125678815449, 47.449250712209455], [-107.11147926231256, 47.44924681626603], [-107.11147766584685, 47.449205126228144], [-107.11125519168874, 47.44920902217466], [-107.11125678815449, 47.449250712209455]]]}}
{"type": "Feature", "properties": { "height": -1.0, "confidence": -1.0},"geometry": {"type": "Polygon","coordinates": [[[-107.33278870514683, 47.42276856963896], [-107.3329185808335, 47.42276692142892], [-107.33291674776116, 47.422700800662724], [-107.33278687874213, 47.42270244264048], [-107.33278870514683, 47.42276856963896]]]}}
{"type": "Feature", "properties": { "height": -1.0, "confidence": -1.0},"geometry": {"type": "Polygon","coordinates": [[[-107.424606, 47.472821], [-107.424619, 47.472872], [-107.424757, 47.472855], [-107.424744, 47.472805], [-107.424606, 47.472821]]]}}
{"type": "Feature", "properties": { "height": -1.0, "confidence": -1.0},"geometry": {"type": "Polygon","coordinates": [[[-107.427128, 47.207121], [-107.427071, 47.207124], [-107.427078, 47.207198], [-107.427135, 47.207196], [-107.427128, 47.207121]]]}}
{"type": "Feature", "properties": { "height": -1.0, "confidence": -1.0},"geometry": {"type": "Polygon","coordinates": [[[-106.893054, 47.333144], [-106.893054, 47.333006], [-106.892947, 47.333006], [-106.892947, 47.333144], [-106.893054, 47.333144]]]}}
{"type": "Feature", "properties": { "height": 3.872098445892334, "confidence": -1.0},"geometry": {"type": "Polygon","coordinates": [[[-106.90317342421643, 47.31916209310351], [-106.90331556413204, 47.31916315191528], [-106.90331671343097, 47.319092246471826], [-106.90330207813757, 47.31909213745219], [-106.90330268545604, 47.319054906334074], [-106.90311885754267, 47.31905352826021], [-106.90311782612135, 47.31911716135257], [-106.90317414566724, 47.31911758355396], [-106.90317342421643, 47.31916209310351]]]}}
{"type": "Feature", "properties": { "height": 4.4572625160217285, "confidence": -1.0},"geometry": {"type": "Polygon","coordinates": [[[-106.91021575914453, 47.31376516789168], [-106.91038199519248, 47.313767321344024], [-106.91038831956945, 47.31354372824784], [-106.91022208352152, 47.313541574786406], [-106.91021575914453, 47.31376516789168]]]}}
{"type": "Feature", "properties": { "height": -1.0, "confidence": -1.0},"geometry": {"type": "Polygon","coordinates": [[[-107.24392073454683, 47.27517790255597], [-107.24399313854947, 47.27517862457091], [-107.24399436037265, 47.27512222231234], [-107.24392195637002, 47.27512150029664], [-107.24392073454683, 47.27517790255597]]]}}
{"type": "Feature", "properties": { "height": -1.0, "confidence": -1.0},"geometry": {"type": "Polygon","coordinates": [[[-107.250633, 47.432417], [-107.250774, 47.432445], [-107.250854, 47.432263], [-107.250713, 47.432234], [-107.250633, 47.432417]]]}}
{"type": "Feature", "properties": { "height": -1.0, "confidence": -1.0},"geometry": {"type": "Polygon","coordinates": [[[-107.323396, 47.43469], [-107.323327, 47.434673], [-107.323302, 47.43472], [-107.323371, 47.434736], [-107.323396, 47.43469]]]}}
{"type": "Feature", "properties": { "height": -1.0, "confidence": -1.0},"geometry": {"type": "Polygon","coordinates": [[[-107.346656, 47.219563], [-107.346801, 47.219563], [-107.346801, 47.219468], [-107.346709, 47.219468], [-107.346709, 47.219493], [-107.346656, 47.219493], [-107.346656, 47.219563]]]}}
{"type": "Feature", "properties": { "height": 3.80471134185791, "confidence": -1.0},"geometry": {"type": "Polygon","coordinates": [[[-107.420164, 47.213229], [-107.420139, 47.213076], [-107.420014, 47.213085], [-107.42004, 47.213238], [-107.420164, 47.213229]]]}}
{"type": "Feature", "properties": { "height": 3.222501516342163, "confidence": -1.0},"geometry": {"type": "Polygon","coordinates": [[[-107.44048546662407, 47.48708288536725], [-107.4404035256838, 47.48708010668529], [-107.44040701645517, 47.4870330995185], [-107.44030802400738, 47.48702974260327], [-107.44030480175692, 47.487073133838415], [-107.44024861685413, 47.48707122856369], [-107.44024432052016, 47.48712908349023], [-107.44034866391108, 47.48713262185364], [-107.44034906669238, 47.487127197957356], [-107.44048184663545, 47.487131700625895], [-107.44048546662407, 47.48708288536725]]]}}
{"type": "Feature", "properties": { "height": 4.435741901397705, "confidence": -1.0},"geometry": {"type": "Polygon","coordinates": [[[-107.49211995246169, 47.095501435836766], [-107.49225328381499, 47.095520919934465], [-107.49228718226745, 47.09541341124352], [-107.49204872769481, 47.0953785537476], [-107.4920274848094, 47.095445925470884], [-107.49213261145334, 47.09546128794914], [-107.49211995246169, 47.095501435836766]]]}}
{"type": "Feature", "properties": { "height": 3.49200177192688, "confidence": -1.0},"geometry": {"type": "Polygon","coordinates": [[[-106.9030376891177, 47.31841297816919], [-106.90301149059344, 47.31850784289489], [-106.90296225441641, 47.31850159380779], [-106.90294866999642, 47.31855078286359], [-106.90298900102965, 47.31855590169941], [-106.90297589703651, 47.31860333335479], [-106.90311064697309, 47.318620435868255], [-106.903136118471, 47.318528238366426], [-106.90317093419219, 47.31853265884979], [-106.90318791450223, 47.31847117328018], [-106.90316200105288, 47.3184678830969], [-106.90317244076013, 47.31843008096078], [-106.9030376891177, 47.31841297816919]]]}}
{"type": "Feature", "properties": { "height": 2.967341423034668, "confidence": -1.0},"geometry": {"type": "Polygon","coordinates": [[[-106.907740900202, 47.32320443004974], [-106.90773854161463, 47.32310379732222], [-106.90753206363786, 47.323106020991744], [-106.90753442245477, 47.323206663508444], [-106.907740900202, 47.32320443004974]]]}}
{"type": "Feature", "properties": { "height": -1.0, "confidence": -1.0},"geometry": {"type": "Polygon","coordinates": [[[-107.013515, 47.33143], [-107.013515, 47.331452], [-107.013678, 47.331452], [-107.013678, 47.33143], [-107.013515, 47.33143]]]}}
{"type": "Feature", "properties": { "height": -1.0, "confidence": -1.0},"geometry": {"type": "Polygon","coordinates": [[[-107.26767, 47.370212], [-107.267537, 47.370157], [-107.267445, 47.370259], [-107.267577, 47.370314], [-107.26767, 47.370212]]]}}
{"type": "Feature", "properties": { "height": 14.456121444702148, "confidence": -1.0},"geometry": {"type": "Polygon","coordinates": [[[-107.45882521407322, 47.472113004682704], [-107.45898598465038, 47.47210955161646], [-107.45898414975763, 47.47207043169035], [-107.45882337882408, 47.47207387716092], [-107.45882521407322, 47.472113004682704]]]}}
{"type": "Feature", "properties": { "height": -1.0, "confidence": -1.0},"geometry": {"type": "Polygon","coordinates": [[[-106.91445067286574, 47.32354373344365], [-106.91451333309297, 47.32354284756288], [-106.91451149400154, 47.32348287438618], [-106.91444882758475, 47.32348376035547], [-106.91445067286574, 47.32354373344365]]]}}
{"type": "Feature", "properties": { "height": 3.697319507598877, "confidence": -1.0},"geometry": {"type": "Polygon","coordinates": [[[-106.915470101085, 47.318647057543586], [-106.91547348600518, 47.31874983728246], [-106.91558608265785, 47.31874813307437], [-106.91557955853803, 47.31855003447353], [-106.91549494020973, 47.31855131522013], [-106.91549808920131, 47.31864663260033], [-106.915470101085, 47.318647057543586]]]}}
{"type": "Feature", "properties": { "height": -1.0, "confidence": -1.0},"geometry": {"type": "Polygon","coordinates": [[[-106.93851, 47.324521], [-106.938725, 47.324537], [-106.938731, 47.3245], [-106.938516, 47.324483], [-106.93851, 47.324521]]]}}
{"type": "Feature", "properties": { "height": -1.0, "confidence": -1.0},"geometry": {"type": "Polygon","coordinates": [[[-107.07224606375821, 47.30950031505066], [-107.0722354411394, 47.309028249408506], [-107.07210404348616, 47.30902960875585], [-107.07211148991371, 47.309360525949806], [-107.07216244002416, 47.30935999885924], [-107.07216452666044, 47.30945272803191], [-107.07167915981879, 47.30945774925404], [-107.0716802487697, 47.30950614166972], [-107.07224606375821, 47.30950031505066]]]}}
{"type": "Feature", "properties": { "height": -1.0, "confidence": -1.0},"geometry": {"type": "Polygon","coordinates": [[[-107.40437785097417, 47.226064630533095], [-107.40456388990636, 47.22606185401473], [-107.40456312642252, 47.2260381857971], [-107.40437708505229, 47.2260409623531], [-107.40437785097417, 47.226064630533095]]]}}
{"type": "Feature", "properties": { "height": -1.0, "confidence": -1.0},"geometry": {"type": "Polygon","coordinates": [[[-107.562159, 47.28017], [-107.562034, 47.280143], [-107.562018, 47.280177], [-107.561934, 47.280159], [-107.561879, 47.280273], [-107.562087, 47.280319], [-107.562159, 47.28017]]]}}
{"type": "Feature", "properties": { "height": 2.996615409851074, "confidence": -1.0},"geometry": {"type": "Polygon","coordinates": [[[-106.90891924573376, 47.319393992929534], [-106.90903453388034, 47.319395568284015], [-106.9090371819739, 47.31930650776273], [-106.90892189382734, 47.31930493240558], [-106.90891924573376, 47.319393992929534]]]}}
{"type": "Feature", "properties": { "height": 3.200897455215454, "confidence": -1.0},"geometry": {"type": "Polygon","coordinates": [[[-106.91121253569428, 47.31994087177666], [-106.91121007308445, 47.31984271296697], [-106.91077698451572, 47.319847706183985], [-106.91077941146528, 47.31994404711586], [-106.91088803664692, 47.319942794743625], [-106.91088767181584, 47.31992825270978], [-106.91109950505579, 47.319925810420195], [-106.91109991549075, 47.31994217020873], [-106.91121253569428, 47.31994087177666]]]}}
{"type": "Feature", "properties": { "height": -1.0, "confidence": -1.0},"geometry": {"type": "Polygon","coordinates": [[[-106.917347, 47.324096], [-106.917347, 47.324173], [-106.917422, 47.324173], [-106.917422, 47.324096], [-106.917347, 47.324096]]]}}
{"type": "Feature", "properties": { "height": -1.0, "confidence": -1.0},"geometry": {"type": "Polygon","coordinates": [[[-107.012132, 47.327347], [-107.01258, 47.327342], [-107.012578, 47.327283], [-107.012131, 47.327288], [-107.012132, 47.327347]]]}}
{"type": "Feature", "properties": { "height": -1.0, "confidence": -1.0},"geometry": {"type": "Polygon","coordinates": [[[-107.195172, 47.097222], [-107.195136, 47.097174], [-107.194989, 47.097225], [-107.195024, 47.097273], [-107.195172, 47.097222]]]}}
{"type": "Feature", "properties": { "height": -1.0, "confidence": -1.0},"geometry": {"type": "Polygon","coordinates": [[[-107.455704, 47.102533], [-107.455966, 47.102533], [-107.455966, 47.102418], [-107.455704, 47.102418], [-107.455704, 47.102533]]]}}
{"type": "Feature", "properties": { "height": -1.0, "confidence": -1.0},"geometry": {"type": "Polygon","coordinates": [[[-107.489828, 47.095522], [-107.489992, 47.095554], [-107.490001, 47.095532], [-107.489837, 47.095501], [-107.489828, 47.095522]]]}}
{"type": "Feature", "properties": { "height": -1.0, "confidence": -1.0},"geometry": {"type": "Polygon","coordinates": [[[-107.519692, 47.254386], [-107.519711, 47.254312], [-107.519351, 47.254268], [-107.519342, 47.254305], [-107.51932, 47.254302], [-107.519306, 47.254353], [-107.519359, 47.25436], [-107.519339, 47.254435], [-107.519966, 47.254512], [-107.519989, 47.254422], [-107.519692, 47.254386]]]}}
{"type": "Feature", "properties": { "height": -1.0, "confidence": -1.0},"geometry": {"type": "Polygon","coordinates": [[[-106.902777, 47.302145], [-106.902656, 47.302145], [-106.902656, 47.302216], [-106.902777, 47.302216], [-106.902777, 47.302145]]]}}
{"type": "Feature", "properties": { "height": -1.0, "confidence": -1.0},"geometry": {"type": "Polygon","coordinates": [[[-106.91364114952684, 47.31722529451728], [-106.9134185959589, 47.31722796613338], [-106.91342078001294, 47.31731158501576], [-106.9136433335809, 47.31730891340386], [-106.91364114952684, 47.31722529451728]]]}}
{"type": "Feature", "properties": { "height": -1.0, "confidence": -1.0},"geometry": {"type": "Polygon","coordinates": [[[-106.914578, 47.305986], [-106.914572, 47.306013], [-106.91465, 47.306021], [-106.914656, 47.305994], [-106.914578, 47.305986]]]}}
{"type": "Feature", "properties": { "height": -1.0, "confidence": -1.0},"geometry": {"type": "Polygon","coordinates": [[[-107.393981, 47.051201], [-107.393942, 47.051091], [-107.393907, 47.051097], [-107.393945, 47.051207], [-107.393981, 47.051201]]]}}
{"type": "Feature", "properties": { "height": -1.0, "confidence": -1.0},"geometry": {"type": "Polygon","coordinates": [[[-107.442033, 47.426543], [-107.441985, 47.426556], [-107.442008, 47.426595], [-107.442057, 47.426582], [-107.442033, 47.426543]]]}}
{"type": "Feature", "properties": { "height": 4.700342655181885, "confidence": -1.0},"geometry": {"type": "Polygon","coordinates": [[[-106.90294056283668, 47.320575094456196], [-106.90307193990138, 47.320573336694], [-106.90306469017344, 47.32032433175073], [-106.90293331310873, 47.32032608952121], [-106.90294056283668, 47.320575094456196]]]}}
{"type": "Feature", "properties": { "height": -1.0, "confidence": -1.0},"geometry": {"type": "Polygon","coordinates": [[[-106.91239586476753, 47.29956303988387], [-106.91214590299812, 47.29957881923983], [-106.9121508535764, 47.29961488632143], [-106.91240081534582, 47.299599106976245], [-106.91239586476753, 47.29956303988387]]]}}
{"type": "Feature", "properties": { "height": -1.0, "confidence": -1.0},"geometry": {"type": "Polygon","coordinates": [[[-106.91592057541716, 47.31731322728479], [-106.9159169132589, 47.31738667035368], [-106.91604388253222, 47.31738957413105], [-106.91604753681756, 47.31731613691021], [-106.91592057541716, 47.31731322728479]]]}}
{"type": "Feature", "properties": { "height": -1.0, "confidence": -1.0},"geometry": {"type": "Polygon","coordinates": [[[-107.11276872928246, 47.450274346728975], [-107.11224301654732, 47.45027412279815], [-107.11224296111777, 47.45032767861936], [-107.11276867382719, 47.45032792743112], [-107.11276872928246, 47.450274346728975]]]}}
{"type": "Feature", "properties": { "height": -1.0, "confidence": -1.0},"geometry": {"type": "Polygon","coordinates": [[[-107.294165, 47.119029], [-107.294207, 47.11912], [-107.294271, 47.119107], [-107.29426, 47.119084], [-107.294308, 47.119073], [-107.294277, 47.119005], [-107.294165, 47.119029]]]}}
{"type": "Feature", "properties": { "height": -1.0, "confidence": -1.0},"geometry": {"type": "Polygon","coordinates": [[[-107.299937, 47.425548], [-107.299927, 47.425491], [-107.299879, 47.425495], [-107.299885, 47.425522], [-107.299695, 47.425538], [-107.299701, 47.425568], [-107.299937, 47.425548]]]}}
{"type": "Feature", "properties": { "height": -1.0, "confidence": -1.0},"geometry": {"type": "Polygon","coordinates": [[[-107.382319, 47.384588], [-107.382194, 47.384584], [-107.382187, 47.384681], [-107.382312, 47.384685], [-107.382319, 47.384588]]]}}
{"type": "Feature", "properties": { "height": 11.722772598266602, "confidence": -1.0},"geometry": {"type": "Polygon","coordinates": [[[-107.39769, 47.427269], [-107.397745, 47.427264], [-107.397737, 47.42722], [-107.397682, 47.427225], [-107.39769, 47.427269]]]}}
{"type": "Feature", "properties": { "height": -1.0, "confidence": -1.0},"geometry": {"type": "Polygon","coordinates": [[[-106.886685, 47.367915], [-106.88667, 47.367976], [-106.886897, 47.368002], [-106.886913, 47.367941], [-106.886685, 47.367915]]]}}
{"type": "Feature", "properties": { "height": 3.262420415878296, "confidence": -1.0},"geometry": {"type": "Polygon","coordinates": [[[-106.90627804052653, 47.325307062496535], [-106.90649793986219, 47.32530911764253], [-106.90649970005312, 47.32522258313552], [-106.90627980050533, 47.3252205384164], [-106.90627804052653, 47.325307062496535]]]}}
{"type": "Feature", "properties": { "height": -1.0, "confidence": -1.0},"geometry": {"type": "Polygon","coordinates": [[[-106.911214, 47.326484], [-106.911262, 47.326484], [-106.911262, 47.326438], [-106.911213, 47.326439], [-106.911214, 47.326484]]]}}
{"type": "Feature", "properties": { "height": -1.0, "confidence": -1.0},"geometry": {"type": "Polygon","coordinates": [[[-106.91132467933106, 47.310446889156275], [-106.91148816530749, 47.31044377815937], [-106.91148515657488, 47.31037109109722], [-106.91139135314576, 47.31037287609792], [-106.91138811875821, 47.31029473739724], [-106.91131843621088, 47.31029606339969], [-106.91132467933106, 47.310446889156275]]]}}
{"type": "Feature", "properties": { "height": 2.7730624675750732, "confidence": -1.0},"geometry": {"type": "Polygon","coordinates": [[[-106.94039588884498, 47.326161476262264], [-106.94057552736744, 47.32615908156109], [-106.9405691470113, 47.32593918019382], [-106.94038950848883, 47.32594157490495], [-106.94039588884498, 47.326161476262264]]]}}
{"type": "Feature", "properties": { "height": 3.164874315261841, "confidence": -1.0},"geometry": {"type": "Polygon","coordinates": [[[-106.9425718828422, 47.47666197758387], [-106.94256726724953, 47.476526083061486], [-106.94243858902934, 47.47652807963305], [-106.94244320462201, 47.476663974150284], [-106.9425718828422, 47.47666197758387]]]}}
{"type": "Feature", "properties": { "height": 3.9730138778686523, "confidence": -1.0},"geometry": {"type": "Polygon","coordinates": [[[-106.94420797176099, 47.47691052133528], [-106.9440365587377, 47.47684556318677], [-106.94391526457717, 47.47699176225041], [-106.94408667760045, 47.4770567202182], [-106.94420797176099, 47.47691052133528]]]}}
{"type": "Feature", "properties": { "height": 4.175636291503906, "confidence": -1.0},"geometry": {"type": "Polygon","coordinates": [[[-107.2232660907567, 47.33215305435107], [-107.22338789350508, 47.332190984794366], [-107.2234102831144, 47.332157964221715], [-107.22344793123665, 47.33216968817872], [-107.22352629486937, 47.33205411603752], [-107.22346207160203, 47.33203411630078], [-107.22347676445875, 47.332012446966395], [-107.22351884065448, 47.332025551896315], [-107.22356056563657, 47.33196401498116], [-107.22344540973253, 47.331928148807606], [-107.22339656097299, 47.33200019206711], [-107.2233854882899, 47.331996743400005], [-107.22334071026033, 47.33206278297254], [-107.22332963757725, 47.33205933430952], [-107.2232660907567, 47.33215305435107]]]}}
{"type": "Feature", "properties": { "height": 4.192802429199219, "confidence": -1.0},"geometry": {"type": "Polygon","coordinates": [[[-107.22425759786972, 47.329406773898384], [-107.22425410081284, 47.329546716028155], [-107.22454369630967, 47.32955004051674], [-107.22454719336655, 47.32941009839577], [-107.22425759786972, 47.329406773898384]]]}}
{"type": "Feature", "properties": { "height": 3.7751028537750244, "confidence": -1.0},"geometry": {"type": "Polygon","coordinates": [[[-107.32056680310738, 47.433953928619594], [-107.32043280515754, 47.433956554990665], [-107.3204378525887, 47.43407438883426], [-107.32056917057955, 47.43407181499637], [-107.32056684099594, 47.43401743017561], [-107.32060168046289, 47.43401674731992], [-107.32060028271273, 47.43398411640007], [-107.32056812320477, 47.433984746728775], [-107.32056680310738, 47.433953928619594]]]}}
{"type": "Feature", "properties": { "height": -1.0, "confidence": -1.0},"geometry": {"type": "Polygon","coordinates": [[[-107.46241437094477, 47.49923387333383], [-107.46241033161361, 47.49932169208337], [-107.46265008747166, 47.49932672557896], [-107.46265413536946, 47.49923891835481], [-107.46241437094477, 47.49923387333383]]]}}
{"type": "Feature", "properties": { "height": 2.853048324584961, "confidence": -1.0},"geometry": {"type": "Polygon","coordinates": [[[-106.90701044428545, 47.32514139751936], [-106.90711233526254, 47.32514263980868], [-106.90711465028416, 47.325055399123706], [-106.90705029808808, 47.32505461451862], [-106.9070497675623, 47.32507460718861], [-106.90701222878128, 47.32507414950249], [-106.90701044428545, 47.32514139751936]]]}}
{"type": "Feature", "properties": { "height": 3.2836532592773438, "confidence": -1.0},"geometry": {"type": "Polygon","coordinates": [[[-106.91079122209267, 47.32358301953246], [-106.91062235312756, 47.32358594374824], [-106.91062553215487, 47.32367029870848], [-106.9107069291146, 47.323668893063726], [-106.91071031422811, 47.323758963108844], [-106.91083897652666, 47.32375673513824], [-106.91083310381792, 47.32360047583037], [-106.91079190684059, 47.3236011892167], [-106.91079122209267, 47.32358301953246]]]}}
{"type": "Feature", "properties": { "height": 3.172962188720703, "confidence": -1.0},"geometry": {"type": "Polygon","coordinates": [[[-106.91107123384818, 47.320197585267444], [-106.91106688771823, 47.320108587448395], [-106.91096507535403, 47.3201108722944], [-106.91096942148395, 47.32019987010961], [-106.91107123384818, 47.320197585267444]]]}}
{"type": "Feature", "properties": { "height": 3.222195863723755, "confidence": -1.0},"geometry": {"type": "Polygon","coordinates": [[[-106.91452444598441, 47.321085919548985], [-106.9145188359008, 47.321265844661355], [-106.91465020545232, 47.32126772695519], [-106.91465581553591, 47.32108780184924], [-106.91452444598441, 47.321085919548985]]]}}
{"type": "Feature", "properties": { "height": 3.6958556175231934, "confidence": -1.0},"geometry": {"type": "Polygon","coordinates": [[[-107.437422, 47.505082], [-107.437422, 47.505162], [-107.437513, 47.505162], [-107.437513, 47.505082], [-107.437422, 47.505082]]]}}
{"type": "Feature", "properties": { "height": 9.966031074523926, "confidence": -1.0},"geometry": {"type": "Polygon","coordinates": [[[-107.518748, 47.18353], [-107.51876, 47.183594], [-107.51885, 47.183587], [-107.518838, 47.183522], [-107.518748, 47.18353]]]}}
{"type": "Feature", "properties": { "height": 2.9960720539093018, "confidence": -1.0},"geometry": {"type": "Polygon","coordinates": [[[-106.91361644149356, 47.32142327037351], [-106.91357623207446, 47.32142260839826], [-106.91357916166612, 47.3213408362679], [-106.91348533968822, 47.321339291656564], [-106.91347716934017, 47.32156734591967], [-106.91356951031204, 47.32156887052338], [-106.91357071836845, 47.32153524769266], [-106.9136124051673, 47.32153593398883], [-106.91361644149356, 47.32142327037351]]]}}
{"type": "Feature", "properties": { "height": 2.7791876792907715, "confidence": -1.0},"geometry": {"type": "Polygon","coordinates": [[[-106.94305693897438, 47.43180446195002], [-106.94288713441668, 47.431798134926574], [-106.94287217892004, 47.43198157412471], [-106.942614148035, 47.431971947549], [-106.94260669517644, 47.43206347779164], [-106.94303455053256, 47.432079419866525], [-106.94305693897438, 47.43180446195002]]]}}
{"type": "Feature", "properties": { "height": -1.0, "confidence": -1.0},"geometry": {"type": "Polygon","coordinates": [[[-107.24155585709816, 47.27652259198799], [-107.24154270854996, 47.27648658632118], [-107.24143151505929, 47.27650527219588], [-107.2414446636075, 47.27654127784997], [-107.24155585709816, 47.27652259198799]]]}}
{"type": "Feature", "properties": { "height": 4.343583583831787, "confidence": -1.0},"geometry": {"type": "Polygon","coordinates": [[[-107.30809308128096, 47.170529226355725], [-107.30810946125284, 47.17064485321803], [-107.30838722084479, 47.17062668164578], [-107.3083708526677, 47.1705110539723], [-107.30809308128096, 47.170529226355725]]]}}
{"type": "Feature", "properties": { "height": -1.0, "confidence": -1.0},"geometry": {"type": "Polygon","coordinates": [[[-107.3294928886263, 47.42312602198892], [-107.3294747663166, 47.42317457728987], [-107.32956668360146, 47.42319028128672], [-107.32958480271603, 47.42314172110195], [-107.3294928886263, 47.42312602198892]]]}}
{"type": "Feature", "properties": { "height": -1.0, "confidence": -1.0},"geometry": {"type": "Polygon","coordinates": [[[-107.400935, 47.349834], [-107.400902, 47.349774], [-107.400815, 47.349796], [-107.400848, 47.349856], [-107.400935, 47.349834]]]}}
{"type": "Feature", "properties": { "height": -1.0, "confidence": -1.0},"geometry": {"type": "Polygon","coordinates": [[[-106.878803, 47.207352], [-106.878884, 47.207352], [-106.878884, 47.207281], [-106.878803, 47.207281], [-106.878803, 47.207352]]]}}
{"type": "Feature", "properties": { "height": 4.069645881652832, "confidence": -1.0},"geometry": {"type": "Polygon","coordinates": [[[-106.90740465620408, 47.32587916684972], [-106.90727332208557, 47.325881546914395], [-106.90727773165672, 47.32599305024207], [-106.90744274075733, 47.32599005209045], [-106.90744056444652, 47.32593487642255], [-106.90740688346199, 47.325935486795856], [-106.90740465620408, 47.32587916684972]]]}}
{"type": "Feature", "properties": { "height": 4.486331462860107, "confidence": -1.0},"geometry": {"type": "Polygon","coordinates": [[[-106.91000226093591, 47.31426119899264], [-106.90999964881844, 47.31443939166954], [-106.91027588906219, 47.3144412529729], [-106.91027858114242, 47.314257605415136], [-106.91005061589274, 47.31425606938274], [-106.91005053592995, 47.31426152427005], [-106.91000226093591, 47.31426119899264]]]}}
{"type": "Feature", "properties": { "height": 2.626387119293213, "confidence": -1.0},"geometry": {"type": "Polygon","coordinates": [[[-106.91368007277326, 47.32280931583848], [-106.91367912235226, 47.32287750226709], [-106.91374187284792, 47.32287790714919], [-106.91374283035024, 47.32280971778939], [-106.91368007277326, 47.32280931583848]]]}}
{"type": "Feature", "properties": { "height": 3.4275014400482178, "confidence": -1.0},"geometry": {"type": "Polygon","coordinates": [[[-106.9155116032814, 47.31845721550419], [-106.9156242526162, 47.31845763774925], [-106.91562567627601, 47.318283083033506], [-106.91548888779803, 47.31828257030567], [-106.91548802767022, 47.31838803051641], [-106.9155121668134, 47.318388120997604], [-106.9155116032814, 47.31845721550419]]]}}
{"type": "Feature", "properties": { "height": 12.60081958770752, "confidence": -1.0},"geometry": {"type": "Polygon","coordinates": [[[-106.91695155890707, 47.312270179112495], [-106.91670902553747, 47.31227435681792], [-106.91672977864175, 47.31282971703989], [-106.91697236973447, 47.31282554989553], [-106.91695155890707, 47.312270179112495]]]}}
{"type": "Feature", "properties": { "height": 7.2033843994140625, "confidence": -1.0},"geometry": {"type": "Polygon","coordinates": [[[-106.981695, 47.142833], [-106.981896, 47.14286], [-106.981979, 47.142574], [-106.981777, 47.142547], [-106.981695, 47.142833]]]}}
{"type": "Feature", "properties": { "height": 3.4821524620056152, "confidence": -1.0},"geometry": {"type": "Polygon","coordinates": [[[-107.01221982526953, 47.329821972621545], [-107.01188113593479, 47.32983336365516], [-107.01188863895516, 47.329935845676495], [-107.01222733767135, 47.329924438282696], [-107.01221982526953, 47.329821972621545]]]}}
{"type": "Feature", "properties": { "height": 3.1160483360290527, "confidence": -1.0},"geometry": {"type": "Polygon","coordinates": [[[-107.03472440372309, 47.4037936300131], [-107.034888110185, 47.40393152065766], [-107.03499242056033, 47.40387479066812], [-107.03482871409841, 47.403736899875085], [-107.03472440372309, 47.4037936300131]]]}}
{"type": "Feature", "properties": { "height": 3.1887125968933105, "confidence": -1.0},"geometry": {"type": "Polygon","coordinates": [[[-107.07263561976659, 47.39595833719723], [-107.07261313975036, 47.3958423149259], [-107.07223607046615, 47.39587579315902], [-107.07225855048239, 47.39599181535662], [-107.07263561976659, 47.39595833719723]]]}}
{"type": "Feature", "properties": { "height": -1.0, "confidence": -1.0},"geometry": {"type": "Polygon","coordinates": [[[-107.22402779816589, 47.33166737978737], [-107.22396880925135, 47.33166664947078], [-107.22396704597942, 47.33173207114486], [-107.22402603489397, 47.331732801460554], [-107.22402779816589, 47.33166737978737]]]}}
{"type": "Feature", "properties": { "height": -1.0, "confidence": -1.0},"geometry": {"type": "Polygon","coordinates": [[[-107.248111, 47.378211], [-107.248111, 47.378258], [-107.248347, 47.378258], [-107.248347, 47.378211], [-107.248111, 47.378211]]]}}
{"type": "Feature", "properties": { "height": -1.0, "confidence": -1.0},"geometry": {"type": "Polygon","coordinates": [[[-107.261454, 47.278481], [-107.261496, 47.278481], [-107.261496, 47.278445], [-107.261345, 47.278445], [-107.261345, 47.278501], [-107.261454, 47.278501], [-107.261454, 47.278481]]]}}
{"type": "Feature", "properties": { "height": -1.0, "confidence": -1.0},"geometry": {"type": "Polygon","coordinates": [[[-107.40338453329545, 47.21562045140467], [-107.4033668360143, 47.215598619432], [-107.4033318460919, 47.2156117053701], [-107.40334954440767, 47.215633538613766], [-107.40338453329545, 47.21562045140467]]]}}
{"type": "Feature", "properties": { "height": -1.0, "confidence": -1.0},"geometry": {"type": "Polygon","coordinates": [[[-107.40703890560305, 47.475738027489314], [-107.40703692435136, 47.475682728247996], [-107.40688948906477, 47.47568513445782], [-107.4068914705662, 47.47574044066702], [-107.40703890560305, 47.475738027489314]]]}}
{"type": "Feature", "properties": { "height": -1.0, "confidence": -1.0},"geometry": {"type": "Polygon","coordinates": [[[-107.488439, 47.50799], [-107.488444, 47.508061], [-107.488533, 47.508057], [-107.488527, 47.507986], [-107.488439, 47.50799]]]}}
{"type": "Feature", "properties": { "height": -1.0, "confidence": -1.0},"geometry": {"type": "Polygon","coordinates": [[[-107.49352743286303, 47.09650366621088], [-107.49342834895504, 47.09648270991608], [-107.49340402534307, 47.09653599603314], [-107.49350311424712, 47.096556953363624], [-107.49352743286303, 47.09650366621088]]]}}
{"type": "Feature", "properties": { "height": -1.0, "confidence": -1.0},"geometry": {"type": "Polygon","coordinates": [[[-106.907351, 47.316459], [-106.907352, 47.316446], [-106.907261, 47.316443], [-106.907256, 47.316513], [-106.90731, 47.316514], [-106.907311, 47.316498], [-106.907383, 47.316501], [-106.90738, 47.316539], [-106.907491, 47.316542], [-106.907493, 47.316509], [-106.907522, 47.31651], [-106.907525, 47.316465], [-106.907351, 47.316459]]]}}
{"type": "Feature", "properties": { "height": 4.325454235076904, "confidence": -1.0},"geometry": {"type": "Polygon","coordinates": [[[-106.91159918809623, 47.32498312376578], [-106.91159433599974, 47.32501652275222], [-106.91167934236645, 47.32502219689767], [-106.9116841938827, 47.324988801908866], [-106.91159918809623, 47.32498312376578]]]}}
{"type": "Feature", "properties": { "height": 3.6006438732147217, "confidence": -1.0},"geometry": {"type": "Polygon","coordinates": [[[-106.91208831674628, 47.31957397307816], [-106.91208963145527, 47.31973118538057], [-106.91227330768429, 47.319730479491675], [-106.9122725534314, 47.31964138624889], [-106.91223768584862, 47.319641520249256], [-106.91223710910232, 47.31957339419068], [-106.91208831674628, 47.31957397307816]]]}}
{"type": "Feature", "properties": { "height": 3.289747714996338, "confidence": -1.0},"geometry": {"type": "Polygon","coordinates": [[[-106.91350109512184, 47.317881767235406], [-106.91383095706385, 47.31787902828697], [-106.913829784012, 47.31781446861704], [-106.91371446652191, 47.31781543160749], [-106.91371329402168, 47.317750902219565], [-106.91353788920267, 47.31775235866502], [-106.91353903884335, 47.31781599151087], [-106.91349990587823, 47.3178163164447], [-106.91350109512184, 47.317881767235406]]]}}
{"type": "Feature", "properties": { "height": 2.9158077239990234, "confidence": -1.0},"geometry": {"type": "Polygon","coordinates": [[[-106.9164792733928, 47.31341495791265], [-106.91648435104328, 47.3133187002131], [-106.91606913973592, 47.31330863225955], [-106.91606406208547, 47.31340488997745], [-106.9164792733928, 47.31341495791265]]]}}
{"type": "Feature", "properties": { "height": -1.0, "confidence": -1.0},"geometry": {"type": "Polygon","coordinates": [[[-106.93407389175762, 47.4565837657806], [-106.93409196255969, 47.45664580505824], [-106.93433313361008, 47.45661368919071], [-106.93431507218929, 47.456551660039274], [-106.93407389175762, 47.4565837657806]]]}}
{"type": "Feature", "properties": { "height": 4.228082656860352, "confidence": -1.0},"geometry": {"type": "Polygon","coordinates": [[[-107.17783337968628, 47.17443467513135], [-107.17780187886936, 47.174348853811075], [-107.17760240279583, 47.1743826868169], [-107.17763390361276, 47.1744685080825], [-107.17783337968628, 47.17443467513135]]]}}
{"type": "Feature", "properties": { "height": -1.0, "confidence": -1.0},"geometry": {"type": "Polygon","coordinates": [[[-107.3214957711949, 47.433835975715176], [-107.32149648751255, 47.43377066243358], [-107.3214294359776, 47.43377032594237], [-107.32142871965998, 47.43383563922439], [-107.3214957711949, 47.433835975715176]]]}}
{"type": "Feature", "properties": { "height": 19.73862075805664, "confidence": -1.0},"geometry": {"type": "Polygon","coordinates": [[[-107.382369, 47.407178], [-107.382312, 47.407125], [-107.382184, 47.407188], [-107.382241, 47.407241], [-107.382369, 47.407178]]]}}
{"type": "Feature", "properties": { "height": 3.265040636062622, "confidence": -1.0},"geometry": {"type": "Polygon","coordinates": [[[-106.91038578998428, 47.324987308312515], [-106.91038424887859, 47.32493900552438], [-106.9102528818793, 47.32494092504404], [-106.91025442318373, 47.3249892340597], [-106.91038578998428, 47.324987308312515]]]}}
{"type": "Feature", "properties": { "height": 2.8154218196868896, "confidence": -1.0},"geometry": {"type": "Polygon","coordinates": [[[-106.91225316770192, 47.322919727800624], [-106.91209117590002, 47.32291936658787], [-106.9120906200535, 47.323033910395445], [-106.91225260002902, 47.323034271581044], [-106.91225316770192, 47.322919727800624]]]}}
{"type": "Feature", "properties": { "height": -1.0, "confidence": -1.0},"geometry": {"type": "Polygon","coordinates": [[[-106.91714541317522, 47.30921213742414], [-106.91716324655171, 47.309280182752694], [-106.91768327349111, 47.30921754992884], [-106.91766543384495, 47.30914948059699], [-106.91714541317522, 47.30921213742414]]]}}
{"type": "Feature", "properties": { "height": -1.0, "confidence": -1.0},"geometry": {"type": "Polygon","coordinates": [[[-106.94071396738892, 47.44239922943963], [-106.94071896057818, 47.44245161950736], [-106.94081779166352, 47.442447310862725], [-106.94081279847427, 47.442394920790704], [-106.94071396738892, 47.44239922943963]]]}}
{"type": "Feature", "properties": { "height": 12.252456665039062, "confidence": -1.0},"geometry": {"type": "Polygon","coordinates": [[[-106.981352, 47.143485], [-106.981363, 47.143556], [-106.981454, 47.143549], [-106.981443, 47.143479], [-106.981352, 47.143485]]]}}
{"type": "Feature", "properties": { "height": 7.905459880828857, "confidence": -1.0},"geometry": {"type": "Polygon","coordinates": [[[-107.23022755218823, 47.48549606903206], [-107.23029723954902, 47.485497331396154], [-107.23029914019868, 47.48544941565401], [-107.23022945270725, 47.48544815658239], [-107.23022755218823, 47.48549606903206]]]}}
{"type": "Feature", "properties": { "height": -1.0, "confidence": -1.0},"geometry": {"type": "Polygon","coordinates": [[[-107.3241381649886, 47.26824381486995], [-107.32401479095472, 47.268244471110435], [-107.32401556883764, 47.26831180908382], [-107.32390292298066, 47.26831240825912], [-107.32390407929313, 47.268412505087134], [-107.32414009918396, 47.268411249674564], [-107.3241381649886, 47.26824381486995]]]}}
{"type": "Feature", "properties": { "height": -1.0, "confidence": -1.0},"geometry": {"type": "Polygon","coordinates": [[[-107.337556, 47.435387], [-107.337515, 47.435419], [-107.33756, 47.435445], [-107.337601, 47.435413], [-107.337556, 47.435387]]]}}
{"type": "Feature", "properties": { "height": 2.9477105140686035, "confidence": -1.0},"geometry": {"type": "Polygon","coordinates": [[[-107.42487906605857, 47.47188101246458], [-107.42473070009275, 47.471884627278044], [-107.42473930994952, 47.47204577820286], [-107.42488765925123, 47.47204216380649], [-107.42487906605857, 47.47188101246458]]]}}
{"type": "Feature", "properties": { "height": 3.7960243225097656, "confidence": -1.0},"geometry": {"type": "Polygon","coordinates": [[[-107.43214665457344, 47.471283727234024], [-107.43204014252917, 47.47123226346491], [-107.43190310070986, 47.47136185954985], [-107.43196345753493, 47.471391022286625], [-107.43188859209661, 47.471461819973584], [-107.4319880033379, 47.471509852616514], [-107.43212504515724, 47.471380256896516], [-107.4320717891351, 47.47135452506552], [-107.43214665457344, 47.471283727234024]]]}}
{"type": "Feature", "properties": { "height": -1.0, "confidence": -1.0},"geometry": {"type": "Polygon","coordinates": [[[-107.546024, 47.47687], [-107.54598, 47.476703], [-107.545913, 47.476711], [-107.545957, 47.476878], [-107.546024, 47.47687]]]}}
{"type": "Feature", "properties": { "height": -1.0, "confidence": -1.0},"geometry": {"type": "Polygon","coordinates": [[[-107.578301, 47.504084], [-107.577883, 47.504156], [-107.577902, 47.504209], [-107.578321, 47.504137], [-107.578301, 47.504084]]]}}
{"type": "Feature", "properties": { "height": 2.6869266033172607, "confidence": -1.0},"geometry": {"type": "Polygon","coordinates": [[[-106.90727102160346, 47.32098550990876], [-106.90726792413808, 47.320907381943314], [-106.90713264312869, 47.32090985302027], [-106.90713574865453, 47.320987980834815], [-106.90727102160346, 47.32098550990876]]]}}
{"type": "Feature", "properties": { "height": -1.0, "confidence": -1.0},"geometry": {"type": "Polygon","coordinates": [[[-107.149896, 47.247575], [-107.149916, 47.247517], [-107.149842, 47.247505], [-107.149822, 47.247564], [-107.149896, 47.247575]]]}}
{"type": "Feature", "properties": { "height": 7.180596828460693, "confidence": -1.0},"geometry": {"type": "Polygon","coordinates": [[[-107.40243544799311, 47.219602901061535], [-107.40242098957536, 47.21960620280816], [-107.40244582032201, 47.21965635143271], [-107.40251329151155, 47.219640940413115], [-107.40249303231141, 47.2196000245582], [-107.40252108672892, 47.21959361667354], [-107.40250731304864, 47.219565793282456], [-107.40242624297785, 47.21958431043314], [-107.40243544799311, 47.219602901061535]]]}}
{"type": "Feature", "properties": { "height": 3.767347812652588, "confidence": -1.0},"geometry": {"type": "Polygon","coordinates": [[[-107.52354094674288, 47.41945548371657], [-107.5233790878762, 47.41943432823616], [-107.5233181510649, 47.41964777523234], [-107.52348003121622, 47.41966893340895], [-107.52354094674288, 47.41945548371657]]]}}
{"type": "Feature", "properties": { "height": 3.167072057723999, "confidence": -1.0},"geometry": {"type": "Polygon","coordinates": [[[-106.91302153277681, 47.31991888155502], [-106.91278301257834, 47.319923521425316], [-106.91278647324754, 47.3200052766617], [-106.913024993446, 47.32000063679856], [-106.91302153277681, 47.31991888155502]]]}}
{"type": "Feature", "properties": { "height": -1.0, "confidence": -1.0},"geometry": {"type": "Polygon","coordinates": [[[-107.197678, 47.171117], [-107.197568, 47.171117], [-107.197568, 47.171217], [-107.197678, 47.171217], [-107.197678, 47.171117]]]}}
{"type": "Feature", "properties": { "height": 2.5858607292175293, "confidence": -1.0},"geometry": {"type": "Polygon","coordinates": [[[-107.29901245645995, 47.42557835646989], [-107.29901353744647, 47.4256336440843], [-107.29944261541289, 47.42562978382845], [-107.29944304109739, 47.42565155566778], [-107.2995717644873, 47.42565039759144], [-107.2995708613862, 47.42560420803766], [-107.29944213787714, 47.42560536002093], [-107.29944153482353, 47.4255745165236], [-107.29901245645995, 47.42557835646989]]]}}
{"type": "Feature", "properties": { "height": -1.0, "confidence": -1.0},"geometry": {"type": "Polygon","coordinates": [[[-107.30722368228629, 47.42140097879599], [-107.30722101093419, 47.42136841296649], [-107.30707661643649, 47.42137383528789], [-107.30707928778858, 47.42140640111404], [-107.30722368228629, 47.42140097879599]]]}}
{"type": "Feature", "properties": { "height": -1.0, "confidence": -1.0},"geometry": {"type": "Polygon","coordinates": [[[-107.492107, 47.385541], [-107.492042, 47.385541], [-107.492042, 47.385595], [-107.492107, 47.385595], [-107.492107, 47.385541]]]}}
{"type": "Feature", "properties": { "height": -1.0, "confidence": -1.0},"geometry": {"type": "Polygon","coordinates": [[[-106.91294408357649, 47.31779736871533], [-106.91294762138165, 47.31790184477906], [-106.91308166119438, 47.31789975874649], [-106.91307812317396, 47.31779527632213], [-106.91294408357649, 47.31779736871533]]]}}
{"type": "Feature", "properties": { "height": 2.9366884231567383, "confidence": -1.0},"geometry": {"type": "Polygon","coordinates": [[[-106.91306199405629, 47.322044259479945], [-106.91306525197375, 47.32217149551457], [-106.91319932203278, 47.32216991804201], [-106.91319606411535, 47.322042682003584], [-106.91306199405629, 47.322044259479945]]]}}
{"type": "Feature", "properties": { "height": 4.809345722198486, "confidence": -1.0},"geometry": {"type": "Polygon","coordinates": [[[-107.319217, 47.38094], [-107.319153, 47.380994], [-107.319211, 47.381026], [-107.319276, 47.380972], [-107.319217, 47.38094]]]}}
{"type": "Feature", "properties": { "height": -1.0, "confidence": -1.0},"geometry": {"type": "Polygon","coordinates": [[[-107.358755, 47.428091], [-107.358755, 47.428095], [-107.358707, 47.428095], [-107.358707, 47.428138], [-107.358774, 47.428138], [-107.358774, 47.428171], [-107.358911, 47.428171], [-107.358911, 47.428091], [-107.358755, 47.428091]]]}}
{"type": "Feature", "properties": { "height": -1.0, "confidence": -1.0},"geometry": {"type": "Polygon","coordinates": [[[-107.392236, 47.411522], [-107.39235, 47.411582], [-107.392416, 47.411524], [-107.392332, 47.41148], [-107.392298, 47.411509], [-107.392269, 47.411494], [-107.392236, 47.411522]]]}}
{"type": "Feature", "properties": { "height": -1.0, "confidence": -1.0},"geometry": {"type": "Polygon","coordinates": [[[-107.40155586165227, 47.22141240987141], [-107.40154806667769, 47.22144056094558], [-107.40158433492194, 47.22144519327157], [-107.40159212989653, 47.22141704219986], [-107.40155586165227, 47.22141240987141]]]}}
{"type": "Feature", "properties": { "height": 3.455061674118042, "confidence": -1.0},"geometry": {"type": "Polygon","coordinates": [[[-106.90937459540292, 47.32237465080429], [-106.90937652841968, 47.32244807085483], [-106.90967415881893, 47.322444470100166], [-106.9096722254305, 47.3223710359285], [-106.90937459540292, 47.32237465080429]]]}}
{"type": "Feature", "properties": { "height": 3.280207633972168, "confidence": -1.0},"geometry": {"type": "Polygon","coordinates": [[[-106.91022592527192, 47.323616115071914], [-106.91022405610492, 47.3235434110577], [-106.91004608817623, 47.32354552186598], [-106.91004796484765, 47.32361822578829], [-106.91022592527192, 47.323616115071914]]]}}
{"type": "Feature", "properties": { "height": 3.9862844944000244, "confidence": -1.0},"geometry": {"type": "Polygon","coordinates": [[[-106.91413816254226, 47.323771902600384], [-106.91413363626611, 47.32388818320208], [-106.91427033400808, 47.323890621649454], [-106.91427486028422, 47.32377434105314], [-106.91413816254226, 47.323771902600384]]]}}
{"type": "Feature", "properties": { "height": -1.0, "confidence": -1.0},"geometry": {"type": "Polygon","coordinates": [[[-106.998049, 47.382671], [-106.998098, 47.382664], [-106.998088, 47.382629], [-106.998039, 47.382636], [-106.998049, 47.382671]]]}}
{"type": "Feature", "properties": { "height": -1.0, "confidence": -1.0},"geometry": {"type": "Polygon","coordinates": [[[-107.29705054605783, 47.42548503744424], [-107.29691941745347, 47.42548927822297], [-107.29692261554308, 47.42553454088306], [-107.29705374414746, 47.425530300108], [-107.29705054605783, 47.42548503744424]]]}}
{"type": "Feature", "properties": { "height": -1.0, "confidence": -1.0},"geometry": {"type": "Polygon","coordinates": [[[-107.318047, 47.427243], [-107.318112, 47.427243], [-107.318112, 47.427185], [-107.318047, 47.427185], [-107.318047, 47.427243]]]}}
{"type": "Feature", "properties": { "height": 6.497473239898682, "confidence": -1.0},"geometry": {"type": "Polygon","coordinates": [[[-107.40222982032171, 47.2201648351278], [-107.40197408718475, 47.22017418334281], [-107.40200042879898, 47.22050659242109], [-107.4022561277804, 47.22049724551322], [-107.40222982032171, 47.2201648351278]]]}}
{"type": "Feature", "properties": { "height": -1.0, "confidence": -1.0},"geometry": {"type": "Polygon","coordinates": [[[-107.423746, 47.208587], [-107.42376, 47.208789], [-107.423876, 47.208785], [-107.423862, 47.208583], [-107.423746, 47.208587]]]}}
{"type": "Feature", "properties": { "height": 3.934535026550293, "confidence": -1.0},"geometry": {"type": "Polygon","coordinates": [[[-107.468264, 47.430789], [-107.468307, 47.430789], [-107.468307, 47.430697], [-107.468171, 47.430697], [-107.468171, 47.430753], [-107.468264, 47.430753], [-107.468264, 47.430789]]]}}
{"type": "Feature", "properties": { "height": 4.2140398025512695, "confidence": -1.0},"geometry": {"type": "Polygon","coordinates": [[[-106.90371110200155, 47.31979039553324], [-106.90415092165081, 47.31978682717335], [-106.90414803531975, 47.3196223753448], [-106.9037082153043, 47.319625922851095], [-106.90371110200155, 47.31979039553324]]]}}
{"type": "Feature", "properties": { "height": 3.601693630218506, "confidence": -1.0},"geometry": {"type": "Polygon","coordinates": [[[-106.91618741087753, 47.320284525648155], [-106.91619437610652, 47.32000459127722], [-106.91602812644658, 47.32000269031294], [-106.91602613638116, 47.320082671716015], [-106.91606234868156, 47.32008308578114], [-106.91605735288009, 47.32028303852153], [-106.91618741087753, 47.320284525648155]]]}}
{"type": "Feature", "properties": { "height": 4.957815647125244, "confidence": -1.0},"geometry": {"type": "Polygon","coordinates": [[[-106.92073044626069, 47.35799245020253], [-106.92065589433062, 47.35793136648053], [-106.92077220015064, 47.35786623224401], [-106.92068921356446, 47.35779823746488], [-106.9205665348228, 47.357866940786884], [-106.92053834805843, 47.35784384606684], [-106.9203933690742, 47.357925044905095], [-106.92050533125483, 47.35801678049858], [-106.9205292288896, 47.35800339610656], [-106.92060299220861, 47.3580638336022], [-106.92073044626069, 47.35799245020253]]]}}
{"type": "Feature", "properties": { "height": 3.1599340438842773, "confidence": -1.0},"geometry": {"type": "Polygon","coordinates": [[[-107.14636275899406, 47.24905725699445], [-107.14620957995865, 47.24909590740156], [-107.14626038640591, 47.24918868931205], [-107.14641356544135, 47.249150038972644], [-107.14636275899406, 47.24905725699445]]]}}
{"type": "Feature", "properties": { "height": -1.0, "confidence": -1.0},"geometry": {"type": "Polygon","coordinates": [[[-107.16403544176922, 47.39533019367825], [-107.16396305543573, 47.39532914424662], [-107.16395637326235, 47.39553966626827], [-107.16402875959584, 47.39554071569572], [-107.16403544176922, 47.39533019367825]]]}}
{"type": "Feature", "properties": { "height": -1.0, "confidence": -1.0},"geometry": {"type": "Polygon","coordinates": [[[-107.216483, 47.330076], [-107.216354, 47.330076], [-107.216354, 47.330116], [-107.216483, 47.330116], [-107.216483, 47.330076]]]}}
{"type": "Feature", "properties": { "height": -1.0, "confidence": -1.0},"geometry": {"type": "Polygon","coordinates": [[[-107.381009, 47.318281], [-107.380865, 47.318281], [-107.380865, 47.318347], [-107.381009, 47.318347], [-107.381009, 47.318281]]]}}
{"type": "Feature", "properties": { "height": 3.2570254802703857, "confidence": -1.0},"geometry": {"type": "Polygon","coordinates": [[[-107.39897809802204, 47.36150594405086], [-107.39895033612966, 47.361430702600586], [-107.39881813175865, 47.36145308419084], [-107.39884588633373, 47.36152832684798], [-107.39897809802204, 47.36150594405086]]]}}
{"type": "Feature", "properties": { "height": 6.5864644050598145, "confidence": -1.0},"geometry": {"type": "Polygon","coordinates": [[[-107.40230225497086, 47.22042461173654], [-107.40250829475163, 47.22041778525152], [-107.40248780100592, 47.22013245624128], [-107.40228176122517, 47.22013928276305], [-107.40230225497086, 47.22042461173654]]]}}
{"type": "Feature", "properties": { "height": -1.0, "confidence": -1.0},"geometry": {"type": "Polygon","coordinates": [[[-107.552287, 47.486653], [-107.552183, 47.486659], [-107.552197, 47.486759], [-107.5523, 47.486752], [-107.552287, 47.486653]]]}}
{"type": "Feature", "properties": { "height": 3.6284432411193848, "confidence": -1.0},"geometry": {"type": "Polygon","coordinates": [[[-106.90639309675551, 47.32356636877472], [-106.90607995476817, 47.323595843496065], [-106.90608887693679, 47.323639376560095], [-106.90640201593698, 47.32360988728815], [-106.90639309675551, 47.32356636877472]]]}}
{"type": "Feature", "properties": { "height": 2.669429302215576, "confidence": -1.0},"geometry": {"type": "Polygon","coordinates": [[[-106.90813928117745, 47.32025493713151], [-106.90813662786518, 47.320188871438205], [-106.90798787423431, 47.320191623934825], [-106.90799053407841, 47.32025768244645], [-106.90813928117745, 47.32025493713151]]]}}
{"type": "Feature", "properties": { "height": 4.323408603668213, "confidence": -1.0},"geometry": {"type": "Polygon","coordinates": [[[-106.91155347193468, 47.32567109493422], [-106.91128793703506, 47.3256704146899], [-106.911287359227, 47.32577404381833], [-106.91155289412664, 47.32577472406132], [-106.91155347193468, 47.32567109493422]]]}}
{"type": "Feature", "properties": { "height": 3.19457745552063, "confidence": -1.0},"geometry": {"type": "Polygon","coordinates": [[[-106.965873, 47.252118], [-106.96605, 47.252118], [-106.96605, 47.252049], [-106.965873, 47.252049], [-106.965873, 47.252118]]]}}
{"type": "Feature", "properties": { "height": -1.0, "confidence": -1.0},"geometry": {"type": "Polygon","coordinates": [[[-107.093463, 47.280232], [-107.093463, 47.280172], [-107.093238, 47.280172], [-107.093238, 47.280232], [-107.093463, 47.280232]]]}}
{"type": "Feature", "properties": { "height": -1.0, "confidence": -1.0},"geometry": {"type": "Polygon","coordinates": [[[-107.14113551686911, 47.203793842892935], [-107.14126689802143, 47.20379215616014], [-107.1412644862514, 47.20370576699087], [-107.14113310527343, 47.20370745997131], [-107.14113551686911, 47.203793842892935]]]}}
{"type": "Feature", "properties": { "height": -1.0, "confidence": -1.0},"geometry": {"type": "Polygon","coordinates": [[[-107.225184, 47.332457], [-107.225248, 47.332457], [-107.225248, 47.332397], [-107.225184, 47.332397], [-107.225184, 47.332457]]]}}
{"type": "Feature", "properties": { "height": -1.0, "confidence": -1.0},"geometry": {"type": "Polygon","coordinates": [[[-107.268398, 47.370499], [-107.268104, 47.370475], [-107.268094, 47.370526], [-107.268389, 47.37055], [-107.268398, 47.370499]]]}}
{"type": "Feature", "properties": { "height": -1.0, "confidence": -1.0},"geometry": {"type": "Polygon","coordinates": [[[-107.39629386149116, 47.04990915599401], [-107.39629520108622, 47.04994751286718], [-107.39641970271686, 47.04994549422425], [-107.39641835918405, 47.04990713741346], [-107.39629386149116, 47.04990915599401]]]}}
{"type": "Feature", "properties": { "height": 3.974375009536743, "confidence": -1.0},"geometry": {"type": "Polygon","coordinates": [[[-106.89155884912586, 47.29680458811736], [-106.89179242314049, 47.296920856620005], [-106.8918717522636, 47.29684756252822], [-106.89165560914557, 47.296739970639194], [-106.8916709631694, 47.296725784645346], [-106.89157588559203, 47.29667845677308], [-106.89150935561159, 47.29673993149287], [-106.89158699816954, 47.29677858049084], [-106.89155884912586, 47.29680458811736]]]}}
{"type": "Feature", "properties": { "height": 3.7583258152008057, "confidence": -1.0},"geometry": {"type": "Polygon","coordinates": [[[-106.90332774263625, 47.31817604400267], [-106.90319476931725, 47.31817545093599], [-106.90319339016371, 47.31831909349573], [-106.90332634865372, 47.31831968649468], [-106.90332774263625, 47.31817604400267]]]}}
{"type": "Feature", "properties": { "height": -1.0, "confidence": -1.0},"geometry": {"type": "Polygon","coordinates": [[[-106.91602779788978, 47.320560381880995], [-106.91591649080227, 47.32055893489291], [-106.91591702933789, 47.32053996712217], [-106.91581115554827, 47.32053858574304], [-106.91580853325266, 47.320631282669645], [-106.91612085109004, 47.320635357602455], [-106.91612198640328, 47.32059537076981], [-106.91602684320921, 47.32059412939849], [-106.91602779788978, 47.320560381880995]]]}}
{"type": "Feature", "properties": { "height": 3.622783660888672, "confidence": -1.0},"geometry": {"type": "Polygon","coordinates": [[[-107.39602455718165, 47.04787516893447], [-107.39588780807928, 47.04787350595426], [-107.39588450611677, 47.04799957160042], [-107.39586305527719, 47.04799931074138], [-107.39586114109603, 47.04807239213934], [-107.39601934103797, 47.04807431597201], [-107.39602455718165, 47.04787516893447]]]}}
{"type": "Feature", "properties": { "height": -1.0, "confidence": -1.0},"geometry": {"type": "Polygon","coordinates": [[[-107.40144194315732, 47.468726219639656], [-107.40136208808171, 47.4687214970195], [-107.40135626624728, 47.468766481533486], [-107.40143612132289, 47.468771204149604], [-107.40144194315732, 47.468726219639656]]]}}
{"type": "Feature", "properties": { "height": 5.332816123962402, "confidence": -1.0},"geometry": {"type": "Polygon","coordinates": [[[-106.90433559100046, 47.2971645220727], [-106.90425379786342, 47.297055260750156], [-106.90412798204167, 47.29709858760877], [-106.90410366861504, 47.297066109107156], [-106.90399064442967, 47.29710502557292], [-106.90402095957516, 47.29714552129231], [-106.90395698362117, 47.297167549450926], [-106.90403277148492, 47.29726878857154], [-106.90433559100046, 47.2971645220727]]]}}
{"type": "Feature", "properties": { "height": 3.7866311073303223, "confidence": -1.0},"geometry": {"type": "Polygon","coordinates": [[[-106.90870736505599, 47.31716568656305], [-106.90882103569852, 47.317164990806184], [-106.90881977654459, 47.31707044291008], [-106.90886000640047, 47.31707019667017], [-106.90885954632502, 47.317035650281156], [-106.9088236668047, 47.31703586989356], [-106.90882312329944, 47.31699474001944], [-106.90870511557361, 47.31699545672584], [-106.90870736505599, 47.31716568656305]]]}}
{"type": "Feature", "properties": { "height": 2.961116313934326, "confidence": -1.0},"geometry": {"type": "Polygon","coordinates": [[[-106.91161559869981, 47.322471711514986], [-106.91180699392798, 47.32246808841871], [-106.91180408233167, 47.32239723396627], [-106.9117038038384, 47.322399132232654], [-106.9117025314947, 47.3223682469902], [-106.91161140744994, 47.32236997196433], [-106.91161559869981, 47.322471711514986]]]}}
{"type": "Feature", "properties": { "height": -1.0, "confidence": -1.0},"geometry": {"type": "Polygon","coordinates": [[[-106.91801312746995, 47.453193112528446], [-106.91816825866, 47.453207986853776], [-106.91818093500439, 47.45314753684471], [-106.91802580381433, 47.45313266250226], [-106.91801312746995, 47.453193112528446]]]}}
{"type": "Feature", "properties": { "height": -1.0, "confidence": -1.0},"geometry": {"type": "Polygon","coordinates": [[[-106.94398390853925, 47.430517023427875], [-106.94372583366426, 47.430482407306116], [-106.94371304100397, 47.43052605318551], [-106.94397111587895, 47.43056066927858], [-106.94398390853925, 47.430517023427875]]]}}
{"type": "Feature", "properties": { "height": -1.0, "confidence": -1.0},"geometry": {"type": "Polygon","coordinates": [[[-107.03543454644448, 47.40262799878984], [-107.03583953686648, 47.40262592681486], [-107.03583907990853, 47.40258500908413], [-107.03543408970076, 47.40258710024458], [-107.03543454644448, 47.40262799878984]]]}}
{"type": "Feature", "properties": { "height": 2.9313101768493652, "confidence": -1.0},"geometry": {"type": "Polygon","coordinates": [[[-107.03590185361988, 47.4031187417565], [-107.03592878835195, 47.403178538753004], [-107.03604658555179, 47.40315423158345], [-107.03601965081972, 47.40309443455935], [-107.03590185361988, 47.4031187417565]]]}}
{"type": "Feature", "properties": { "height": -1.0, "confidence": -1.0},"geometry": {"type": "Polygon","coordinates": [[[-107.197089, 47.171079], [-107.197293, 47.171094], [-107.197307, 47.171004], [-107.197103, 47.170989], [-107.197089, 47.171079]]]}}
{"type": "Feature", "properties": { "height": 2.8282976150512695, "confidence": -1.0},"geometry": {"type": "Polygon","coordinates": [[[-107.21089200693547, 47.195718439063995], [-107.21100909771255, 47.19579300679708], [-107.21109341001585, 47.1957318793844], [-107.21097631923877, 47.19565731156542], [-107.21089200693547, 47.195718439063995]]]}}
{"type": "Feature", "properties": { "height": 7.732962608337402, "confidence": -1.0},"geometry": {"type": "Polygon","coordinates": [[[-107.323677, 47.171774], [-107.323643, 47.171819], [-107.323706, 47.171841], [-107.323739, 47.171795], [-107.323677, 47.171774]]]}}
{"type": "Feature", "properties": { "height": -1.0, "confidence": -1.0},"geometry": {"type": "Polygon","coordinates": [[[-107.48834517899465, 47.101309190311156], [-107.48847248095569, 47.101276045744925], [-107.48838620038973, 47.10112249442885], [-107.48825890922967, 47.10115563021413], [-107.48834517899465, 47.101309190311156]]]}}
{"type": "Feature", "properties": { "height": 3.5277037620544434, "confidence": -1.0},"geometry": {"type": "Polygon","coordinates": [[[-106.90601030368761, 47.32470199073233], [-106.90613091460908, 47.32470420512743], [-106.90613730307112, 47.324544327978074], [-106.90601669214962, 47.324542113576264], [-106.90601030368761, 47.32470199073233]]]}}
{"type": "Feature", "properties": { "height": 2.9147469997406006, "confidence": -1.0},"geometry": {"type": "Polygon","coordinates": [[[-106.90927502432733, 47.32198558186703], [-106.90910759416914, 47.32198421557987], [-106.90910612891044, 47.32206672589901], [-106.90927355040907, 47.322068100056505], [-106.90927502432733, 47.32198558186703]]]}}
{"type": "Feature", "properties": { "height": 4.335763454437256, "confidence": -1.0},"geometry": {"type": "Polygon","coordinates": [[[-106.91597369624704, 47.31362554519171], [-106.91572727773777, 47.3136120983656], [-106.91571784001252, 47.31369159719324], [-106.91596425036794, 47.31370504355418], [-106.91597369624704, 47.31362554519171]]]}}
{"type": "Feature", "properties": { "height": -1.0, "confidence": -1.0},"geometry": {"type": "Polygon","coordinates": [[[-107.125373, 47.476182], [-107.125491, 47.476182], [-107.125491, 47.476071], [-107.125373, 47.476071], [-107.125373, 47.476182]]]}}
{"type": "Feature", "properties": { "height": 3.1180241107940674, "confidence": -1.0},"geometry": {"type": "Polygon","coordinates": [[[-107.26051372729519, 47.277692654290384], [-107.26031002731052, 47.27769637816794], [-107.26031161618423, 47.27773638323611], [-107.26027141223989, 47.27773711821136], [-107.26028549543845, 47.278091707261225], [-107.26052939936747, 47.2780872484411], [-107.26051372729519, 47.277692654290384]]]}}
{"type": "Feature", "properties": { "height": 3.7069735527038574, "confidence": -1.0},"geometry": {"type": "Polygon","coordinates": [[[-107.307709, 47.267145], [-107.307565, 47.2671], [-107.30748, 47.267225], [-107.307624, 47.26727], [-107.307709, 47.267145]]]}}
{"type": "Feature", "properties": { "height": 3.354459047317505, "confidence": -1.0},"geometry": {"type": "Polygon","coordinates": [[[-107.34263388911644, 47.27518670604095], [-107.34295570917426, 47.275189288682014], [-107.342957185061, 47.27510462955495], [-107.34263536473681, 47.27510206218956], [-107.34263388911644, 47.27518670604095]]]}}
{"type": "Feature", "properties": { "height": -1.0, "confidence": -1.0},"geometry": {"type": "Polygon","coordinates": [[[-107.484178, 47.50208], [-107.484178, 47.502111], [-107.484355, 47.502111], [-107.484355, 47.50208], [-107.484178, 47.50208]]]}}
{"type": "Feature", "properties": { "height": -1.0, "confidence": -1.0},"geometry": {"type": "Polygon","coordinates": [[[-107.55221593663637, 47.46560539632197], [-107.5522177322029, 47.46565795282693], [-107.55234104803608, 47.46565602739311], [-107.55233925246954, 47.465603470886215], [-107.55221593663637, 47.46560539632197]]]}}
